  20676*0 5.73955 318*0 6.39396 51358*0 5.63507 6.88421 318*0 5.93191 1896*0 10.6558 36372*0 9.62042 318*0 9.62625 9.56398 9.49194 0
  318*0 9.41628 9.39608 9.35592 315*0 9.44822 9.42287 9.38833 9.32484 9.24926 9.16756 292*0 10.3234 10.3166 10.269 10.233 10.1946
  10.1261 10.0895 2*0 9.7906 10*0 9.48926 9.45755 9.4205 9.37207 9.29647 8.79198 8.19114 7.9097 7.83409 288*0 10.3335 10.331 10.3272
  10.3167 10.2945 10.2518 10.1848 10.1343 10.0912 10.0437 9.91286 9.78886 9.77274 3*0 9.62403 9.57032 9.45941 9.40693 9.28499
  9.58181 9.33324 9.30634 9.41898 9.35111 8.85091 8.13253 7.97002 7.87404 7.80816 7.96202 289*0 10.3308 10.3202 10.3064 10.2608
  10.2041 10.1463 10.0945 10.0519 9.9291 9.79411 9.77086 9.73425 9.66663 9.64624 9.62023 9.53522 9.44073 9.34783 9.2869 9.36414
  9.31575 9.29492 9.24755 8.68847 8.41446 8.29385 8.03223 7.85298 8.18551 8.90547 8.2619 7.89368 280*0 10.3537 10.3459 10.3415
  10.3395 10.3384 10.3366 10.3343 10.3314 10.3231 10.3116 10.2731 10.2171 10.16 10.1031 10.0589 9.94865 9.80278 9.77143 9.73647
  9.66655 9.64586 9.60697 9.50211 9.40521 9.32091 9.25439 9.2482 9.29414 9.25286 8.49582 8.53261 8.33689 8.11476 7.59218 7.42454
  7.9277 8.4043 7.92626 7.84265 7.77571 278*0 10.4109 10.3855 10.3502 10.3447 10.3411 0 10.3373 10.3357 10.333 0 10.3158 10.2896
  9.70806 10.1713 10.1174 10.0669 9.97238 9.81358 9.77222 9.74633 9.66723 9.64069 9.57619 9.46315 9.36308 9.2798 9.21145 9.25443
  9.26163 9.22401 8.59257 8.12438 7.88886 7.39997 7.32698 7.87181 8.54663 8.70721 7.87394 7.79001 7.71946 7.66675 7.64157 277*0
  10.4223 10.3772 10.348 2*0 10.3381 10.3367 10.3342 2*0 10.3009 10.2518 10.202 10.1186 10.0799 9.99841 9.82943 9.77323 9.74426
  9.66817 9.61944 9.54515 9.42497 9.32057 9.2365 9.16485 9.08934 9.16001 8.85145 8.31753 7.99177 7.43523 7.70631 8.16195 8.22367
  8.70019 8.19233 7.82176 7.74442 7.6868 7.73578 8.62364 8.59611 275*0 10.5033 10.4762 10.4109 10.3682 0 10.3429 10.3391 10.3376
  10.3353 0 10.3261 10.3126 10.2704 10.2099 10.1529 10.0815 10.0201 9.8562 9.77448 9.74211 9.66467 9.60154 9.52388 9.39735 9.28564
  9.19896 9.12338 9.0451 8.84739 8.02583 7.86552 7.90049 7.67829 8.11484 7.79097 7.88476 8.33268 8.58478 7.77349 7.71045 7.44621
  7.13105 7.51185 8.47273 7.78849 273*0 10.517 10.5102 10.5045 10.4963 10.4069 10.3619 10.3455 10.3413 2*0 10.3344 10.3291 10.319
  10.2907 10.2294 10.1592 10.1059 10.0304 9.88735 9.77598 9.75279 9.66424 9.59181 9.51341 9.38025 9.26155 9.3116 8.55996 8.2625
  7.93344 7.45112 7.60863 7.92571 8.9722 8.93832 7.76029 8.34962 7.95401 7.6306 7.3409 7.54006 6.97143 7.06135 8.4134 7.08054
  6.65918 6.63637 6.22947 272*0 10.5198 10.5124 10.4969 10.4461 10.382 3*0 10.3372 10.3355 10.3321 10.3237 10.2956 10.2419 10.1795
  10.1056 10.0613 9.90001 9.77744 9.75862 9.66613 9.5863 9.50994 9.37266 8.67788 8.16922 7.89868 7.55991 6.98467 7.39833 7.55839
  8.32021 8.93926 8.28197 7.22715 7.51353 7.42136 7.37234 7.52367 8.69343 7.89799 6.997 6.42521 6.38711 6.63818 5.66845 5.63049
  6.56301 271*0 10.5328 6*0 10.3399 10.3358 10.3337 10.3302 10.3216 10.3013 10.2596 10.2051 10.1273 10.0464 9.8777 9.77796 9.76373
  9.67304 9.58243 9.51723 9.37321 8.29116 7.9077 7.86022 6.64913 6.96734 7.53991 7.92399 8.01386 8.25969 7.89102 7.64417 7.94321
  7.67975 7.72145 7.55746 7.90988 6.72369 4.76856 4.74189 4.71919 4.69003 4.65782 5.91131 5.88267 5.87077 276*0 10.3367 10.3402
  10.3355 10.3338 10.3302 10.3247 10.3127 10.2791 10.2245 10.1502 10.0808 9.94085 9.77722 9.7713 9.66809 9.57757 9.0305 9.3792
  8.44222 8.79357 7.94198 7.17638 7.72182 7.26356 7.62107 8.35149 8.07572 7.71213 7.58604 7.60722 7.3858 7.30668 7.01152 6.70955
  5.70846 4.70641 6.12768 5.48903 5.04227 4.61511 4.58902 5.58457 4.55068 4.53612 4.51552 273*0 10.3819 10.3627 10.3429 10.3381
  10.3354 10.3331 10.3278 10.3195 10.2978 10.2441 10.1671 10.0963 10.0231 9.8398 9.76736 9.72191 8.91266 8.41015 8.46457 8.35981
  7.80013 8.16157 8.05088 7.92439 7.4766 7.74103 8.28233 8.12483 7.92105 7.52268 7.39255 7.2193 7.12093 6.72721 5.94498 5.86834
  6.40785 6.24842 6.16279 6.24071 6.14067 6.08588 6.06163 5.52793 5.51691 5.98344 5.96761 272*0 10.5033 10.4291 10.3615 10.342
  10.3377 10.3349 10.3316 10.325 10.3132 10.2688 10.1929 10.1162 10.0545 9.88909 9.77464 9.26372 8.69221 8.73272 8.42583 8.23923
  8.54654 8.48873 8.40106 8.23612 7.8892 8.30515 8.16326 8.1495 7.7925 7.70059 7.29504 6.62475 6.63231 6.48401 6.56591 6.48126
  6.38841 6.3072 6.24165 6.1835 6.0816 6.04881 6.02495 5.99286 5.97398 5.96032 5.94301 5.9107 5.8771 269*0 10.5246 10.5141 10.4432
  10.4076 10.3543 10.3423 10.3367 10.3341 10.3297 10.3202 10.2964 10.2202 10.1398 10.312 10.314 9.88912 9.23112 9.11147 9.18202
  8.98019 8.69779 8.78091 8.47117 8.59745 8.15542 7.46684 7.70658 7.97189 7.9042 7.8071 7.64784 7.15119 6.85018 6.84468 7.01408
  6.84999 6.47281 6.51562 6.43459 6.2274 6.10762 6.04791 6.02456 5.99332 5.96177 5.94742 5.93517 5.85675 5.75831 5.84022 5.79988
  5.75481 267*0 10.5337 10.5252 10.5104 10.4777 10.3939 10.3444 10.3381 10.3356 10.3335 10.461 10.4239 10.3922 10.541 10.3853
  10.3252 9.71748 9.16559 9.31638 9.2016 8.90042 8.89064 8.71417 8.77612 8.65626 8.38356 8.11271 8.05646 8.01476 7.90734 7.69863
  7.44983 7.3134 7.22641 7.00272 7.07909 6.82304 6.90633 6.67838 6.33913 6.10709 6.07107 5.99864 5.96073 5.92365 5.83181 5.82805
  5.85247 5.65165 5.53959 5.7805 5.97888 5.95933 6.02127 7.08926 266*0 10.5376 10.5218 10.5059 10.4526 10.3541 10.3403 10.337
  10.3355 10.6373 10.5242 10.5963 10.4931 10.4112 9.65818 9.32022 9.1573 9.05449 8.97446 9.05376 8.88494 8.7645 8.58475 8.36957
  8.25431 8.2789 8.28902 8.23557 8.11463 7.54745 7.42826 7.284 7.05508 7.03667 7.06816 6.85876 6.89531 6.58296 6.08819 6.33779
  6.23605 5.94047 5.8815 5.7054 5.60961 5.60635 5.61294 5.53565 5.7922 5.71846 5.73535 5.84178 7.09584 7.05579 7.00559 264*0
  10.5623 10.551 10.5344 10.5176 10.4962 10.4037 10.3463 10.3397 10.3368 10.5388 10.5598 10.539 10.5013 10.1802 9.67684 9.41004
  9.23338 9.0953 9.04111 8.98036 8.8429 8.76422 8.55047 8.36512 8.36503 8.35168 8.21498 8.15798 8.08712 7.99954 7.84685 7.50512
  7.36913 7.05853 7.04399 6.98549 7.03215 6.56979 6.52016 6.36705 5.94685 5.87222 5.75178 5.63471 5.58904 5.55276 5.5844 5.69374
  5.70651 5.7127 5.64491 7.12597 7.07977 7.03711 6.98381 6.94616 260*0 10.7547 10.6954 10.6117 10.5698 10.5612 10.5481 10.5304
  10.4792 10.4325 10.3757 10.343 10.4255 10.5515 10.5863 10.5569 10.5228 9.97441 9.52635 9.43804 9.356 9.2625 9.10884 8.92734
  8.75902 8.66251 8.43327 8.34539 8.45656 8.35427 8.22057 8.15522 8.08666 7.91959 7.37099 7.53968 7.69492 7.88634 7.83398 7.72353
  7.79037 7.65547 7.48623 7.12844 6.8659 6.82633 6.40451 5.61331 5.57506 5.56397 5.53635 5.61153 6.39623 6.34224 6.0492 6.53952
  6.48626 7.03313 6.99233 6.93918 6.92281 258*0 10.8188 10.7932 10.9631 10.9172 10.609 10.5687 10.5595 10.5445 10.5256 10.5073
  10.4028 10.3486 10.3393 10.6017 10.5987 10.3287 9.82275 9.5771 9.54646 9.46807 9.36857 9.25344 9.06605 8.88625 8.82257 8.80421
  8.68796 8.7363 8.45198 8.36485 8.50421 8.37041 7.93871 7.54373 7.12029 7.72198 7.70688 8.18873 7.85978 7.62514 7.52509 7.40153
  7.13439 6.95772 6.54465 6.46093 6.40506 6.35786 6.34008 6.34563 6.33317 6.88876 7.24575 7.36872 7.1727 7.15152 6.16623 6.46268
  6.64536 6.94101 6.91859 6.91604 255*0 10.876 11.176 11.003 11.0988 11.0825 11.0331 10.8251 10.6046 10.5675 10.7233 10.5363 10.4606
  10.4183 10.571 10.645 10.612 10.3714 9.61315 9.50473 9.64297 9.64209 9.53157 9.41187 9.42763 9.01908 8.8342 9.00544 9.01618
  8.87678 8.88303 8.52932 8.52799 8.53741 8.26334 8.28454 8.16545 7.98508 7.80911 8.26514 8.18183 7.97259 7.52377 7.09309 6.93208
  6.83492 6.59852 6.49859 6.50895 6.3596 6.32112 6.30215 6.28476 6.42137 6.57304 7.80524 7.37358 6.9878 7.15276 7.67875 8.015
  7.98814 6.93454 6.91588 6.91571 6.92606 253*0 11.7061 11.2601 11.257 11.2679 11.2132 11.1731 11.1545 11.0428 10.6778 10.7614
  10.9238 10.8632 10.5557 10.7043 10.7344 10.6912 10.4496 10.1195 10.0866 9.99704 10.0521 10.3857 10.2193 9.55234 9.25727 9.14898
  9.1394 9.1308 9.0296 8.89762 9.26551 8.76315 8.67432 8.69121 8.59084 8.58499 8.35989 8.34806 8.08882 8.16848 8.01565 7.66964
  7.42649 7.29652 6.85801 6.5761 6.48683 6.53244 6.39928 6.34626 6.4673 6.29684 6.31741 6.36636 6.29996 6.41198 6.64906 7.31574
  7.72404 8.06006 8.02287 7.99099 7.96508 7.93659 7.9077 6.93177 251*0 11.8838 11.862 11.5512 11.4574 11.3839 11.3817 11.1771
  11.2152 11.2328 10.9657 10.6528 10.6085 10.7388 10.7956 10.7847 10.6965 10.5721 10.6532 10.6815 10.811 10.6979 10.0943 10.0646
  10.3388 10.2603 9.68625 9.74715 9.40485 9.2691 9.15143 9.03512 9.06333 8.947 8.75697 8.75862 8.68437 8.47144 8.4451 8.45888
  8.29277 8.23919 8.11828 7.89428 7.37938 7.04169 6.94084 6.59047 6.51528 6.58523 6.52602 6.46912 6.42447 6.40916 6.24435 6.23579
  6.22707 6.32697 6.40409 8.13553 8.12678 8.10691 8.07144 8.03659 8.01113 7.98465 7.95677 7.91238 7.88481 7.86198 7.13818 248*0
  11.9393 11.9291 11.9364 11.9414 11.7357 11.4915 11.4866 11.2033 10.6414 10.7063 10.7367 10.9558 10.8842 10.963 10.8805 10.8281
  10.6507 10.6215 10.3239 10.6949 10.3588 10.3947 10.6014 10.5324 10.4072 10.2722 9.45947 9.53504 9.44094 9.30279 9.17891 9.04653
  8.94558 8.8161 8.76959 8.56999 8.603 8.45419 8.56758 8.42148 8.39068 8.27395 8.14367 7.70971 7.38702 7.17053 7.23568 6.63444
  6.5811 6.51606 6.47622 6.44903 6.64713 6.83502 6.46305 6.64119 6.46173 6.42526 7.24623 8.13093 8.12281 8.10893 8.07914 8.05317
  8.02792 7.12515 7.43665 7.93123 7.89732 7.86987 7.31053 7.3746 7.81289 6.86453 244*0 11.9429 11.9455 11.9466 11.9482 11.9855
  11.4611 11.4521 11.414 11.0371 10.9461 10.7189 11.0278 11.11 11.0841 11.0449 10.9944 10.9324 10.6568 10.2547 10.1522 10.2215
  10.0571 10.4367 10.5625 10.5267 10.4573 9.85466 9.28034 9.55178 9.46661 9.33857 9.19619 9.06685 8.7639 8.7694 8.70775 8.40645
  8.74969 8.71945 8.72142 8.65992 8.19584 8.18853 8.25024 7.7796 7.75357 7.64739 7.19561 6.60503 6.53621 6.47924 6.44628 6.42489
  6.41435 7.25887 6.58 6.30201 6.2454 6.91253 8.13565 8.12674 7.47436 7.23923 7.71613 7.05165 6.73325 6.65117 7.1162 7.95272 7.91457
  7.88528 7.86049 7.8417 7.258 5.59143 5.61838 5.74937 5.85098 241*0 11.9685 3*0 12.0847 2*0 11.2882 11.2156 11.1738 11.2424 11.1576
  11.1351 11.1087 11.0858 10.8723 10.402 10.3133 10.2722 10.2922 10.1714 10.1002 10.464 10.2266 10.0972 10.084 9.65648 9.61794
  9.50462 9.4555 9.23617 9.00449 8.8423 8.88078 8.89429 8.78286 8.73359 8.35233 8.04091 8.2678 8.03786 8.3667 8.13752 7.79711 7.9332
  8.09308 7.42327 6.97298 6.5768 6.39706 6.59941 7.29604 7.2701 7.26231 6.89167 6.63185 6.33759 6.46395 6.79143 7.30562 7.24097
  7.11114 7.04335 6.65507 6.87032 7.44203 7.24676 8.00612 7.97572 7.93824 7.90709 7.88138 7.8561 7.84486 5.58859 5.61366 5.68027
  5.86572 5.90387 5.91222 245*0 10.7217 11.2628 11.2324 11.2044 11.1701 11.1315 11.112 11.0488 11.0005 10.7178 10.3034 10.1817
  10.4323 10.3397 10.0756 9.95097 9.97262 9.73624 9.75288 9.78876 9.67885 9.50863 9.3783 9.44203 9.30416 8.57024 8.57866 8.56626
  8.63818 8.76828 8.58972 8.47816 8.23436 8.01167 8.39024 8.05548 7.99032 8.0808 8.1503 8.00654 6.8794 6.32504 6.21742 6.50921
  6.37364 6.34641 6.61449 6.51224 6.87907 6.45407 6.57244 6.5426 6.88815 7.05623 7.04614 6.81289 6.66375 7.11765 7.70404 7.27025
  7.12395 7.40812 7.53794 7.96193 7.93117 2*0 5.49222 5.56752 5.62162 5.65928 5.84283 5.93059 5.95214 5.99278 6.05861 243*0 10.7034
  11.1688 11.2934 11.2006 11.1669 11.1164 11.0746 11.0415 10.8399 10.3586 10.1084 9.80395 10.0353 9.94438 10.0183 9.97831 9.69873
  9.76901 9.65807 9.60962 9.46702 9.34622 9.30868 9.18797 9.00976 8.80145 8.67639 8.68525 8.43116 8.19457 7.97268 8.00125 7.42493
  7.12864 7.41252 7.29305 6.99307 7.01945 7.95524 7.58259 7.44604 7.11794 6.41737 6.24197 6.68277 6.26518 5.40085 5.78702 6.33615
  6.40098 6.30914 6.49802 6.84926 7.02481 6.5823 6.48402 7.0405 7.22008 6.76644 6.79132 7.12779 7.11241 6.99033 6.17378 0 6.17209
  5.49213 5.49273 5.53387 5.62177 5.66752 5.79235 5.95565 5.97615 6.00459 6.07795 6.19458 239*0 10.7491 10.7348 10.7105 10.6937
  11.1102 10.9147 11.1507 11.2205 11.147 10.5342 10.1914 10.0133 10.2356 10.0891 9.96197 10.0323 9.93353 9.83283 9.86444 9.83612
  9.79688 9.64853 9.57789 9.52304 9.44191 9.30073 9.16061 9.0361 8.87982 8.72538 8.60988 8.1991 8.33328 8.23044 8.18553 7.45975
  6.89335 7.52894 7.25106 6.24013 6.61448 6.77385 6.897 5.88731 5.42809 6.13417 7.21654 6.58527 6.09107 5.34593 5.50066 5.97726
  5.9494 6.25029 6.53885 7.01651 6.68803 6.47224 6.68808 6.83333 6.65898 6.77489 7.09229 7.12174 7.11579 6.70382 6.16817 5.96944
  5.44921 5.50554 5.50113 5.5149 5.60672 5.66913 5.74546 5.89671 6.00207 6.02937 6.07372 6.16895 239*0 10.8112 10.8042 10.7736
  10.7384 10.7295 11.0896 11.2187 11.2716 10.6185 10.213 10.1072 10.007 9.92204 10.0019 10.0435 10.2813 10.1719 9.95303 9.63267
  9.87228 9.77713 9.61788 9.5051 9.43567 9.32549 9.18105 8.97042 8.71033 8.52534 8.43345 8.26473 8.0424 7.89283 8.28509 8.01889
  7.60288 7.02469 7.17272 7.18923 6.08335 7.05771 7.07079 6.32313 6.42041 5.31389 5.24962 5.23935 5.3091 5.41351 4.30646 4.27967
  5.27294 5.25856 5.33325 5.58782 6.5362 6.46132 6.4633 6.6807 6.7259 6.85251 7.01065 7.04345 6.9556 6.79 6.17583 5.89497 5.36485
  5.41586 5.50198 5.50052 5.495 5.56986 5.62062 5.67546 5.89531 6.0003 240*0 10.9085 10.887 10.7833 10.7594 10.7326 10.7108 10.6872
  10.877 11.1646 10.8192 10.399 10.2524 10.1028 10.0112 9.90381 9.83573 9.74517 10.041 10.0495 9.96224 9.93686 9.87304 9.79581
  9.72962 9.58437 9.14746 9.06589 8.91092 8.59462 8.61747 8.42644 8.23634 8.10999 8.14959 7.82118 7.40115 7.381 7.48601 6.58787
  6.03979 5.98488 5.96332 5.59967 6.22679 6.46658 6.26872 6.3396 4.24667 5.29248 5.65373 5.15966 4.20803 4.19594 4.21045 4.20888
  4.87751 5.21662 5.38809 6.74956 6.53741 6.99179 6.99294 6.98747 6.97325 6.64816 7.05488 6.42287 5.97083 5.62121 5.3349 5.34599
  5.41393 5.48222 5.47732 5.47419 243*0 10.9162 10.8857 10.8263 10.7464 10.7244 10.7025 10.6773 10.6504 10.5801 10.4578 10.4145
  10.3444 10.271 10.1345 10.0059 9.90923 9.80357 10.1718 10.0155 10.0358 9.98843 9.93229 9.87989 9.81634 9.73352 9.37766 9.14776
  8.94711 8.95852 8.68025 8.51443 8.43378 8.17409 8.0602 8.19707 8.29289 7.73859 7.50619 7.42713 7.36848 6.92181 6.12053 6.05565
  5.75609 5.41432 5.46344 5.2095 4.66438 5.01517 5.75845 5.04812 4.15288 4.12815 4.09052 4.3381 4.33832 4.92665 4.8682 4.7763 5.4545
  5.60028 5.60833 5.84485 5.84763 4.78188 5.88949 5.99926 5.35562 5.33328 5.31338 5.28582 2*0 5.44787 244*0 10.9396 10.9109 10.8729
  10.8343 10.7706 10.6913 11.1644 10.9518 10.7463 10.9071 10.586 10.3758 10.2995 10.2574 10.1424 9.98708 10.1293 10.3029 10.1087
  10.2907 10.1663 10.1121 10.0395 9.96679 9.83252 9.63913 9.34503 9.36393 9.3448 9.10205 8.67357 8.44755 8.34973 8.47703 8.16805
  8.01877 7.94053 7.60461 7.35258 7.38651 6.44292 6.18641 6.29179 6.14808 5.71523 5.32627 5.1044 5.06872 5.93679 5.25118 4.2582
  4.32708 4.01881 4.02272 4.41273 4.89676 4.3749 4.73415 5.0199 4.78238 5.02905 4.83573 4.17176 4.69938 4.71896 4.75286 4.78594
  4.59551 4.5622 4.34019 4.3522 249*0 10.8962 10.8584 10.8344 10.6922 11.4056 11.3259 11.2817 10.7146 10.512 10.4223 10.3552 10.2886
  10.2169 10.1366 10.1555 10.3093 10.1088 10.4292 10.3997 10.2077 10.1087 10.0472 9.77994 9.70866 9.43748 9.3048 9.2402 9.29728
  8.82157 8.71385 8.41251 8.49794 8.32139 8.11007 7.79661 7.66113 7.26587 7.37289 7.0068 6.89846 6.38347 6.60137 6.67003 6.74638
  5.81988 5.849 5.6201 5.91647 5.46271 5.40229 4.51178 3.51138 4.96594 4.71016 4.02985 4.28031 4.99916 5.16052 4.91027 5.04083
  4.82893 4.36645 4.09233 3.54537 4.71803 3*0 4.30912 4.33117 247*0 10.7474 10.7268 10.709 10.6171 11.4257 11.6309 11.4358 11.3298
  11.0322 10.7724 10.493 10.4367 10.3449 10.2781 10.1869 10.2824 10.5309 10.1188 10.3851 10.5331 10.7489 10.3772 9.94987 9.83374
  9.62364 9.55908 9.49693 9.39652 9.27452 9.20601 8.80746 9.05431 8.77062 8.51614 8.13601 7.63813 7.17773 7.34878 7.30953 7.57392
  7.2374 6.53658 6.36206 6.35333 6.17979 6.0115 5.43398 5.80194 5.00777 5.53767 5.33958 4.88792 4.9618 5.69035 4.48805 2.79093
  2.78603 2.84535 2.96032 3.13255 3.86497 4.07965 3.54207 3.96127 4.01714 0 4.30337 4.67194 250*0 10.7979 10.7701 10.6946 10.672
  10.6744 10.9605 11.0979 11.3536 11.3375 10.8142 10.528 10.4796 10.4264 10.3632 10.2668 10.548 10.3241 10.0901 10.2224 10.3809
  10.5417 10.6063 10.3849 9.96548 9.83549 9.71827 9.59434 9.51672 9.4626 9.32062 9.1149 8.96043 8.69683 8.57191 8.26829 8.19419
  7.93117 7.67268 7.92069 7.84716 7.92695 7.56933 7.3647 6.98188 6.12751 6.44681 5.80401 5.98195 5.70671 5.30867 5.67031 5.26309
  4.79279 4.66027 3.82422 2.73273 2.72598 2.72603 2.77782 3.31785 3.72639 3.80482 3.51199 3.49426 3.91442 3.76058 3.42305 0 3.74057
  3.754 249*0 10.6622 10.6664 10.6532 10.6501 10.6982 10.6553 11.0142 11.1041 10.8128 10.5357 10.5014 10.7942 10.5992 10.5487
  10.6336 10.7461 10.4747 10.4809 10.5372 10.5003 10.514 10.6979 10.1965 9.98536 9.88546 9.76014 9.63932 9.52015 9.4114 9.4117
  9.28294 9.12618 8.87971 8.89302 8.70804 8.58714 8.05124 8.14326 7.86887 7.76626 7.58609 7.32827 7.13842 6.49711 6.24995 5.86444
  5.87997 5.51282 5.90934 6.19155 6.09212 5.28217 4.18173 4.07628 2.67616 2.6735 2.67447 2.6747 2.72817 2.80929 3.44246 3.10711
  3.16538 3.19711 3.2516 3.32981 3.41556 3.63353 3.70498 3.73207 3.74911 248*0 10.6385 10.649 10.6858 10.6854 10.6524 10.625 10.5866
  10.5551 10.5353 11.0384 11.0215 11.0258 11.0065 10.912 10.8263 10.7028 10.6361 10.5838 10.5178 10.6658 10.5791 10.4696 10.4845
  10.1424 10.0918 9.89202 9.84123 9.60953 9.60363 9.55143 9.36773 9.13677 9.06067 8.74118 8.44836 8.25843 8.02947 8.03222 7.90798
  7.83427 7.64669 7.26361 6.91258 6.43751 6.48535 6.31418 5.20142 5.53012 6.0663 5.98099 4.78008 4.16635 3.47123 2.62314 2.62734
  2.6301 2.62677 2.63198 2.69242 2.78071 2.94142 3.06885 3.1246 3.14936 3.19499 0 3.3906 3.60444 3.67774 249*0 10.6521 10.6254
  10.6234 10.6486 10.6224 10.5833 10.5861 10.5473 11.133 10.9492 11.027 10.7627 10.7646 10.6498 10.8523 10.8087 10.7507 10.6477
  10.5655 10.6595 10.6301 10.6361 10.4671 10.2657 10.2972 10.173 10.2117 10.1219 9.92673 9.75129 9.62223 9.45514 9.27395 8.83049
  8.57475 8.3856 8.1943 8.04288 7.98327 7.98917 7.77748 7.56443 7.35389 6.95272 7.21705 6.85649 5.12008 5.66174 5.65024 5.26898
  4.03535 3.48926 3.38401 3.17701 2.58231 2.58524 2.58643 2.5818 2.60118 2.67209 2.78659 2.95685 3.04705 3.09432 3.12187 3.19797
  3.24361 252*0 10.5678 10.574 10.5678 10.5873 10.5921 10.5709 10.5442 10.7355 11.0911 10.8135 10.4319 10.3997 10.5548 11.0297
  10.8395 10.8541 10.84 10.7948 10.8122 10.747 10.9277 10.786 10.4618 10.5802 10.4362 10.3387 10.1952 10.1129 10.0306 9.8766 9.69924
  9.41307 9.08316 8.92471 8.75123 8.50263 8.28001 8.4392 8.1472 8.05089 7.64376 7.65915 7.03782 6.60265 6.21051 5.13819 5.51872
  4.89692 4.71586 4.14111 3.63029 3.48217 3.15888 2.53555 2.54158 2.54373 2.54523 2.54617 2.59853 2.67828 2.82901 2.97507 3.03746
  3.06905 3.11832 3.1934 3.23773 252*0 10.5249 10.5199 10.5123 10.5516 10.547 10.5192 10.4988 10.6345 10.8692 10.4113 10.38 10.3542
  10.8604 11.2256 11.0198 11.3024 11.2184 11.1229 11.219 11.1034 10.9281 10.8932 10.6124 10.7221 10.6698 10.3532 10.276 10.2447
  10.1238 9.97123 9.70308 9.35808 9.27313 9.11713 8.78986 8.90818 8.36511 8.28402 8.10657 7.90302 7.49617 7.36218 6.41336 6.18744
  6.22716 6.07278 5.10407 4.98447 4.35678 3.78486 3.59951 3.2158 2.51544 2.51158 2.51378 2.51445 2.52057 2.55503 2.62301 2.74478
  2.90017 2.97933 3.02886 3.04136 255*0 10.4654 10.5031 10.5263 10.5025 10.4818 10.4652 10.4508 10.4285 10.3982 10.3703 10.5907
  10.8252 11.0186 11.3354 11.2367 11.2728 11.0553 10.9764 11.3523 11.3809 11.0826 10.8837 10.8983 10.7418 10.6601 10.6088 10.7172
  10.3221 10.2873 10.1381 9.84066 9.70348 9.75486 9.6514 9.14558 8.60606 8.33704 8.21565 8.40086 7.81963 8.3301 7.07314 7.33905
  6.84514 6.63676 6.31142 5.13544 5.87388 4.92649 3.8233 3.61014 3.58875 3.21155 3*0 2.57188 2.58627 2.71223 2.82728 2.92677 101*0
  157*0 10.4303 10.469 10.4566 10.4388 10.4344 10.4182 10.4014 10.3802 10.8447 10.6008 11.1378 11.2539 11.3122 11.4787 11.1893
  11.4438 11.0999 11.387 11.2544 10.995 10.5952 11.0767 10.6759 10.7435 10.7323 10.7689 10.7414 10.5313 10.4413 10.3309 10.2768
  10.2881 10.0246 10.0372 9.33811 8.63018 8.39302 8.06529 7.94224 8.4575 8.38564 7.88789 7.26368 6.95473 6.67748 6.51429 6.00889
  5.08005 4.97896 4.00027 3.87804 4.7147 4.68237 266*0 10.4382 10.4298 10.4178 10.4044 10.3906 10.3758 10.3518 10.5939 10.6793
  10.8634 11.133 11.2269 11.3127 11.5309 11.2446 11.0086 11.1003 11.2289 10.7485 10.4788 10.6128 10.0625 10.3072 10.8252 11.2416
  11.2194 10.6873 10.695 10.5458 10.2286 10.2794 10.3909 10.3883 10.1973 9.88462 9.03098 8.60882 8.10342 8.47154 8.65589 6.81494
  6.97997 6.86263 7.24149 7.42054 7.25745 7.05997 2*0 4.94105 4.9123 267*0 10.399 10.4084 10.3833 10.3697 10.3567 10.3449 10.3344
  10.323 10.2924 10.2834 11.0931 10.774 11.0689 11.6302 11.3307 11.1928 10.624 10.7997 10.494 10.3937 10.216 9.78969 10.4886 10.4338
  10.7964 10.7284 10.8666 10.7011 10.3993 10.2747 10.309 10.3366 10.026 10.1491 10.069 9.45024 9.28247 8.57281 8.80668 7.99182
  7.31169 6.86578 3*0 7.79638 7.72601 271*0 10.2396 10.3115 10.2901 10.2359 10.2499 10.2847 10.2924 10.2931 10.2886 10.3347 10.2704
  10.3087 10.2723 11.0967 11.1115 10.9523 10.3766 10.3226 10.0363 10.103 10.086 10.1099 10.4165 10.4317 11.0158 11.0869 10.899
  10.4607 10.445 10.1137 10.217 10.1158 10.3154 10.8424 10.3609 10.234 9.53587 9.48992 9.05246 9.134 8.90857 277*0 10.167 10.192
  10.1985 10.2418 10.2625 10.2866 10.2937 10.2874 10.2678 10.2975 10.2551 10.2537 10.3674 10.9171 10.9481 10.6855 10.1702 10.1093
  10.2142 10.1261 10.0788 10.0387 10.3779 10.7231 11.6838 11.5594 11.1272 10.2811 10.1025 9.83146 9.31566 9.67357 10.0701 10.3454
  10.9555 11.1385 10.8916 9.76956 9.52552 9.3872 9.40931 9.03655 276*0 10.0944 10.1185 10.1301 10.2184 10.2119 10.2382 10.3121
  10.3265 10.3363 10.3466 10.3521 10.2324 10.254 10.7649 10.2976 10.2817 10.1558 10.1298 10.4116 10.3074 11.0238 10.1093 10.0066
  11.0621 11.2254 12.0818 10.9353 10.4494 10.7187 10.6848 10.2485 9.96377 9.10003 9.17509 9.84018 10.8641 11.1762 10.9007 10.3237
  10.1751 9.73858 9.47726 276*0 10.044 10.0699 10.067 10.1273 10.1433 10.1419 10.194 10.2754 10.2932 10.3064 10.3074 10.3099 10.2151
  10.3018 10.3751 10.3066 10.1853 10.1512 10.1068 10.3576 11.1452 11.1228 10.9107 11.0798 11.2145 11.3127 11.1417 10.9338 10.528
  10.6877 10.6351 9.72993 9.13616 9.58559 9.93122 11.4588 11.1835 10.9739 10.8609 10.4538 10.2476 280*0 10.0088 10.1118 10.0191
  9.99965 10.1515 10.2343 10.2506 10.2582 10.2627 10.3983 10.5856 10.5708 10.3675 10.3642 10.2999 10.2115 10.1067 10.0942 10.4316
  11.0074 10.9094 11.2948 11.2204 11.203 11.2817 11.1017 11.238 11.1408 10.636 9.42266 10.1006 10.0479 11.0053 11.4008 10.9277
  10.7221 10.3596 9.54713 9.45044 280*0 10.1231 10.1144 10.1065 10.0998 10.1627 10.1982 10.2077 10.2117 10.2164 10.2196 10.4907
  10.5279 10.5077 10.4561 10.4442 10.1696 10.139 10.1273 10.1339 10.7039 11.1996 11.8117 11.2156 11.3319 10.693 11.352 10.5738
  9.64429 10.797 10.9309 10.4924 10.9217 12.1177 11.655 11.0508 10.8296 10.2535 9.55113 9.42863 281*0 10.0755 10.081 10.0923 10.1243
  10.14 10.1555 10.1535 10.1647 10.4089 10.8256 10.5265 10.4653 10.5179 10.6589 10.243 10.1958 10.3968 10.7491 10.9165 10.8589
  12.402 10.5723 11.5275 9.81737 2*0 11.4741 10.4394 11.4037 12.7307 12.653 12.4234 11.7283 11.359 11.2849 10.4877 9.55794 9.42258 0
  280*0 10.0395 10.0052 10.018 10.0555 10.0823 10.1112 0 10.8777 10.8604 10.6046 10.4269 10.4067 2*0 10.2638 10.6025 10.877 10.1109
  10.0952 10.9732 11.6129 9*0 12.5635 12.4074 10.3295 10.0055 2*0 9.61649 280*0 9.96047 9.95443 9.93932 9.96868 0 10.0318 4*0
  10.0846 10.2939 10.4837 10.6582 10.6429 10.6279 10.5391 10.4605 10.3431 10.1277 10.5245 11.1902 10.0379 295*0 9.93375 9.93344
  9.92763 9.91424 9.91647 9.90849 9.92743 2*0 10.7959 10.781 10.7834 10.009 10.7039 10.6366 10.5983 10.5855 10.5446 10.4418 10.2157
  10.0996 10.0407 10.0238 9.99997 292*0 9.94026 9.92565 9.91385 9.90422 9.89773 9.8921 9.86552 9.85526 9.87282 10.1566 10.8071
  10.7854 10.765 10.7512 10.7391 10.7309 10.6889 10.615 10.5595 10.5456 10.5134 10.4328 10.2087 10.073 10.006 9.97416 295*0 9.87775
  9.87705 9.87139 0 10.3145 9.82167 10.8142 10.8189 10.7951 10.7722 10.737 10.7095 10.6884 10.6728 10.6426 10.5699 10.5214 10.5033
  10.4719 10.3994 10.1254 10.0354 9.94629 9.91746 9.92124 9.90454 297*0 10.7815 10.8282 10.819 10.7984 10.7862 10.7236 10.7006
  10.6685 10.6436 10.6181 10.5891 10.5319 10.4707 10.4459 2*0 10.1343 9.97746 9.89884 9.88885 299*0 10.7809 10.7878 10.7812 10.7662
  10.7327 10.6937 10.6606 10.6255 10.5952 10.5652 10.5344 10.4766 10.4096 10.3807 10.3576 10.3006 10.0966 0 11.7343 11.7554 298*0
  10.6765 10.7247 10.7401 10.7493 10.7357 0 10.6494 10.6126 10.5723 10.5389 10.5072 10.4766 10.4182 4*0 11.6381 11.6785 0 11.7248 0
  294*0 10.5887 10.6146 10.6415 10.6523 10.672 10.6865 10.6776 10.6434 10.6249 10.598 10.5567 10.5147 10.4673 10.4446 3*0 10.2907 0
  11.6134 11.6356 9.90998 9.85431 9.85386 199*0 10.3313 4*0 10.272 10.2108 10.1638 87*0 10.5341 10.5624 10.5764 10.6085 5*0 10.5741
  10.5367 10.4938 10.4533 10.4269 3*0 10.2885 10.2934 10.2755 10.9195 10.0611 9.926 9.87006 9.86694 9.86646 9.85311 196*0 10.3335 0
  0 10.1638 10.316 10.2626 10.2267 10.1812 10.1638 87*0 10.4822 10.5468 5*0 10.5412 10.5302 10.5084 10.459 2*0 10.3944 2*0 10.2983
  10.2784 10.2852 10.2665 10.1933 10.0421 9.91955 9.85742 9.86023 9.86083 9.84841 196*0 10.3367 10.3348 10.2983 10.273 10.2894
  10.1941 3*10.1638 93*0 10.4983 10.512 5*0 10.3772 10.3652 10.3308 10.2856 10.2594 10.2609 11.486 11.5277 9.98629 9.89437 9.8506 0
  196*0 10.3476 10.3408 10.2799 10.2789 10.2611 10.2596 10.245 10.2162 10.1832 10.1638 97*0 10.9663 2*0 10.3742 10.3684 10.3476
  10.3063 10.2603 10.2449 10.2455 10.221 10.2107 199*0 10.5008 10.4425 10.2853 10.2519 10.2508 10.25 10.2487 10.2472 10.2597 10.2408
  32*0 9.44815 9.44018 62*0 10.5369 4*0 10.3724 10.3522 10.3337 10.2728 10.2402 10.2371 201*0 10.5588 10.5213 10.5092 10.2058
  10.2543 10.2641 10.2506 10.2497 10.2484 10.2876 10.3218 10.3114 307*0 10.5609 10.5456 2*10.1638 10.3075 10.3435 10.2951 10.3374
  10.335 10.3311 10.2981 10.2816 19*0 9.6202 6*0 9.45981 9.43924 9.4067 9.38427 9.38043 278*0 10.2577 10.4282 10.4405 10.3563 10.342
  10.3386 22*0 9.59885 9.58866 6*0 9.41162 9.41161 0 9.35438 278*0 10.4488 10.559 10.5304 10.4979 10.4177 10.3473 10.3407 29*0
  9.39006 9.37761 9.35428 279*0 10.803 10.6876 10.5826 10.5461 10.5145 30*0 9.39583 9.381 9.36416 9.33643 280*0 10.8278 10.7753 2*0
  1632*0 9.07506 9.06106 9.0482 315*0 9.0895 9.07133 9.05715 9.03832 314*0 9.10148 9.0911 9.07218 9.04952 9.03257 313*0 9.12541
  9.11222 9.09297 9.07804 314*0 9.1455 9.13151 9.11619 9.10017 315*0 9.14433 9.13712 9.12401 3094*0 17.8809 17.9672 18.1553 18.1829
  18.2185 312*0 17.8806 17.9569 18.1118 18.1937 18.2305 18.261 18.2839 18.2802 310*0 17.8945 18.0072 18.161 18.2196 18.2596 18.2894
  18.306 18.3281 18.3167 310*0 18.1237 18.1971 18.2417 18.2777 2*0 18.3607 18.4392 311*0 18.175 18.2143 18.2559 18.2848 313*0
  17.887 18.0394 18.1109 18.1578 18.2084 18.3473 18.45 14*0 16.9087 0 16.8204 294*0 17.7112 17.8844 17.9989 18.059 18.1004 16*0
  16.9386 16.8843 16.8367 16.8324 4*0 15.9993 15.9576 285*0 17.4302 17.4625 2*0 17.9017 17.9692 18.0122 18.0433 14*0 17.0646 17.0487
  17.006 16.9133 16.826 16.7876 0 16.7244 16.6512 16.4634 16.0737 15.9389 15.8961 280*0 17.0232 17.0927 0 17.3285 17.3818 17.5097
  17.5459 17.7667 17.8724 17.932 17.9739 18.2416 11*0 17.1679 17.1626 17.1521 17.1099 17.0489 16.9987 16.9565 16.8589 16.7614
  16.7303 16.7094 16.641 16.542 16.2931 15.9359 15.878 280*0 16.9832 17.0868 0 17.3011 17.356 17.4503 17.5501 17.766 17.8404 17.8895
  18.0069 13*0 17.135 17.123 17.1131 17.0822 17.0103 16.9453 16.8974 16.8154 16.7239 16.6766 16.651 16.5467 16.4359 282*0 16.9692
  17.0619 17.1477 17.2257 17.3231 17.4115 17.5037 0 17.8171 13*0 17.1995 17.1967 17.1584 17.1248 17.0819 17.0654 17.0378 16.9535
  16.8926 16.858 16.7521 16.6665 16.622 16.5647 16.4641 281*0 16.863 16.9422 17.0284 17.1324 17.2068 17.3163 17.3755 15*0 17.1892
  17.1939 17.1912 17.1821 17.1585 17.096 17.0426 17.0217 16.9843 16.9229 16.8653 2*0 16.5924 16.573 16.4608 282*0 16.918 16.9981 2*0
  18*0 17.1948 17.189 17.1788 17.1615 0 17.0649 17.0007 16.9853 16.972 3*0 16.5936 283*0 16.8306 16.8574 25*0 17.1232 17.0983
  17.0366 16.9753 16.9629 286*0 16.6222 27*0 17.1298 17.102 17.0684 23*0 9.36243 9.35997 9.36315 9.36777 9.37972 9.38789 299*0
  12.6047 8*0 9.38134 9.37866 9.37886 2*0 9.37364 9.37469 9.38125 9.38971 9.39854 9.40507 9.41726 298*0 12.5957 8*0 9.39563 9.39436
  2*0 9.40522 9.40407 9.40687 9.41397 9.42118 9.42823 9.43148 9.43721 296*0 12.7583 12.6702 12.5925 12.5386 9.43882 10.4527 6*0
  9.43294 9.4285 9.42731 9.42656 9.43377 9.44489 9.44141 9.45421 9.45014 297*0 12.8459 2*0 12.6005 10.8129 10.6892 6*0 9.47871
  9.47297 9.46832 9.45923 9.45968 9.47152 9.47965 259*0 13.1126 44*0 10.448 10.4524 3*0 9.4918 9.47956 9.5061 9.51954 9.52296
  9.51238 9.50521 9.5038 9.5122 9.5201 0 9.52266 9.51639 297*0 9.51511 9.51627 6*0 9.50472 9.50754 2*0 9.55362 9.55413 9.56045
  9.55053 9.5489 9.55269 9.55633 9.55615 9.55713 9.56372 296*0 9.53427 12*0 9.60193 9.59935 9.59536 9.59312 9.59325 9.59351 9.59346
  9.5937 9.59573 9.58905 295*0 9.55619 13*0 9.63055 9.62864 9.63216 9.6343 9.63563 9.63009 9.63043 9.62997 9.63359 310*0 9.6488
  9.65865 9.66399 9.6667 9.66288 9.66953 0 9.65382 263*0 9.67241 9.67275 9.43985 47*0 9.68987 269*0 9.67942 9.678 4*0 9.54268
  9.56388 9.57915 309*0 9.68505 9.68301 9.68144 9.6805 9.50073 9.51476 9.54525 9.56728 9.58751 16*0 9.73207 293*0 9.68831 9.68759
  9.68724 9.68604 2*0 9.58347 9.59001 17*0 9.75249 291*0 9.69184 9.69207 9.69265 9.6935 9.6963 2*0 9.69005 16.1617 12.0893 309*0
  9.69513 9.69571 9.69823 9.70211 9.70895 9.71153 4*0 13.5902 13.9861 306*0 9.69543 9.69732 9.6998 9.70519 9.71324 9.7164 312*0
  9.69586 9.69769 9.70011 9.70361 9.71065 313*0 9.69402 9.6973 9.70061 9.70251 9.70655 9.71315 632*0 9.7047 9.70638 315*0 9.69501
  9.70237 9.70737 9.71294 9.71407 9.71566 312*0 9.6901 9.69843 9.708 9.71416 9.71678 9.71812 312*0 9.67908 9.68789 9.70234 9.71337
  9.71889 315*0 9.69067 9.70767 11688*0 10.3173 319*0 10.2901 0 10.1634 10.1317 318*0 10.1394 634*0 9.18981 9.11627 9.03379 316*0
  9.1874 9.06816 8.94297 8.87532 314*0 9.20976 9.12188 9.00036 8.90481 314*0 9.23198 9.20281 9.08057 8.98347 315*0 9.22949 9.15448
  9.03748 8.90685 8.83798 0 8.64111 8.5792 310*0 9.23216 9.20632 9.10996 8.97916 8.88343 8.73983 8.65306 8.63355 8.57506 310*0
  9.23196 9.17964 9.0639 8.92702 8.81227 8.70906 8.64329 8.61258 310*0 9.23372 9.22852 9.14424 9.01722 8.88301 8.77238 8.67256
  8.63917 310*0 9.23563 9.23291 9.22212 9.11103 8.97354 8.84668 8.73679 8.65095 8.62606 8.50606 310*0 9.23304 2*0 8.98038 8.80239
  8.71202 8.64673 314*0 9.04162 8.90466 8.79839 315*0 9.1779 9.06544 0 8.769 306*0 10.8617 329*0 8.87465 4*0 8.35957 17*0 10.1695 0
  10.1298 10.0969 10.0695 10.0424 288*0 9.04741 8.92349 8.77641 8.66887 8.63892 8.45437 8.38543 8.36445 8.31501 12*0 10.319 10.3059
  10.262 10.2246 0 10.1848 10.1445 10.1068 10.079 0 9.96082 9.8656 285*0 9.14447 9.0447 8.896 8.77334 8.67362 8.62134 8.46445
  8.38069 8.34441 8.31144 12*0 10.3234 0 10.2769 0 10.2295 10.1897 10.1489 9.62196 9.47059 9.72424 10.0162 285*0 9.23178 9.16552
  9.04585 8.89686 8.7733 8.66625 8.62339 8.44377 8.37564 8.3414 8.30336 18*0 10.1632 10.1324 9.05157 8.94778 8.37463 280*0 9.3182
  9.26956 9.25202 9.24287 9.2356 9.23223 9.18047 9.05242 8.90381 8.77944 8.67414 8.62961 8.44447 8.37892 8.31945 8.3048 8.28795 2*0
  299*0 9.38144 9.32725 9.27042 9.23282 9.21095 9.42619 9.1441 9.07951 8.92973 8.76046 8.65032 8.64751 8.62758 8.44895 8.37794
  8.32622 8.3052 8.29177 8.24546 6*0 9.85597 9.75114 14*0 9.86527 276*0 9.38721 9.34423 9.29358 9.2151 9.18513 9.15234 9.12248
  9.09495 9.0434 8.90193 8.73532 8.59548 8.47034 8.39808 8.53391 8.12494 8.05896 8.02213 10.0416 10.0457 4*0 9.5655 9.91044 0
  9.77675 9.55342 9.57869 9.25031 0 9.80285 9.21125 8.77732 8.68551 8.82061 8.59195 8*0 9.7678 271*0 9.42771 9.37753 9.30444 9.24731
  9.18309 9.12881 9.10105 9.07195 9.04535 9.00587 8.87783 8.70789 8.54766 8.41353 8.32008 8.18287 8.03499 7.98244 7.9255 5*0
  10.0116 0 9.86085 0 9.74947 9.57088 9.53737 2*0 8.49115 8.94671 6.97587 7.55597 8.62296 8.87914 8.83474 8.49327 278*0 9.40402
  9.33037 9.25374 9.19065 9.1221 9.07816 9.02363 9.02696 8.98913 8.99107 8.84171 8.6907 8.52407 8.38985 8.27275 8.16867 10.1424 0
  9.98688 6*0 9.7888 9.75803 9.75226 9.73767 9.6538 9.30687 0 9.15524 8.84894 8.326 7.41424 7.53266 8.97764 0 8.47752 6*0 8.85758
  8.84741 272*0 9.2418 9.18842 9.13508 9.06646 9.01676 2*0 8.94959 8.93903 8.79894 8.68074 8.50755 8.39663 2*0 10.0845 9*0 9.74607
  9.69587 9.6858 9.62618 9.60487 9.42812 8.93048 7.46803 8.39998 8.79086 9.00711 8.78134 9.01208 4*0 9.08787 276*0 9.2178 9.15929
  9.09408 9.0247 8.99234 4*0 8.81906 15*0 8.87775 9.64458 9.63241 2*0 8.05185 7.02278 6.38221 6.30559 6.24831 8.50354 0 8.06592
  6.51046 3*0 9.04106 5.90173 274*0 9.26442 9.20591 9.12319 9.0615 20*0 8.60202 8.49153 8.41204 0 6.86665 6.82699 7.66591 6.70939
  7.12521 6.81908 7.39071 8.62246 7*0 7.00512 5.84204 272*0 9.37459 9.34988 9.29935 0 9.12008 20*0 9.31342 8.64976 8.51447 7.44079
  6.89947 6.83482 8.10981 7.60141 7.7739 6.97266 7.99082 306*0 10.1478 0 8.70579 7.25762 7.60396 7.44393 8.03457 8.15211 8.49949
  8.00168 8.21996 7.06416 6.14172 8.81597 9.25921 8.55963 8.69872 8.30063 8.1837 9.01537 7.15851 6.06393 4.71645 23*0 11.1317 11*0
  261*0 9.24246 7.41958 7.88416 8.6099 8.53799 8.61329 8.21669 7.92709 7.57653 6.58284 9.27293 9.17617 5*0 8.53736 9.03566 278*0
  10.7343 20*0 9.30991 7.43678 7.37308 7.87253 7.227 7.12068 7.01846 6.80728 7.61503 6.60415 7.94277 9.20769 9.12116 8.94407 101*0
  180*0 10.8021 21*0 7.83042 10.1867 9.13876 7.43409 7.90614 7.27744 7.22311 7.50174 7.93511 8.01048 7.60779 6.56565 7.64475 6.38817
  295*0 8.54216 8.51725 8.51601 0 8.45301 8.43832 5*0 9.39697 8.6442 7.53231 8.11522 7.26345 7.18176 8.03483 7.92778 6.88278 6.69073
  6.51001 6.44989 6.36114 294*0 8.58365 8.52763 8.48544 8.45002 8.43536 8.42314 5*0 10.3605 9.67926 8.97071 8.01269 7.48774 7.30167
  7.19975 7.08298 7.01171 6.86426 6.72969 6.53358 6.4021 6.29639 6.19174 6.36828 6.27532 289*0 8.68666 8.63308 8.56943 8.50512
  8.45199 8.41413 8.3709 5*0 9.0487 9.19729 7.91706 8.39141 7.63637 0 7.40538 8.43434 7.08325 6.99767 6.96819 6.74607 6.66998
  6.36633 6.32201 6.58523 6.33102 6.24723 6.1556 6.03351 5.87322 5.63015 285*0 8.67857 8.61269 8.55109 8.49125 8.43206 8.38457
  8.35522 2*0 10.4049 9.29809 8.20545 8.88801 8.12083 8.06448 3*0 7.46864 7.34751 7.62657 7.29013 7.48455 6.38958 6.68318 6.64174
  6.66552 8.07505 8.0785 6.23102 0 6.03427 6.00489 286*0 8.69279 8.60023 8.53436 8.4782 8.4224 8.36542 8.30901 8.26398 8.22435
  9.07537 8.92212 8.1581 8.12306 8.08924 8.05443 3*0 9.44793 8.66676 8.40851 7.47195 6.90928 7.16378 7.81494 6.84334 6.75265 7.43467
  7.29803 6.26545 6.17753 6.07892 9*0 5.33959 5.35508 5.39157 5.39148 271*0 10.338 0 8.74522 8.67698 8.59985 8.52007 8.46323 8.41059
  8.35118 8.61052 8.24204 8.20374 8.16321 8.13717 8.11273 8.08017 8.0427 8.02338 0 9.97684 9.30152 8.89784 8.66973 8.10684 7.39993
  7.17327 6.93651 6.41739 6.22518 6.77299 6.62057 6.49773 6.29997 6.20277 6*0 5.34269 5.32765 2*0 5.35442 5.36878 275*0 8.75968
  8.6769 8.59138 8.51089 8.4464 8.39868 8.36024 8.28159 8.2315 9.15545 9.10775 9.17571 8.94921 8.79058 2*0 10.0508 10.0219 7.6115
  6.7354 8.2717 7.72525 7.22447 7.12432 7.11202 6.37135 6.02771 11*0 5.38323 0 5.36979 5.37012 152*0 2*10.1638 119*0 10.3859 0
  8.78485 8.75804 8.73558 8.67508 8.61394 8.49392 8.44745 8.39128 8.71987 8.29516 8.23793 8.87044 8.10866 8.05675 4*0 9.40138
  8.68958 9.30057 8.03925 7.84843 7.43248 8.16285 7.56712 7.27732 6.54621 11*0 5.45348 5.43015 5.4118 5.38658 152*0 2*10.1638 11*0
  110*0 8.85064 8.77776 8.72213 8.69568 8.66256 8.59892 8.51496 8.44003 8.37657 8.97674 8.67064 8.2193 8.86173 8.11297 0 8.00073 0
  7.95161 8.10325 8.79815 7.95553 8.33693 8.42261 8.1006 7.84871 7.81763 7.60432 6.72199 6.71522 7.24101 7.31856 4.94998 4.79648 0
  6.40376 2*0 5.93906 5.90636 5.78999 5.5828 5.4749 5.46713 144*0 2*10.1638 7*0 2*10.1638 118*0 9.11008 2*0 8.79306 8.76638 8.71378
  8.64963 8.62484 8.58236 8.50632 8.42614 8.36352 8.30397 8.25444 8.53497 8.15298 8.54756 8.68363 8.4333 8.57461 8.50166 8.96187
  8.62987 8.02517 8.05613 8.43306 8.12237 7.80102 7.44141 7.46278 7.03137 7.85632 7.67698 5.76495 5.63563 6.75887 5.83228 5.0993
  3.9847 6.08652 6.01931 5.93712 5.8969 5.79677 145*0 3*10.1638 6*0 3*10.1638 114*0 9.77484 9.22206 9.16373 9.14093 6*0 8.59943
  8.5779 8.55435 8.49841 8.4143 8.35126 8.29299 8.23705 8.67967 8.66225 9.16471 9.17526 8.69991 8.90108 8.06994 8.77438 8.91421
  8.29707 8.3853 8.51981 8.03374 8.04034 7.59896 7.55415 7.32543 7.2207 6.58734 6.24979 6.11046 5.85495 5.38374 4.44022 5.60764
  5.40213 5.64607 6.01743 5.95171 5.92169 141*0 8*10.1638 3*0 2*10.1638 117*0 9.23957 9.19487 0 9.07007 4*0 8.67946 8.66278 8.61049
  8.54945 8.52269 8.50237 8.45369 8.37192 8.31156 8.7999 8.68963 0 9.58622 8.08204 9.0074 8.57092 8.53675 8.44368 7.88902 8.22529
  8.02097 8.10533 8.24548 8.06125 7.77961 7.28252 6.65871 6.90232 6.63076 6.46268 6.17889 5.80765 5.19658 5.59792 4.98506 4.46958
  5.5882 6.10514 6.05329 138*0 10.1638 3*0 12*10.1638 117*0 9.25443 9.19873 9.15018 9.08466 9.05476 9.01131 2*0 8.6841 8.64531
  8.62839 8.58756 8.52658 8.48058 8.46309 8.69744 8.37015 8.30472 8.24825 8.50159 8.15625 9.58981 9.1846 8.98147 8.54894 8.04623
  7.82889 7.76688 7.34716 7.64525 8.11695 7.81455 7.93032 6.92772 6.83791 6.73276 6.88158 6.70873 6.52665 6.26187 5.71884 5.72555
  5.7266 4.49153 4.21422 140*0 4*10.1638 2*0 3*10.1638 0 5*10.1638 119*0 9.19529 9.15835 9.1092 9.0575 8.99013 8.97291 8.92986
  8.83405 8.69163 8.59488 8.57461 8.5568 8.50788 8.452 8.43152 9.28959 8.35301 8.66257 9.01048 8.94923 9.67333 9.60585 0 8.96175
  8.43542 8.22932 7.84471 7.13547 6.63752 7.15806 8.07151 7.78836 7.59414 6.8713 6.94145 7.19709 7.08909 6.62961 5.89683 6.20133
  6.14418 5.95009 5.51222 4.70814 4.52196 140*0 3*10.1638 7*0 5*10.1638 2*0 10.1638 116*0 9.16411 9.1205 9.07339 9.02306 8.97431
  8.92479 8.88278 8.82187 8.68236 8.57214 8.52483 8.52339 8.49895 8.43974 8.41154 8.92805 8.81085 9.07396 9.01441 9.19202 9.65495
  9.59595 9.50072 0 8.90426 8.25974 7.51951 7.1727 7.68432 7.76371 8.06154 7.5254 7.27534 7.02276 6.94133 7.1531 7.13216 6.56151
  6.4659 6.49219 6.10088 5.50068 4.98859 151*0 9*10.1638 114*0 9.15504 9.14641 9.13702 9.07064 9.03743 8.98717 8.9401 8.87959
  8.82935 8.78687 8.70803 8.58448 8.4845 8.48658 8.48308 8.73394 8.96247 9.16672 9.09028 9.05026 9.00675 8.92654 8.98362 9.5886
  9.19915 9.21333 8.37979 8.08386 7.64949 8.25984 8.51031 7.48477 7.77256 7.54972 7.25511 7.34631 7.24623 7.39955 7.16528 6.85088
  5.93957 6.03567 5.23676 5.16926 148*0 13*10.1638 0 10.1638 11*0 10.1638 100*0 9.11932 9.06742 9.05155 9.02964 8.99713 8.95127
  8.90987 8.85836 8.82715 8.77013 8.71623 8.59692 8.49421 8.46044 8.45194 9.13234 9.21399 9.15151 9.07075 9.64756 8.99221 9.90679
  10.102 10.6435 9.8418 9.15776 8.43361 9.96166 9.19395 8.62145 8.17954 7.51627 7.35544 7.39904 7.52223 7.64124 7.66364 7.43183
  7.08167 6.11158 5.84732 0 5.35081 149*0 15*10.1638 10*0 3*10.1638 96*0 9.8974 0 9.05464 9.05819 9.04816 9.0339 9.00722 8.97095
  8.92954 8.88482 8.84327 8.7938 8.74297 8.70512 8.62412 8.50695 8.42099 8.73462 9.21331 9.18696 8.85284 9.65303 10.0179 10.593
  9.9519 10.26 10.4644 10.4047 10.4667 9.61411 9.49809 9.18258 9.13282 8.17981 7.55343 7.78737 7.79071 7.6669 7.94093 7.66676
  7.45579 6.35057 6.16906 5.93771 151*0 14*10.1638 9*0 4*10.1638 0 10.1638 96*0 9.03709 9.03146 9.03309 9.03602 9.00961 8.98951
  8.95246 8.91043 8.85388 8.80722 8.75688 8.70662 8.67461 8.62727 8.5114 8.39225 8.67984 8.89288 9.67016 9.87848 10.0054 10.1229
  10.3007 10.5068 10.7448 10.3922 9.83865 9.73468 9.40678 9.3154 9.19462 8.96207 8.50953 7.82467 7.80441 7.99783 8.15685 7.95045
  7.66061 7.36195 7.17351 6.76203 0 5.881 149*0 14*10.1638 3*0 2*10.1638 0 2*10.1638 0 3*10.1638 0 3*10.1638 97*0 9.0414 9.04524
  9.02515 8.97879 8.94906 8.92407 9.48135 9.75324 8.77112 8.71635 8.66729 8.63351 8.59627 8.50615 8.38283 8.84443 9.64277 10.0046
  9.99317 9.9597 10.2617 10.4852 10.7577 10.6967 10.0879 9.65314 9.56155 9.43172 9.32736 9.23959 7.91208 8.17684 7.82659 8.39864
  8.44391 8.24101 7.97256 7.67851 7.48553 7.35632 150*0 13*10.1638 5*0 15*10.1638 95*0 9.03926 9.04089 0 8.97933 8.94547 8.9145
  8.88924 9.63924 9.58671 9.35759 8.67953 8.62721 8.58464 8.54564 8.83999 9.08047 9.08623 9.04662 9.34639 9.3435 9.93452 10.0524
  10.0325 10.7244 10.6663 10.6372 10.2914 9.3585 9.47492 9.34786 8.62275 7.9337 9.14161 9.11097 8.95041 8.32038 8.25494 154*0
  15*10.1638 4*0 12*10.1638 93*0 8.91457 8.91165 0 8.94702 8.95318 0 8.95558 8.93832 8.90835 9.62843 9.78243 9.73496 9.67463 9.31875
  8.64242 8.58906 8.53713 9.28817 9.36209 9.20542 9.36397 9.74803 9.92524 9.58295 9.93868 9.88951 10.2009 10.7043 10.3701 9.73814
  9.22305 9.27884 9.58527 9.02686 8.21725 8.28978 9.28733 158*0 15*10.1638 3*0 13*10.1638 93*0 8.89674 8.89677 8.91267 8.92264
  8.92764 8.92699 8.91398 9.26734 9.23975 9.77656 9.73897 9.68981 9.32437 8.66073 8.60862 9.16951 9.42515 9.83941 9.9732 9.71393
  9.62184 9.93115 9.35043 9.80779 9.751 10.0132 10.1224 10.4076 9.63873 9.54777 9.59124 9.2918 9.11481 8.99247 156*0 2*10.1638
  10.1638 0 31*10.1638 93*0 8.88044 8.87858 8.87253 8.8876 8.88958 8.89458 9.51361 9.94872 9.78825 9.76057 9.72675 9.68855 9.64344
  9.5976 9.41538 9.38107 9.47235 10.0026 10.1359 10.1179 9.7555 10.0052 10.2994 10.1095 9.51987 10.2837 10.0322 9.8474 9.83622
  9.81869 9.758 158*0 8*10.1638 2*0 28*10.1638 93*0 8.85596 8.85841 8.86916 9.80541 10.7387 9.78728 9.90682 9.87597 9.84339 10.2362
  10.5746 10.8581 9.57421 10.5851 10.1453 10.0878 10.1026 10.2707 10.112 10.0819 10.0282 10.3112 9.95234 9.95748 9.96506 9.92785 2*0
  160*0 7*10.1638 2*0 17*10.1638 0 9*10.1638 95*0 8.83894 10.7028 10.7076 10.6813 10.6961 10.6827 10.6555 10.2488 10.591 10.5674
  10.7505 10.0147 10.2919 10.7985 10.7918 10.347 10.0502 10.0666 9.94533 9.68047 10.0205 9.98482 9.9519 162*0 9*10.1638 3*0 10.1638
  2*10.1638 3*0 2*10.1638 0 8*10.1638 0 9*10.1638 96*0 10.5952 10.6063 10.62 10.6338 10.6156 10.5955 10.5729 10.6923 10.7768 10.1151
  10.8299 10.8124 10.7942 10.7881 10.532 10.0145 10.0119 10.0344 10.0544 163*0 13*10.1638 4*0 3*10.1638 5*0 10.1638 8*0 10.1638
  6*10.1638 26*0 9.70498 9.70052 66*0 10.3502 10.363 10.5149 10.5477 10.5541 10.5641 10.5556 10.5558 10.5894 10.6833 10.7638 10.8233
  10.8229 10.804 10.7856 10.7812 10.3651 10.7458 165*0 14*10.1638 4*0 3*10.1638 10*0 11*10.1638 24*0 9.69111 9.6896 9.66659 9.6407 0
  63*0 9.89346 0 10.3296 10.3876 10.4414 10.4847 10.4871 10.4955 10.5161 10.5251 10.5376 10.6016 10.6904 10.7404 10.7887 10.7906
  10.7799 167*0 7*10.1638 0 6*10.1638 14*0 10.1638 0 10.1638 10.172 10.1697 10.1665 8*10.1638 0 10.1638 23*0 9.66556 9.65068 9.63504
  64*0 9.76162 9.81163 9.91646 10.1791 10.3338 10.3918 10.3925 10.4215 10.4449 10.4667 10.474 10.5073 10.5162 10.5969 10.6482 11*0
  156*0 12*10.1638 0 3*10.1638 14*0 4*10.1638 10.1791 10.1714 10.1673 9*10.1638 89*0 9.73105 9.72963 9.72722 9.75282 9.8289 10.0159
  10.1976 10.2503 10.265 10.3182 10.3619 0 10.4664 10.4848 170*0 10*10.1638 2*0 2*10.1638 15*0 10.1638 0 10.1638 10.1844 10.1817
  10.1782 10.1698 10.1682 10.1684 10.1661 10.1658 5*10.1638 45*0 9.12397 9.09103 9.09182 43*0 9.7056 9.70178 9.70848 9.75371 9.85903
  10.0746 10.2044 10.2421 10.2435 10.3326 174*0 7*10.1638 4*0 10.1638 17*0 10.2605 10.2018 10.1905 10.1916 10.1757 10.173 10.1722
  10.1698 10.1693 10.1654 10.1648 10.1645 10.1639 3*10.1638 42*0 9.12884 9.11313 9.09235 9.06833 9.04267 9.01827 41*0 9.69047 0
  9.6972 9.69176 9.70881 0 10.0104 10.1327 0 10.2321 173*0 8*10.1638 0 4*10.1638 19*0 10.2494 10.2365 10.2204 6*10.1638 10.1647
  10.1645 2*10.1638 36*0 9.23984 9.22094 9.19583 2*0 9.14089 9.13179 9.11845 9.10249 9.08224 9.06133 9.03796 9.01436 9.00355 42*0
  9.70149 9.70226 179*0 12*10.1638 21*0 10.2531 10.243 9*10.1638 10.1597 10.1526 31*0 9.33742 9.29349 9.29058 9.25393 9.24034
  9.22792 3*0 9.12101 9.12179 9.11156 9.09536 9.07467 9.05423 9.03948 227*0 11*10.1638 19*0 2*10.1638 0 7*10.1638 10.1506 10.128
  10.1458 10.1368 30*0 9.33248 9.32377 9.2881 9.27979 9.24795 9.22993 9.20712 9.18217 9.15266 9.13368 9.11613 9.1038 9.09485 9.08373
  9.06646 9.04512 9.0246 9.0099 223*0 13*10.1638 11*0 2*10.1638 10*0 2*10.1638 0 10.1638 37*0 9.30098 9.29968 9.28664 9.26762
  9.24345 9.22221 9.19998 9.18153 9.15408 9.12655 9.10595 9.0926 9.07996 9.06875 9.05483 9.03588 9.0142 8.99306 219*0 10.1638
  10.1638 2*0 9*10.1638 0 5*10.1638 8*0 3*10.1638 7*0 10.6826 43*0 9.30388 9.28785 9.27178 9.25505 9.23714 9.21782 9.19718 9.1793 0
  9.13636 9.11301 9.08997 9.07355 9.05959 9.0458 9.02933 9.00891 8.98612 8.9677 2*0 8.92394 215*0 14*10.1638 2*0 8*10.1638 0 10.1638
  4*10.1638 53*0 9.26819 9.25139 9.23458 9.21672 9.19797 9.18133 9.16693 3*0 9.07203 9.05966 9.04667 9.02827 9.01008 8.98818 8.96408
  8.94379 8.92727 8.91578 8.90559 8.89941 214*0 10.1638 0 10*10.1638 4*0 13*10.1638 54*0 9.24398 9.23526 9.21845 9.20126 9.18614
  9.17282 4*0 9.06387 9.05127 9.03357 9.01812 8.99855 8.97587 8.95108 8.92898 8.91525 8.90122 217*0 11*10.1638 4*0 2*10.1638
  11*10.1638 52*0 9.26427 9.25478 9.23854 9.22227 9.20611 9.19223 9.1744 9.16221 5*0 9.04398 9.03321 9.01623 9.00044 0 8.94242
  8.93048 217*0 11*10.1638 5*0 10*10.1638 10.2168 3*10.1638 52*0 9.25771 9.24393 9.22771 9.21198 9.19879 9.18779 9.17343 229*0
  12*10.1638 6*0 6*10.1638 0 10.3299 10.3268 10.2602 2*10.1638 53*0 9.24823 9.23432 9.21877 9.20402 9.19178 231*0 10*10.1638 7*0
  8*10.1638 10.2975 10.3293 55*0 9.25415 9.24141 9.22648 9.21191 9.20273 232*0 7*10.1638 0 10.1638 8*0 2*10.1638 0 2*10.1638
  2*10.1638 10.2313 10.2982 56*0 9.24363 9.23511 9.22221 9.20831 233*0 3*10.1638 17*0 4*10.1638 10.3335 10.3325 10.3315 54*0
  9.25078 9.24428 9.23281 236*0 10.1638 18*0 3*10.1638 2*0 10.3335 55*0 9.25023 9.24479 9.23689 316*0 9.25159 9.24692 562*0 13.7541
  11*0 11.3825 11.3532 279*0 13.6828 13.6791 13.7055 13.724 21*0 13.9032 13.8374 9*0 11.4141 11.3897 11.3891 11.3793 279*0 13.7501 0
  2*0 15.8319 5*0 13.6405 5*0 13.5738 6*0 14.1619 14.1142 14.0748 5*0 12.066 12.0075 11.9446 2*0 11.4671 11.4142 0 11.3885 279*0
  13.8541 13.8795 13.9078 13.9512 13.8675 0 13.8658 13.9232 0 13.7731 13.7331 13.6995 13.6894 13.6164 13.6144 13.5821 13.7503 0
  13.5053 4*0 14.183 5*0 12.2724 12.2166 12.1418 12.1027 11.9946 2*0 11.6176 11.4287 11.3944 11.3894 279*0 13.9752 13.9998 14.0433
  14.0514 14.0766 14.0754 14.0675 0 14.6137 0 14.4225 13.8209 13.7966 13.7092 13.8146 17.8804 17.9201 2*0 13.5215 13.4826 0 14.2844
  14.3009 0 14.2576 14.1219 13.4656 12.7998 12.5508 12.2717 12.2155 12.1398 12.0767 11.9842 11.9352 11.826 11.5151 11.4149 280*0
  14.0975 14.0973 14.098 14.0984 14.0982 14.0981 14.0988 0 14.9804 0 14.5172 13.9787 13.879 0 14.7106 14.141 14.7806 13.6182 13.5884
  13.5792 4*0 14.4128 2*0 12.8417 12.8383 12.8188 12.6231 12.3068 12.201 12.1138 12.0443 11.9493 11.8999 11.6903 11.4721 281*0
  14.1387 14.159 14.172 14.1776 14.1757 14.5743 15.0051 14.8971 0 14.098 14.0646 14.0489 13.9532 13.8876 13.833 13.7841 13.6858
  13.6108 6*0 13.2327 13.1628 12.9323 12.8415 12.8393 12.8044 12.5662 12.2627 12.1649 12.0797 11.9683 11.8911 11.7431 11.4759 11*0
  268*0 14.2297 14.2425 14.2263 14.2366 0 14.2615 14.2605 14.2558 14.2294 14.5554 14.9067 15.091 14.1342 14.1023 14.0705 14.0061 2*0
  8*0 13.2457 13.2235 13.1376 12.8914 12.7968 12.7838 12.717 11.4872 11.3133 11.2052 11.1513 11.8613 281*0 14.2687 14.2807 4*0
  14.2912 14.281 14.2584 14.6452 14.2193 15.1258 14.606 14.1524 14.0903 14.0848 0 13.9732 13.8488 13.7979 13.726 6*0 13.1746 13.1429
  13.0476 12.7626 11.8205 11.3644 10.8452 10.5619 10.6934 10.6585 13*0 10.9845 267*0 14.2816 14.2915 14.3012 0 15.1843 0 14.3287
  15.393 0 14.9646 15.2571 15.3028 15.1037 14.579 14.1399 14.1274 2*0 13.9562 13.907 14.7777 14.1221 0 15.0405 0 14.7539 0 13.2426
  13.1776 13.0785 13.0389 11.6157 11.317 10.498 9.95775 2*0 11.9445 12*0 11.0595 10.9487 269*0 14.3366 14.3185 15.5249 14.3115
  15.5941 15.3951 14.2713 15.5504 14.2613 14.2274 14.1834 14.1558 14.1168 14.0855 14.0395 13.9671 13.9015 14.7686 14.7682 14.7101
  13.6424 14.8519 14.5548 14.24 13.3714 13.3068 13.1558 12.4269 11.4734 11.4243 11.2816 10.4448 9.8791 9.87034 9.85463 11.9077 2*0
  8*0 11.4666 271*0 14.2992 14.2891 14.2762 14.2707 2*0 14.2482 14.2235 14.2277 14.2207 14.1993 14.1942 14.1733 14.9711 14.5507
  14.0178 13.968 13.8996 13.8393 13.8247 13.7592 14.2944 14.5717 0 13.3783 13.327 13.3028 13.1772 11.6843 11.4209 11.3977 11.2929
  10.7402 9.83841 9.82374 10.7939 10.4986 9*0 11.6693 271*0 14.2816 14.2671 14.2353 14.2427 14.2564 14.2683 14.2673 14.2547 14.1914
  14.1908 15.0463 14.1403 14.1324 14.1264 14.1214 14.0824 14.0012 13.9474 13.9046 13.8303 13.7754 13.7552 13.6797 13.548 13.4837
  13.3739 13.293 13.2577 13.2027 11.4364 11.3785 10.8437 10.4145 9.79792 9.78776 11.7893 12.2205 12.625 12.5085 13.156 12.9649 2*0
  9*0 10.8107 6*0 10.297 10.2875 10.2473 10.1838 256*0 14.2682 0 14.2668 16.9495 0 14.3238 15.6344 14.3043 15.2289 15.3963 15.7084
  15.033 14.984 14.9632 14.9539 14.928 14.8768 14.5697 14.3983 14.3608 14.072 13.711 13.6802 13.5788 13.4639 13.3865 13.2772 13.218
  12.0584 10.8691 10.8213 10.6266 9.75765 9.75051 10.6337 11.2665 12.3763 12.0934 13.1673 0 12.934 12.7791 8*0 11.2808 10.903
  10.7785 6*0 10.301 262*0 15.6388 14.9718 15.667 15.3479 15.6163 16.0548 14.2456 14.2337 14.7503 15.0504 14.9579 14.9141 14.5514
  14.6464 14.7086 14.5823 14.5091 13.7705 13.6851 13.6503 13.6002 14.1247 14.0508 12.9426 12.1155 11.0971 9.73134 9.72688 9.72099
  10.7393 11.1613 11.0437 12.3794 0 13.345 13.1681 13.0846 12.9649 3*0 11.3792 4*0 11.3729 11.2827 11.0215 5*0 10.4052 8*0 9.88019 0
  252*0 16.986 15.8072 15.263 2*0 14.3375 14.3296 14.3017 14.2646 0 14.188 14.182 14.1527 14.0535 13.9798 13.9465 14.3677 14.6844
  14.5005 14.4567 14.4104 14.2886 14.2148 14.1366 12.6298 11.4858 11.4276 11.7575 11.1132 12.6114 13.2109 12.6701 12.6812 12.4133
  12.3393 12.9272 13.3702 12.7419 13.0827 13.0464 3*0 10.9319 3*0 11.5113 11.3852 11.281 11.1879 10.7281 2*0 10.5541 4*0 10.2314
  10.2267 10.1636 0 10.0914 10.0164 0 9.81339 249*0 16.8629 6*0 14.516 14.5505 14.531 14.475 14.4409 14.2913 14.2273 14.1587 14.1429
  14.1198 14.0027 14.3618 14.4367 14.4026 14.2915 13.7575 13.708 13.6055 13.581 13.5191 13.3775 13.6928 13.1824 13.0861 13.5178
  13.3082 13.2173 13.1408 12.9967 12.878 12.3241 12.3092 12.4725 12.6432 13.0796 13.0225 2*0 11.2798 10.9636 10.8164 0 10.9623
  11.5005 3*0 10.7129 10.6509 10.6442 3*0 10.3559 10.2718 10.2242 10.2148 10.1794 10.1281 10.1001 10.0309 9.92569 249*0 16.842 2*0
  14.305 2*0 14.4537 14.5983 14.6597 14.691 14.6818 14.6599 14.6007 14.4755 14.3148 14.1995 14.127 14.1067 14.5842 14.9172 14.4173
  14.4023 13.8273 13.7551 13.7066 13.6337 13.5587 13.5253 13.4015 13.2971 13.1922 13.0912 13.0466 12.9923 12.8276 12.7382 12.7067
  12.6295 12.3418 12.2891 12.2736 12.0358 2*0 11.4843 11.3564 11.5448 11.6346 11.3402 11.0692 11.3682 11.4877 0 11.1715 10.9723
  10.7201 0 10.6207 10.5597 10.4051 10.3527 10.7907 10.7123 10.4467 10.2126 10.1886 10.1363 2*0 9.93993 5*0 9.63167 242*0 16.8339 0
  0 14.2964 14.3446 14.4378 14.6114 0 14.703 2*0 14.6895 14.6767 15.1356 14.6221 14.5037 14.3011 14.1649 14.0882 15.0649 14.4766
  14.5398 13.8653 13.8449 13.7575 13.7042 13.6428 13.5493 13.5229 13.4257 13.2903 13.2064 13.0901 13.0375 13.021 12.9242 12.773
  12.6914 12.6425 12.367 12.2747 12.2682 12.1632 2*0 11.4891 11.3409 11.7832 11.88 12.3334 12.1232 11.6937 11.4794 11.3307 11.1929
  10.9902 10.6938 11.1059 11.3281 11.1471 10.7538 10.848 10.7071 10.7241 10.2346 10.2241 10.2085 6*0 9.81057 9.79449 9.72546 9.64452
  243*0 14.3013 14.2877 14.3322 14.4233 14.617 14.7095 3*0 14.7487 14.7278 14.7137 14.6832 14.6419 14.6071 14.4617 14.2344 14.0975
  14.062 13.9678 13.8635 13.8534 13.849 13.7671 13.704 13.6489 13.5489 13.5171 13.4389 13.2961 13.199 13.117 13.0531 13.0126 12.9444
  12.7684 12.6897 12.6465 12.3944 12.2651 12.2589 4*0 11.9878 12.5962 12.2527 12.145 0 11.7935 11.4513 11.3198 11.519 11.5603
  11.1803 11.2065 11.1069 10.5872 10.4458 10.3693 10.2386 10.3199 10.2617 8*0 9.83815 9.81526 9.75525 242*0 14.1481 14.2546 14.2991
  14.2863 0 14.5306 14.6952 0 14.7412 14.7828 14.8137 14.8291 14.8111 14.7706 14.7314 14.6735 14.6209 14.5417 14.2603 14.1006 14.052
  14.0122 13.8751 13.8484 13.8491 13.7812 13.7066 13.6514 13.5577 13.5124 13.4504 13.3155 13.2537 13.16 13.0531 13.0069 12.9566
  12.7877 12.6861 12.645 12.5449 12.2534 12.2465 12.2136 0 12.8951 12.2155 12.1455 11.9888 12.0106 12.5285 12.3544 11.7209 11.4452
  11.655 11.6362 11.6327 10.7298 10.6499 10.6461 2*0 9.40508 255*0 14.1314 14.1551 14.2752 14.2824 14.3175 14.4346 4*0 14.848
  14.8894 0 14.9013 14.8523 14.7774 14.7091 14.637 14.5664 14.3096 14.1255 14.0468 14.0298 13.8929 13.847 13.8468 13.7857 13.7118
  13.6555 13.5686 13.5075 13.4786 13.3941 13.2568 13.1688 13.0543 13.0039 12.961 12.797 12.6832 12.6457 12.5769 12.2488 12.227
  12.2058 12.9223 12.802 12.3289 12.0872 12.3156 12.6455 12.4011 12.2971 11.6482 11.5057 11.364 11.5578 11.1345 10.7471 10.6827
  10.673 10.8939 10.5295 10.4298 253*0 14.1377 14.1286 14.1194 14.1611 14.2769 14.2712 14.3278 2*0 13.7063 13.8044 4*0 15.085
  14.9976 14.8558 14.7377 14.6316 14.5795 14.3716 14.1415 14.052 14.0409 13.9155 13.8493 13.848 13.8128 13.7171 13.662 13.5782
  13.5081 13.4842 13.4018 13.2592 13.1751 13.0572 13.0032 12.9643 12.8032 12.686 12.6474 12.5229 12.242 12.2258 12.4971 12.7198
  12.4717 12.375 12.2675 12.3507 12.6275 12.3987 12.3526 11.6863 11.5327 11.4092 11.2694 4*0 10.6796 10.5548 255*0 14.1112 14.1076
  14.1295 14.272 14.269 0 10.5689 6*0 15.1336 15.1146 15.0716 14.9234 14.7664 14.6576 14.5839 14.4009 14.1539 14.0587 14.0494
  13.9326 13.8562 13.8543 13.8148 13.7238 13.6685 13.5837 13.5146 13.491 13.4084 13.2644 13.1915 13.8713 13.8348 12.9664 12.8059
  12.6888 12.6497 12.4989 12.2427 12.2293 12.7043 12.4972 12.2678 12.1895 12.0639 12.6036 12.5485 11.9521 12.5158 0 11.5663 11.4533
  5*0 10.7433 10.613 6*0 10.2809 4*0 9.94043 243*0 14.1076 13*0 15.1286 15.0858 14.9433 14.7525 14.6351 14.5874 14.4029 14.1504
  14.069 14.061 13.9406 13.8679 13.8665 13.8251 13.7348 13.6767 13.5902 13.5235 13.4752 13.373 14.5518 13.9647 14.4132 13.8337
  13.7825 13.6539 12.6981 12.6534 12.5017 12.6686 12.6001 12.8069 12.4584 12.5396 12.1831 12.4009 12.6158 11.9962 10.3088 3*0
  9.53765 5*0 10.7777 10.681 3*0 10.429 267*0 14.8606 14.738 14.632 14.5906 14.3853 14.1683 14.0792 14.071 13.9404 13.8855 13.8857
  13.8345 13.7488 13.6904 13.5988 13.537 13.4833 14.8468 15.184 15.1432 14.061 14.7439 14.9897 14.1999 12.6884 12.6714 12.5923
  12.981 12.971 12.9477 12.9117 12.8523 12.7581 12.671 12.6323 12.6329 15.462 2*0 11.622 6*0 10.8194 272*0 14.7991 14.7076 14.6275
  14.5684 14.3358 14.1593 14.0899 14.0776 13.9357 13.9104 13.9125 13.8433 13.7662 13.708 13.6079 13.5613 13.4953 13.3443 14.8871
  14.2898 14.6388 15.0065 14.319 12.8117 12.7201 2*0 12.9903 12.9864 13.0587 12.9215 12.8732 12.7677 12.6697 12.6429 12.6473 15.5116
  12.2683 11.9116 11.6504 277*0 14.7937 14.799 14.7297 14.6537 14.6225 14.5064 14.2687 14.1499 14.1116 14.08 13.9568 13.9333 13.9319
  13.8527 13.7862 13.7267 13.588 13.5837 13.5052 13.3544 14.1944 14.7985 15.3165 16.0061 15.3468 6*0 12.8952 12.8363 12.7711 12.7238
  12.6832 12.6665 12.3788 12.303 12.2179 11.8396 11.6815 269*0 15.3368 5*0 14.92 14.6777 14.6853 14.7173 14.6808 14.6371 14.6047
  14.3831 14.2155 14.1427 14.1419 14.0577 13.9599 13.958 13.952 13.8617 13.8016 13.7587 0 13.6201 0 13.3522 13.2718 14.6945 16.2011
  16.9615 7*0 12.8727 12.8267 12.7716 12.7371 12.7051 12.7245 12.4345 12.3374 12.331 269*0 14.3793 14.8266 15.0544 5*0 14.8703
  14.852 14.6198 14.6511 2*0 14.3868 14.266 14.1853 14.1602 14.1473 14.0251 13.9892 13.9926 13.9554 13.8695 13.8109 5*0 13.2968
  16.2486 15.6607 8*0 12.8614 12.8313 12.7855 12.7423 12*0 10.9763 261*0 14.2843 14.7326 15.0038 15.3252 4*0 14.7982 14.809 14.8193
  14.6165 0 14.3643 14.2758 14.2112 14.1787 14.1858 14.1002 14.0181 14.0188 14.0167 13.9542 13.8961 13.8392 4*0 13.407 15.2587
  16.7155 17.8825 17.8798 283*0 13.9684 14.0369 14.21 14.7759 14.9063 6*0 14.7041 3*0 14.2378 14.2231 14.1914 14.204 14.1482 14.0501
  14.0411 14.0461 13.994 13.9366 13.8984 3*0 13.6105 13.4818 13.4419 17.8955 17.8752 17.8831 19*0 11.672 264*0 13.984 13.9898 11*0
  2*0 14.2796 14.9618 0 14.1549 14.0757 14.0591 14.0633 14.0679 5*0 11.1242 13.5511 13.4844 13.4079 13.3138 284*0 13.6245 13.7328 0
  15*0 14.2748 12.5586 13.661 14.0674 14.081 6*0 11.102 11.1171 13.5986 302*0 14.2898 0 14.2269 14.135 14.0921 14.0882 14.0719
  14.095 14.0417 309*0 14.112 14.1261 14.1172 14.0966 14.0928 14.0924 14.0964 14.0847 14.0464 14.0131 13.9959 307*0 14.0812 14.083
  14.083 14.0857 14.0911 14.0999 14.1073 14.1096 311*0 14.0761 14.0738 14.0789 14.0828 314*0 13.9437 315*0 13.8585 13.9081 13.9059 0
  20315*0 6.55969 314*0 5.35383 3*0 6.47381 318*0 6.38892 945*0 7.33477 9*0 6.20179 352*0 5.30999 919*0 6.47083 2846*0 8.58023 2*0
  1913*0 8.41074 628*0 8.80933 631*0 9.02119 9.00045 522*0 10.0639 10.0643 10.0667 10.0676 318*0 10.0655 10.0674 10.0697 443*0
  8.26973 179*0 10.0883 10.0823 2*0 10.0718 131*0 8.34721 8.27268 8.2851 8.28926 180*0 10.0864 130*0 8.52651 3*0 8.40631 158*0
  11.9126 311*0 12.0553 12.0604 3*0 12.0389 11.9849 11.9646 310*0 12.1556 12.1338 12.1783 0 12.1532 12.1363 12.1292 12.1116 12.0877
  100*0 9.14562 209*0 12.2846 12.2907 12.3057 12.3117 12.3083 12.3313 12.2796 12.2163 19*0 10.1753 285*0 12.3132 12.3446 12.6044
  12.6708 12.7611 12.8061 12.7137 12.7329 12.7539 12.749 12.6984 12.7741 12.6313 19*0 10.2031 10.629 13*0 10.1839 10.1776 10.1724
  10.1692 266*0 12.3683 12.6139 12.7277 12.787 12.8306 12.8357 12.8377 12.8393 12.8403 12.8405 12.8404 12.8411 12.8397 12.8388
  12.8404 18*0 10.9087 10.7505 10.8709 12*0 10.1951 10.189 10.1805 10.1749 10.1696 267*0 12.8377 12.84 12.841 12.8416 12.8517
  12.8939 12.9617 13.0067 12.8424 12.8456 12.9474 12.8474 8*0 11.1525 11.1376 6*0 11.1569 0 10.2746 0 10.9528 10.9179 10.8909
  10.8795 10*0 10.2141 10.2038 10.1929 10.1851 10.1796 10.1727 2*0 10.1644 74*0 8.73566 8.74041 8.76053 187*0 12.8622 12.9401
  12.9843 2*0 13.2107 13.2073 13.2413 13.1905 13.177 9*0 11.3636 11.2803 11.2024 4*0 11.338 11.2818 11.2372 11.1852 11.1585 10.9879
  11.0344 10.9534 11*0 10.2269 10.2186 10.2107 10.1988 10.1917 10.1857 267*0 13.0254 13.1835 13.2197 13.2365 13.2408 0 13.2436
  13.2534 13.2411 9*0 11.3897 11.3893 11.3854 11.3741 11.3536 11.2837 11.2616 11.2175 0 11.3766 11.3584 11.1255 11.2871 11.2365
  11.1768 0 10.9858 11.0124 11.0078 8*0 10.2507 10.2378 10.2259 270*0 13.2134 13.2242 13.2585 13.285 14*0 11.4671 11.4083 11.3933
  11.3896 11.3893 11.3857 11.3723 11.3468 11.3128 11.3276 11.3143 11.3356 11.3281 11.3601 11.2574 11.147 11.0127 11.0556 11.0376
  11.0941 0 10.2233 3*0 11.0258 3*0 10.9848 10.5293 10.5662 2*0 10.0847 10.0786 10.0742 263*0 13.2417 13.241 13.2754 15*0 11.6645
  11.6522 11.5289 11.4565 11.4129 11.3941 11.3896 11.3893 11.3861 11.3819 11.365 11.3306 11.3031 11.2635 11.2577 11.1776 11.119
  11.0632 11.0183 10.9959 11.1464 11.1347 11.1308 11.1293 11.1282 11.1058 11.0621 11.0209 11.0011 10.99 10.9858 10.9781 10.945 0
  10.0939 0 10.8507 282*0 11.918 11.9099 11.8359 11.6925 11.542 11.4735 11.4458 11.4225 11.4107 11.4029 11.4007 11.3807 11.3478
  11.3025 11.2693 11.1306 2*0 11.3446 10.7912 11.2124 11.1555 11.1313 11.1306 0 11.1279 11.0972 11.0431 11.0207 11.0005 10.9894
  10.5547 10.6855 10.5271 10.9013 10.8795 275*0 11.9086 6*0 12.0866 11.9012 11.686 11.7614 11.8953 11.8469 11.7377 11.6015 11.5175
  11.4663 11.4589 11.4311 11.4086 11.4036 11.3654 11.3107 11.3897 0 11.3889 10.8453 10.8317 10.8005 10.8851 10.7947 10.4382 10.2439
  10.4584 10.7387 11.1082 10.8833 11.019 10.834 10.8167 10.9838 10.9569 10.9059 73*0 8.72725 195*0 12.7447 12.7432 12.8312 0 12.7707
  12.367 12.6885 12.0938 11.9411 4*0 12.0158 12.0916 11.9161 11.7627 11.7614 11.9605 11.937 11.9146 11.8542 11.7224 11.6271 11.5578
  11.483 11.4542 11.4509 11.4279 11.4041 11.3897 2*0 11.3881 0 11.3696 10.8686 4*0 10.6757 10.666 10.8931 10.7734 10.7291 10.8471
  10.9537 10.9395 74*0 8.71405 191*0 12.8367 2*0 12.8397 12.8369 12.8375 12.8404 12.3914 12.3921 12.7384 12.9595 12.2499 2*0
  12.1797 12.1017 12.0579 12.082 12.0818 12.0289 12.0502 12.1002 12.0328 12.0094 11.9565 11.9392 11.9077 11.8231 11.7081 11.6402
  11.5766 11.5631 11.5105 11.4555 11.4177 11.3989 11.3897 11.3896 11.3893 11.389 0 11.3641 0 10.2707 11.1443 10.914 11.1308 11.1139
  11.0666 0 10.0926 10.4822 10.0417 9.99959 9.98534 263*0 2*12.8407 12.8413 12.8418 12.8414 12.8416 12.8419 12.5432 12.398 12.7674
  13.023 13.0171 12.7778 12.085 12.1084 12.1534 12.2607 12.3013 12.3236 12.1993 12.2344 12.2134 12.1603 12.1295 12.0915 12.0572
  12.0001 11.9545 11.932 11.8811 11.8023 11.8205 11.8406 11.7126 11.5695 11.4862 11.4334 11.4078 11.3946 11.3897 11.3895 11.3884
  11.3799 0 10.7917 0 10.787 10.8157 11.0829 10.594 10.5746 2*0 9.98876 0 9.9284 0 9.89087 261*0 12.907 13.3279 13.2723 12.9867
  13.2304 13.3872 13.2314 13.2085 13.0803 13.0896 13.0922 13.0882 12.4239 11.7934 12.3685 12.6191 12.5007 12.4158 12.3961 12.3685
  12.4248 12.4705 12.2787 12.2198 12.1654 12.1275 12.0907 12.0515 11.9923 11.9676 11.9473 11.9432 11.9265 11.8909 11.8 11.6386
  11.5157 11.4797 11.4314 11.401 11.3897 11.3895 11.3885 11.38 11.346 11.2643 11.1541 11.0751 11.0521 10.4706 10.0687 10.008 9.99428
  2*0 9.87396 9.86422 9.82879 9.81552 72*0 8.7096 183*0 13.1353 13.1844 13.2137 13.1459 13.4907 13.6119 13.5101 13.2193 13.5424
  13.5688 13.6758 13.7604 13.4416 13.4535 13.4651 13.1384 12.3898 12.7306 12.7244 12.7783 12.633 12.4797 12.4369 12.5335 12.6366
  12.5719 12.5787 12.3937 12.2901 12.2033 12.1568 12.1134 12.0807 12.0635 12.0132 11.9719 11.9501 11.9393 11.9129 11.8536 11.7553
  11.6345 11.5043 11.4373 11.4031 11.3897 11.3872 10.9071 10.8008 11.0667 11.1804 0 11.0242 3*0 9.94985 9.88967 9.8729 9.84886 2*0
  7*0 9.64886 9.61818 0 9.61036 245*0 11.3897 12.493 12.6393 13.3508 13.7061 13.7647 13.6752 13.7049 13.5518 13.5742 13.6016 13.3526
  13.8423 13.6682 13.4927 13.2986 13.2922 13.397 13.3881 13.1881 13.2574 12.8484 12.8411 12.7191 12.7364 12.6965 12.6733 12.5935
  12.6008 12.5088 12.3528 12.2442 12.1902 12.1413 12.1078 12.0893 12.0666 12.0265 11.9661 11.9445 11.9265 11.9129 11.8444 11.6627
  11.5145 11.4397 11.3942 11.1371 10.9684 10.8378 11.2756 2*0 10.9996 12*0 9.63146 9.63914 0 9.63308 248*0 11.3897 12.1863 12.343
  12.0987 13.4527 13.7072 13.4986 13.5671 13.209 13.2517 13.2863 13.3189 13.7202 13.574 13.469 13.4021 13.4235 13.539 13.5645
  13.5011 13.2174 12.9582 13.0556 13.0479 13.0834 13.0043 12.9569 12.7968 12.7743 12.7114 12.6638 12.4532 12.4339 12.2801 12.2128
  12.1824 12.1361 12.1074 12.0917 12.0566 11.9891 11.9511 11.9439 11.9196 11.8549 11.6745 11.2565 11.3896 10.9632 11.2857 11.2605
  11.2527 11.1823 11.0898 10.9604 17*0 9.59114 245*0 11.3896 12.5201 12.2218 12.2914 12.5436 13.0807 13.1097 13.2449 13.2857 13.3229
  13.4736 13.6303 13.5151 13.5429 13.3891 13.6442 13.78 13.7952 13.8059 13.677 13.807 13.4383 13.1708 13.1425 13.121 13.0831 13.0789
  13.027 12.9905 12.9039 12.8308 12.5518 12.3285 12.5466 12.4275 12.2924 12.2243 12.2073 12.1801 12.1391 12.1008 12.074 12.0335
  11.9794 11.9448 11.9192 11.8293 11.4959 12.1424 11.2704 11.866 11.6689 11.6048 11.1552 11.0921 11.0143 2*0 10.8242 14*0 9.55844 0
  242*0 13.2453 12.7998 12.4826 12.3932 12.5895 12.4429 12.7057 12.8715 12.8852 13.5775 13.4832 13.4691 13.5009 13.5535 13.6179
  13.6845 13.8324 13.8752 13.9312 13.9743 13.9901 13.9305 13.6974 13.3034 13.1091 13.0227 13.1353 13.316 13.6612 13.46 13.0389
  13.0219 12.5844 12.4831 12.5937 12.4881 12.2886 12.6155 12.4028 12.2653 12.2314 12.2071 12.1602 12.1098 12.0909 12.0621 11.979
  11.9108 12.2033 12.3925 11.9816 11.8915 11.907 11.7762 11.1499 11.1269 11.0906 11.0118 10.9121 10.8199 257*0 13.2416 13.2478
  13.2922 12.3707 12.412 12.478 12.5712 12.7054 12.7551 12.9396 13.1226 12.9685 12.8975 13.4232 13.547 13.657 13.7489 13.9153
  13.9964 14.0647 14.1035 14.0819 14.0442 14.015 13.5552 13.3524 13.2742 13.3648 12.9925 12.9689 12.7387 13.1748 13.4026 12.6743
  12.6614 12.6241 12.5309 12.371 12.5182 12.8038 12.7001 12.5067 12.3798 12.2534 12.2153 12.632 12.1276 12.0894 12.0231 12.7502
  12.3148 12.1201 12.0078 12.4244 12.1322 11.1415 11.1153 11.1026 11.0697 7*0 10.9044 9.58803 10.8059 249*0 13.2418 13.2492 13.3373
  13.0005 12.4422 12.4908 12.5475 12.6738 12.7571 12.7863 12.8417 13.0025 13.0467 13.2368 13.617 13.7282 13.6913 13.8656 13.9916
  14.1667 14.1832 14.1691 14.2095 14.2 14.1829 14.1742 14.1273 13.7474 13.5223 13.4099 13.6223 13.4365 13.2735 12.7977 12.736
  12.6944 12.6709 12.5912 12.349 12.6802 12.8377 12.8236 12.7926 13.0939 13.5841 13.4343 13.3429 12.7546 13.0413 12.872 12.8322
  12.7359 12.634 12.2543 12.9166 12.667 12.3687 6*0 11.5562 11.515 11.2352 10.951 10.88 0 10.8227 0 10.5654 0 10.5306 0 10.3745 2*0
  244*0 12.1105 12.4868 12.5244 12.6255 12.7583 12.8066 12.9364 13.0446 13.2539 13.2889 13.3498 13.6832 13.7692 14.0842 14.1826
  14.0926 14.0993 14.1691 14.1336 14.1716 14.1752 13.3104 13.8548 13.5623 14.201 14.0464 13.6916 13.3531 13.5831 13.1128 12.9262
  12.8695 12.8022 12.7495 12.5914 12.3842 12.5259 12.8407 12.8399 12.8363 13.5422 13.9426 13.8373 13.4294 13.1445 13.3102 12.96
  13.0385 12.2967 12.4653 11.9753 11.9039 12.2656 11.6286 5*0 11.6703 11.5896 11.4609 11.3229 10.9889 10.8651 10.8308 10.8088
  10.7084 10.5641 10.5113 10.5007 10.4256 10.3553 10.3299 242*0 11.3317 0 11.3889 11.3896 11.7186 12.5439 13.1269 13.1927 13.2804
  13.2565 13.145 13.2142 13.3306 13.4891 13.4836 13.7949 13.9915 14.1675 14.2032 14.1869 14.165 14.0486 14.4327 13.4076 13.2908
  13.8491 13.8861 13.8301 13.718 13.5527 12.9548 12.9944 13.0209 12.9716 12.8338 12.6965 12.6835 12.4796 12.4911 12.4093 12.5322
  12.4163 12.6425 14.043 14.1897 13.6016 13.5553 13.3253 12.7895 12.714 12.5538 12.2395 11.8877 11.714 11.883 11.3351 11.1956
  11.1005 2*0 12.407 12.1077 11.7171 11.6076 11.4692 11.3808 11.0849 10.8674 10.8118 10.7941 10.7308 10.5828 10.4925 10.4752 10.4593
  242*0 13.8112 13.7968 13.8273 11.3829 11.3894 11.3912 12.8828 12.1724 12.9066 13.1967 13.023 13.1193 13.2135 13.3785 13.5661
  13.6163 13.6647 13.5763 13.6543 13.9272 14.0708 14.2554 14.1385 13.4521 13.7774 13.4878 14.3097 13.6612 13.8296 13.799 13.8861
  13.5101 13.1611 13.0541 13.076 12.9584 12.6378 12.8428 12.6573 13.2681 13.4435 13.5333 13.4848 13.3696 14.0723 14.0933 13.4713
  13.6573 13.4069 12.886 12.3487 12.7139 12.1687 12.0799 11.7178 11.5595 12.197 12.2172 11.2884 11.115 2*0 12.3705 12.1286 11.7465
  11.6195 11.5012 11.3832 11.2093 10.8895 10.7936 10.7728 10.7325 10.6184 10.4766 10.4484 10.444 242*0 11.1381 11.2245 12.3072
  14.4087 14.5375 13.331 13.3002 13.6606 13.8461 14.2447 13.7714 13.9067 13.4156 13.4706 12.6836 13.1988 12.567 13.4823 13.8337
  13.8782 14.1993 14.4125 13.7915 13.3545 14.8096 14.251 14.3403 13.9952 13.6542 13.9208 13.9366 13.8795 13.5748 13.1991 13.1305
  13.2275 12.7818 12.8125 13.7488 13.7291 13.6784 13.6726 13.7748 13.3223 13.7776 13.4372 13.2723 13.0121 11.9926 12.4738 12.6429
  12.7063 12.3266 12.1687 11.8705 11.9979 12.5194 12.7034 13.1963 13.0762 12.817 12.744 0 12.2802 11.834 11.6419 11.5226 11.3815
  11.2851 10.9509 10.783 10.749 10.7284 10.6425 10.4804 10.4338 244*0 13.6514 15.906 14.9911 14.0216 13.9153 14.268 13.348 13.911
  14.7518 13.8841 14.3102 14.1375 13.3231 13.1576 14.1462 13.9089 14.0292 14.0476 14.2277 14.4074 14.4492 13.9374 13.2566 14.269
  13.7506 13.673 13.7816 14.0874 14.1718 14.1052 13.9874 13.9318 13.892 14.445 13.8996 13.7202 14.013 14.3326 14.2175 13.696 13.7105
  13.4599 12.8875 12.442 12.6823 12.2826 12.0684 11.7765 12.4971 13.0759 12.887 13.1366 12.3447 12.2436 12.4564 12.6761 13.3338
  13.1924 13.0878 12.8589 12.7431 12.4068 12.3067 11.9816 11.6495 11.5311 11.4011 11.3006 11.0449 10.7899 10.724 10.7079 10.6502
  10.5439 245*0 12.775 12.0411 13.4832 13.7347 13.5382 14.4776 14.6334 13.0086 14.7031 13.5545 13.8195 13.5204 13.8746 13.2247
  12.6041 13.096 14.518 14.5038 14.7774 14.7989 14.3924 14.2968 14.0995 13.5733 13.7696 14.0602 14.2098 14.0388 13.9708 14.0188
  14.151 14.0482 14.2043 14.8092 14.902 14.7594 14.7749 13.8301 13.4252 13.0845 13.5332 12.5631 12.8533 13.2964 12.6815 13.0127
  12.6775 12.5207 12.6073 13.2063 13.0136 11.698 11.9331 11.8741 12.1796 13.1635 12.4887 12.6981 13.0891 12.8998 12.6967 12.4299
  12.2855 12.1653 11.7525 11.5604 11.4281 11.2966 11.1362 10.523 10.7087 10.6903 10.6535 10.5701 6*0 9.27784 9.27627 229*0 10.9856 0
  5*0 13.7571 14.1329 14.1914 13.8459 14.5673 14.351 14.0972 12.9232 13.3553 0 14.0119 14.1517 14.2883 12.8718 13.0716 14.2169
  14.1331 14.6692 14.5558 14.9796 14.5227 14.4877 14.2705 14.1327 14.5395 14.7161 14.151 14.5826 14.7997 14.9832 14.8069 14.7991
  14.9091 14.8354 14.9119 14.7484 14.8749 14.1778 14.4324 14.2041 13.8874 13.3329 12.5402 13.3514 13.2921 13.4062 13.0147 13.0887
  12.5958 12.6695 12.896 11.7627 11.6396 11.9313 12.4069 12.2996 12.2027 12.0469 12.3562 13.0726 12.8969 12.6903 12.4975 12.2743
  12.2128 11.8837 11.5752 11.4495 11.2958 10.9312 10.8438 10.6982 10.6752 10.6558 10.5159 6*0 9.27242 9.27509 225*0 12.3515 0
  10.8937 10.9229 10.9712 10.988 11.0028 11.0543 11.115 11.1295 0 16.3302 16.3334 15.6974 13.8584 14.1051 14.7106 14.0738 14.8955
  12.7612 14.4747 12.808 14.0289 14.0293 14.0746 14.1829 14.5418 14.6259 14.4125 14.682 14.411 14.4075 14.1746 14.3813 14.149
  14.5054 14.9459 15.0777 15.1947 14.951 14.6927 15.0057 14.9852 15.0167 15.0079 15.1018 14.959 14.8498 14.8034 14.6407 14.2385
  13.7131 13.8348 13.5838 13.5237 13.5587 13.4904 13.2649 12.9472 12.994 13.8802 13.1334 11.906 12.3712 12.5793 12.7427 12.4454
  12.4054 12.0638 13.2248 13.049 12.8436 12.6892 12.547 12.2976 12.2139 11.8178 11.456 11.2195 11.3175 11.0375 10.8993 10.6949
  10.6607 10.6492 10.6025 232*0 12.2447 12.5117 11.85 10.891 10.9299 0 10.9872 11.0029 11.0435 13.5108 13.5745 13.5841 12.8384
  12.131 13.617 14.1551 14.6865 13.9789 14.5325 14.1326 13.1594 13.7009 12.2361 13.3362 14.1775 13.5457 13.9508 14.3234 14.5799
  14.6229 14.4352 14.4118 14.415 14.8468 14.9563 15.0922 14.9866 15.0328 15.0621 14.9033 14.8015 14.7364 14.695 14.5802 14.5905
  14.8708 14.3997 14.5931 13.7765 14.2777 14.5368 13.8929 13.5259 13.4659 13.317 13.1971 13.3004 13.0811 12.8836 13.4316 13.5634
  13.8571 13.8622 12.6674 12.886 12.9122 12.8198 12.5623 12.4343 12.478 13.1631 13.0155 12.8978 12.6932 12.5775 12.334 11.9962
  11.5092 11.2868 11.1108 11.1275 11.2179 2*0 9.5872 9.57243 224*0 11.383 11.3895 4*0 12.0642 12.1102 12.196 12.3231 12.2131 11.5318
  10.8898 10.9324 10.9783 10.9875 11.0039 13.411 13.5164 13.5555 13.0754 12.6148 12.5032 13.3922 14.0782 14.0323 12.4387 14.3777
  12.047 12.0975 12.3038 12.1864 13.502 13.7008 14.4265 14.3669 14.471 14.3624 13.9766 13.4216 14.1209 14.4881 14.7951 15.6505
  15.1343 15.3052 15.2566 15.2833 15.2727 14.972 15.0497 15.0642 14.2985 14.3087 14.3659 14.9568 14.1024 13.7058 14.549 14.3412
  14.3535 13.8021 13.6026 13.2973 12.7659 12.6124 13.3832 13.2975 12.5914 12.9797 12.4664 13.6988 13.0646 13.0913 12.8915 13.2094
  12.8188 12.6572 13.0585 13.1689 13.0007 12.8752 12.7083 12.5853 12.3864 11.4015 11.4186 10.8975 10.6762 11.171 11.2295 0 9.59296
  9.58471 9.57125 9.55296 9.53638 219*0 11.0924 11.1972 11.3499 11.387 0 11.4527 11.6118 11.8759 11.9482 12.0557 12.102 12.2275
  12.5082 12.7794 12.4463 11.2819 10.934 10.9792 10.9878 12.1604 13.401 13.5077 14.1766 12.7124 13.273 13.6694 12.3193 13.9954
  12.387 12.9115 14.2032 12.1715 14.2537 14.2794 13.9372 14.0468 14.0801 13.6293 13.7293 13.7678 13.7365 13.6603 13.5726 13.3316
  14.5292 13.8366 13.9907 15.023 15.7148 15.2251 15.4585 15.588 14.2579 14.0745 14.1911 14.3806 14.3683 14.3461 14.2898 14.4602
  14.5006 14.3859 15.2173 14.617 13.4251 13.5152 13.3107 13.1413 13.001 13.3835 12.1985 14.0624 12.7166 13.2831 14.1405 13.7731
  14.0098 13.5501 13.7907 13.6451 13.5357 13.3736 13.1716 12.9964 12.8809 12.7275 12.1362 11.7201 11.3273 11.1614 11.0539 11.491
  11.366 2*0 9.58617 9.58 9.57368 9.56341 9.55225 216*0 11.0058 11.0313 11.0442 11.068 11.2049 11.3297 11.3666 11.3849 11.4544
  11.6882 11.9171 11.9727 12.0671 12.2098 12.2619 12.5944 12.8297 12.8405 10.891 10.9342 10.9734 10.9771 10.9837 13.4128 13.478
  14.0492 12.4066 13.5853 13.9201 13.9725 14.0497 14.2483 14.568 14.1726 13.9303 14.236 14.2746 13.599 13.4513 12.9165 13.4086
  13.8323 14.1977 14.739 14.7992 14.9642 13.6135 13.2897 14.1896 14.9012 15.5724 15.0582 15.0115 15.2924 14.7685 14.1593 14.5799
  14.3072 14.2307 14.3641 14.3195 14.4654 14.2129 14.4873 14.4783 14.8658 13.9502 13.2524 13.7987 13.213 13.2462 12.8809 12.168
  12.4084 13.7107 13.713 13.6937 13.4438 12.9659 13.1557 13.5015 12.6899 13.6429 13.5234 13.3697 13.2283 12.3338 12.169 11.9709
  11.8479 11.6365 11.1675 11.1581 10.9613 11.4864 10.2397 0 9.5885 9.58627 9.58242 9.57681 219*0 11.0071 11.0234 11.0722 11.2136
  11.3092 11.3334 11.3594 11.4626 11.7699 11.924 11.9987 12.0873 12.2004 12.3309 12.6988 12.8255 12.8252 11.8528 10.9269 13.1684
  12.752 14.5611 14.0128 13.6845 13.7751 13.7848 13.8294 13.6269 13.9137 13.983 13.9519 13.7555 14.1486 14.1552 12.6744 13.5908
  14.0657 13.7899 14.1478 14.0949 13.5656 13.9022 14.2328 14.3971 14.4016 14.3559 13.9018 14.1198 14.4903 15.2501 15.1201 15.2014
  14.9361 15.1084 14.936 14.7572 14.2408 14.5286 14.3131 14.055 14.2146 14.2954 14.2153 14.1916 14.1212 12.9877 12.8618 13.7357
  13.5101 12.6934 12.9242 13.1787 13.7927 13.8842 13.7523 13.1302 13.0049 13.0805 13.1379 12.9611 13.7543 13.641 13.5083 12.9591
  12.4337 12.2962 12.0569 11.9718 11.7825 11.2021 11.4791 11.198 11.0829 10.2451 10.2384 2*0 9.58715 9.58319 15*0 9.36053 9.3611
  9.36915 202*0 10.9821 11.0063 11.1267 11.2268 11.2846 11.3031 11.3377 11.4812 11.7993 11.899 12.0041 12.0884 12.1805 12.4047
  12.732 12.8001 12.7811 0 13.1385 14.1912 14.0518 13.5727 13.7207 13.753 13.758 13.9023 13.9316 12.9637 14.9147 13.6635 11.7871
  13.7386 12.226 12.3761 12.0579 12.7704 13.0732 12.9669 13.3669 13.453 13.7533 14.2443 14.9278 15.2657 15.4922 15.0165 15.0173
  14.7098 15.2754 15.3008 15.205 15.1008 15.1481 15.1136 15.0751 14.2942 14.0741 14.4142 13.8181 14.1546 14.7141 14.058 14.1956
  14.3284 13.1777 13.2926 13.5098 14.2733 13.5083 13.9491 14.7711 14.3286 13.7858 14.2525 12.9391 12.6244 13.0849 13.1096 12.7522
  13.2848 13.7351 13.6396 12.8763 12.7654 12.2501 11.9227 11.6634 11.7878 11.8102 11.4071 11.5243 11.2854 11.2799 10.2528 10.2468
  11.3693 10.1286 10.2135 221*0 10.9604 10.9955 11.1552 11.2406 11.2644 11.2757 11.3249 11.5125 11.8116 11.8746 11.993 12.0749
  12.1583 12.4627 12.738 12.3418 12.0673 13.0228 12.4506 13.2279 13.6045 13.9188 13.9714 13.7224 13.7199 13.882 13.8599 12.346
  12.4435 11.8555 11.4342 12.0779 12.4816 13.6239 13.6871 13.0227 13.0438 12.9165 13.4718 14.3787 14.787 14.7328 14.7151 15.0854
  14.4421 14.7196 14.2044 14.2697 15.322 14.9781 14.851 14.9464 15.2903 15.111 14.9325 14.5783 14.9271 14.8082 14.6285 14.8219
  15.2457 14.9577 15.0113 14.9615 15.0395 14.1247 15.2058 14.5705 13.3695 13.7987 14.0632 14.079 13.7501 12.9784 12.6352 12.7919
  13.0867 12.5844 12.5444 13.0077 12.4891 12.9861 12.4552 12.3563 12.2454 12.1342 11.9206 12.0167 11.8184 11.3408 11.272 11.0071
  11.3226 10.4594 11.2049 10.8103 10.0205 3*0 10.6592 219*0 10.955 11.1749 11.2223 11.2386 11.2535 11.3192 11.5469 11.8041 11.8659
  11.984 12.0712 12.1707 11.8749 12.0306 12.3131 12.7576 13.0167 13.651 13.5546 14.1648 14.2365 13.6729 12.0828 11.121 12.0133 12.55
  12.6558 13.2624 13.8855 14.3233 14.203 14.9915 14.6095 14.1489 13.8181 14.4977 14.8164 14.9673 15.5095 15.3992 14.7427 14.4901
  14.5848 14.421 14.3896 13.1049 13.3528 14.061 14.8929 15.0119 15.1832 15.3104 15.4254 15.2702 15.4319 15.1869 15.4402 15.3467
  15.1824 15.0649 14.9652 14.9695 13.9712 14.6424 15.0804 14.8833 14.0095 13.54 13.4974 14.2604 13.592 12.9742 12.7455 12.6157
  12.8036 12.9666 12.6434 12.1187 12.893 12.6149 12.5461 12.4486 12.3599 12.6415 11.9509 11.5564 11.8186 11.449 11.0049 11.0287
  11.1638 10.6173 11.3585 11.5765 10.8374 3*0 10.6799 10.6736 10.6097 10.4457 10.443 0 10.3293 214*0 10.994 11.1334 11.1959 11.2125
  11.2522 11.4142 11.7193 11.8001 11.8714 11.9688 12.0629 12.1865 12.5536 12.7021 12.6998 13.4498 13.9485 13.1863 13.1523 14.2217
  13.3668 10.7248 10.7506 11.2905 11.9024 13.7494 13.8653 13.9168 14.4835 14.522 14.5389 13.7886 14.0822 14.4002 14.6307 15.0275
  15.256 15.1818 15.2554 14.6309 14.5219 14.9017 14.7802 15.0346 15.4811 15.543 15.5531 15.1489 15.2869 15.0396 15.6135 15.7476
  15.6093 15.4645 15.3709 15.1877 14.9788 15.0756 15.1739 14.9183 15.3809 15.4187 14.2249 14.5708 14.6545 14.035 13.9329 13.733
  13.9745 13.0595 12.7631 12.2291 12.6174 13.437 12.6382 12.6701 13.3478 12.7046 12.7469 12.4443 12.239 12.7377 12.2376 12.1447
  11.6686 11.3668 11.4728 11.3887 11.1434 11.0377 10.8468 10.8982 11.0867 10.6971 10.2676 10.1768 10.66 10.8438 10.7006 10.6959
  10.6094 10.4635 10.4598 10.4287 10.3521 215*0 11.1181 11.17 11.1838 11.233 11.4216 11.725 11.7916 11.9125 11.9957 12.0753 12.2309
  12.5755 12.6759 13.3707 14.0577 12.3426 12.419 13.5421 12.6145 11.7079 10.7055 10.7522 11.5966 13.9949 13.8359 13.7959 13.8449
  13.4323 13.8136 13.5776 14.0069 13.7792 13.2834 14.2219 14.0795 14.2361 14.0432 14.3154 14.4899 15.0884 15.0575 15.0514 15.6205
  16.2788 15.7919 15.5466 15.5083 15.8928 15.8394 15.7495 15.6724 15.6085 15.4817 15.4844 15.2884 15.0833 14.8952 14.6892 14.6672
  15.2096 14.7975 14.5064 14.2809 14.6917 14.7818 14.1935 13.2662 13.219 12.96 12.175 12.4759 13.072 12.4175 12.7948 13.209 13.0834
  12.469 12.4962 12.2151 12.1342 12.1581 12.0727 11.8169 11.5484 11.5359 11.3352 11.1251 11.0736 11.0563 10.8701 10.9082 10.9434
  10.718 10.5789 11.3327 11.2102 10.8542 10.7177 10.7199 10.6469 10.4898 218*0 11.1002 11.1446 11.1562 11.2149 11.422 11.7053
  11.7705 11.8934 11.9802 12.0735 12.411 12.6408 12.1352 11.9732 12.2283 12.7705 13.4819 11.8704 10.9163 10.6186 11.5221 12.9789
  14.0697 14.0792 13.7111 13.1124 13.1732 12.7065 13.3522 12.7299 13.4569 13.5554 13.5346 13.7517 13.8743 13.5142 13.7694 14.3669
  15.1632 14.9869 15.2146 14.985 15.2615 15.9255 14.9633 15.1669 15.5576 15.7462 15.5229 15.6329 15.6761 15.4641 15.5547 15.3303
  15.4617 15.5392 15.4687 15.5244 15.2681 14.6094 14.6247 14.7257 14.7796 14.9908 14.5034 13.6799 13.3213 12.214 12.4098 12.5912
  11.9971 11.7794 12.1995 12.8482 13.5394 12.2391 12.2515 12.1456 11.9525 12.2452 12.3033 12.0796 11.7091 11.675 11.3096 11.2857
  11.2556 11.2109 10.9863 10.8965 10.9239 11.1301 11.2494 10.4395 10.5577 10.6884 10.884 10.7354 10.7386 10.721 219*0 11.101 11.1195
  11.1295 11.1956 11.4193 11.6852 11.7505 11.8733 11.9628 12.0645 12.4146 12.6177 11.6021 11.6345 12.9054 13.6674 13.7189 10.643
  10.628 10.6538 13.1602 13.9817 13.781 13.3774 11.9831 12.0614 12.1422 12.1651 12.6876 13.5301 13.0367 13.6717 14.4417 13.443
  14.6721 15.2033 15.9351 15.499 15.002 15.0838 15.3066 15.5109 15.4462 15.1876 15.2537 15.252 15.3669 15.2723 15.3608 15.2469
  15.6612 15.5186 15.3445 15.2003 15.4458 15.7498 15.5946 15.2885 14.8359 14.4505 14.8099 14.916 14.8572 14.9533 15.1248 14.1375
  13.2828 13.6143 13.4924 12.8903 12.731 12.1033 12.8362 12.5398 12.6156 12.7267 12.2328 12.561 12.608 12.5767 12.4872 11.9874
  12.0999 11.6392 11.5478 11.7058 11.5245 11.1271 11.013 11.0187 10.8516 12.1262 10.4217 10.3791 10.4408 11.2498 10.92 10.7603
  10.7594 10.7446 220*0 11.0952 11.1053 11.1753 11.416 11.6636 11.4399 11.8502 11.9417 12.0504 12.4079 12.1724 11.5733 11.4827
  12.3551 10.6188 10.6284 10.6528 10.6563 11.3586 12.7057 13.5107 12.9697 11.9525 11.9487 12.0098 12.1002 12.1374 13.6973 13.7561
  14.1407 15.3671 14.5352 14.6005 15.1706 15.9071 15.6996 16.0817 15.8107 15.6747 15.3109 15.5095 15.639 15.1767 15.2586 15.3275
  15.2337 15.6353 15.7299 16.1503 15.5865 15.4874 15.4921 15.5227 15.7475 15.6032 15.1096 14.9981 14.8311 14.9509 15.0052 15.1847
  14.5922 14.4612 14.0057 13.7868 14.0806 13.5733 13.5905 13.1979 13.0809 12.7007 12.563 12.3431 12.2924 12.4869 12.5741 12.3543
  12.3648 12.3993 12.2562 12.1147 12.0013 12.0418 12.1035 12.0139 11.5746 11.434 11.326 10.7862 9.88431 0 9.82446 10.6048 11.3795
  11.2757 10.942 10.7934 10.7728 221*0 11.0749 11.0831 11.1547 11.4031 11.3486 10.9739 11.5136 11.5924 11.4578 11.5112 11.5037
  11.5468 11.5979 11.0528 10.5939 10.6045 10.6289 10.6389 11.6405 11.8801 12.3902 11.9061 11.9225 11.9214 11.964 12.5536 12.1103
  13.054 13.9482 14.2941 14.3412 14.4003 14.457 14.8359 15.4876 15.6491 15.9745 16.1505 15.6223 15.6598 15.4327 15.4088 15.1633
  15.4669 15.576 15.8122 16.529 16.2189 16.0362 15.8799 15.5093 16.0381 15.5337 15.1927 14.9369 14.8021 14.6832 15.0485 15.0203
  14.9643 14.7541 14.5152 13.7897 13.4914 13.1944 13.2704 13.2011 12.8981 13.2035 13.1522 12.9712 12.6129 12.454 12.5015 12.5456
  12.2575 12.8263 12.4618 12.9571 12.5334 12.2772 12.0323 11.8852 12.1319 12.0425 11.7 11.4587 11.3555 10.8323 11.032 11.035 9.88306
  11.2826 11.4082 11.323 225*0 11.0631 11.134 10.9422 10.8629 10.9481 11.0281 11.0866 11.1527 11.3389 11.4775 11.5241 11.4218
  11.0325 10.5782 10.5894 11.3891 11.8377 11.8763 12.1635 11.8577 11.1058 12.6398 11.8991 13.1708 12.5173 13.6006 13.389 12.9881
  13.9065 14.321 14.3836 14.3388 15.1827 15.4017 15.4521 15.5934 15.7046 15.4917 15.6196 15.8128 15.4886 15.0651 15.3277 15.7346
  16.1706 15.997 16.1922 15.8667 15.9031 15.6924 15.3545 14.6804 14.4798 14.5399 14.7546 14.9794 15.2559 14.9516 15.0592 14.6857
  14.1755 13.7175 13.4538 13.5602 13.1137 12.7947 12.7954 12.8712 12.8451 12.7067 12.9413 12.9849 13.1652 13.0305 12.5781 13.2893
  12.9693 12.6368 12.5655 12.316 12.0604 11.9835 12.1595 12.0713 11.727 11.4807 11.3629 10.5434 10.4973 10.9795 9.89558 228*0
  11.0454 10.8972 10.9143 11.2097 10.9157 11.0005 11.057 11.1289 11.3123 11.4545 11.5049 11.4028 10.5668 10.5629 11.7363 11.7666
  11.8192 11.8621 11.8571 13.0166 13.1582 13.2027 13.3655 13.4148 13.4878 13.5652 13.6194 13.1277 13.5879 13.9417 14.3669 14.871
  15.4496 15.0885 14.6327 14.5427 15.2761 15.7296 15.8992 15.3582 15.373 15.1386 15.85 15.9261 16.047 15.9559 16.0666 15.9598
  16.1303 16.0017 15.1634 14.7059 14.2141 14.7615 15.1567 15.2213 15.0877 14.8908 14.8695 14.6948 14.1498 13.7844 13.8465 13.7055
  13.5317 13.5469 13.5637 13.3798 13.014 12.9649 12.2412 13.5981 13.4257 12.7807 12.6048 12.4314 12.9796 12.6713 12.5929 12.2133
  12.1509 12.2924 11.9944 11.5882 11.5026 11.5086 11.4743 11.2948 10.9989 230*0 11.0266 11.084 11.1117 10.7992 10.8803 10.9705
  11.035 11.0944 11.2716 11.4242 11.3386 11.1888 11.099 11.1322 11.7246 11.7658 11.8178 11.8588 12.2042 13.0038 13.2485 13.1702
  13.3249 13.3858 13.4647 13.5385 14.0536 12.658 13.5648 13.9356 14.5559 15.6882 14.8793 14.3033 14.5185 14.266 14.8073 15.2289
  15.5027 15.6417 15.3087 15.2593 15.3134 15.4317 16.0584 16.0598 16.0486 16.1156 16.1154 15.7008 15.1854 14.6316 15.0082 14.9772
  14.982 14.9515 14.7567 14.5696 14.4741 14.2143 13.8054 13.8601 13.8146 13.6086 13.6695 13.661 13.5803 13.3665 12.9744 12.9275
  13.246 13.3705 12.8929 12.5949 12.4907 12.6145 12.7196 12.703 12.6169 12.4445 12.8263 12.3111 12.2101 12.121 11.6926 11.5043
  11.5645 233*0 10.6956 10.8223 10.7719 10.8489 10.9422 11.1121 11.3315 11.5441 11.6714 11.7205 12.5034 11.8013 11.6978 11.7099
  11.9234 11.8179 12.6283 12.2986 12.6884 13.2646 13.2867 13.0448 13.3546 13.7074 14.0114 12.6579 12.6267 13.6619 14.9054 14.8893
  15.1111 14.6337 14.6028 14.2388 14.1491 14.5582 14.4039 14.3218 14.9687 15.3217 15.0257 15.1992 15.4199 15.7146 15.8134 16.111
  16.1085 15.35 15.2378 14.7987 14.9657 15.176 15.159 14.8852 14.7448 14.4741 14.3565 14.0417 13.7924 13.686 13.5867 13.5184 13.5089
  13.6327 13.639 13.5247 13.067 13.1234 12.9375 13.4153 13.2267 12.9068 12.7721 12.3548 12.1466 12.3875 12.7326 12.6419 12.5621
  12.4454 12.2468 12.235 12.1452 236*0 10.5072 10.5821 10.742 10.8186 11.3683 11.4439 11.849 12.1168 12.4213 12.4706 11.7213 11.6047
  11.6803 12.3909 12.9073 12.2093 13.1336 12.3018 13.173 12.3842 12.002 12.0284 11.7387 12.3315 12.3777 13.0253 13.0616 14.0313
  14.3294 14.948 14.2157 14.0609 13.9658 14.1426 14.4583 14.5507 14.7878 14.9127 14.8488 15.0359 14.9251 15.2496 15.2765 15.3312
  15.4705 15.8017 15.5042 15.1039 15.1592 15.009 15.288 15.1873 15.1402 15.0336 14.6301 14.5628 14.0878 13.8311 13.6858 13.5638
  13.9632 13.711 13.4183 13.4051 13.0812 12.8999 12.4818 12.3019 12.5865 13.9094 13.6714 13.4157 12.9991 12.8796 12.9561 12.8552
  12.7546 12.6655 12.5794 12.4672 12.0052 239*0 10.5449 10.4633 10.6882 10.8869 11.2014 11.8228 12.0247 12.3689 12.4463 11.5494
  11.5525 11.8262 12.8364 12.8798 12.9836 13.1177 12.713 12.6714 11.9693 12.0059 12.143 12.8031 12.4608 12.2873 13.5667 14.0498
  14.2897 14.4656 13.9564 13.5771 13.6075 14.1648 13.9519 14.3895 14.5347 14.7817 15.1039 15.1641 14.7692 15.0766 15.2478 15.3706
  15.5417 15.5425 15.5954 15.4228 15.3312 15.2882 15.1922 15.1317 15.1564 14.9718 14.9256 14.8277 14.5545 14.4024 14.0486 14.2677
  14.1707 14.2374 13.9714 13.5866 13.1921 13.2856 12.6055 12.2593 12.4638 12.8536 13.568 13.3744 13.3772 13.1505 13.0547 12.9725
  12.6528 12.7658 12.688 12.5947 241*0 10.6334 10.5512 10.7723 11.3023 11.6972 11.7926 11.9281 11.8784 11.5212 12.0232 12.5056
  12.7793 12.8229 12.8532 12.9471 12.3829 12.4241 12.6711 12.2216 12.3356 12.2768 12.3696 12.603 13.7542 14.0457 14.5047 14.4656
  12.9631 13.0346 13.3346 14.0142 13.3502 13.9885 14.3256 14.649 15.044 15.1964 15.2697 15.1996 15.2471 15.544 15.3453 15.3627
  15.3847 15.2355 15.2181 15.1425 15.2032 15.1166 15.0675 15.0011 14.9298 14.8837 14.8058 14.7119 14.7411 14.707 14.6155 14.4097
  13.9529 13.6989 13.6266 13.146 13.1094 12.7256 12.6511 13.5474 13.9597 13.8223 13.6383 13.3223 13.1465 13.0576 12.8359 12.3286
  12.6878 244*0 9.93784 11.506 11.5607 11.6746 11.7617 11.8575 12.1938 12.4087 12.4156 12.4479 12.7204 12.809 12.8284 12.5143
  12.0016 12.0612 12.0698 12.0936 12.1507 12.9695 12.97 14.3786 15.1249 15.1739 14.2532 12.4729 12.4565 13.2829 13.4426 13.187
  13.7893 14.1719 14.3473 14.7518 15.2143 14.9503 14.8405 14.6962 14.8062 15.5011 15.1051 15.095 15.0903 15.2354 15.2424 15.1872
  15.1477 15.0543 14.9824 14.9433 14.9035 14.8379 14.5577 14.5421 14.7137 14.6635 14.5107 14.2643 13.949 13.8381 13.8053 13.5215
  12.7361 13.0925 13.6536 13.8868 14.0137 13.5098 13.596 13.2681 13.1372 12.8069 11.8129 246*0 11.2095 11.4586 11.5281 11.6393
  11.717 11.7946 12.0765 12.363 12.4022 12.4034 12.6389 12.7865 12.8102 12.0269 11.9735 11.9002 12.0667 13.0437 13.38 13.1905
  12.6807 13.0414 14.8731 14.8717 13.5886 12.471 12.3189 12.7313 12.7175 12.7687 13.8803 14.0951 14.4284 14.8271 14.3767 14.3999
  14.4394 14.8279 15.3083 15.4769 15.4794 15.4827 15.5616 15.2892 15.2278 15.1772 15.094 14.9892 14.9371 14.899 14.8559 14.4373
  14.5271 14.6074 14.722 14.5353 14.2835 14.2605 13.9223 13.5703 13.9454 13.9281 13.1942 13.7085 13.9175 14.1607 13.9349 13.7642
  13.4826 13.241 13.1554 249*0 10.1125 11.4828 11.608 11.6727 11.7648 11.9416 12.2897 12.3897 12.3942 12.4929 12.7542 12.3976
  11.9972 12.0817 12.6583 12.4269 13.6886 13.3242 12.5569 12.2223 13.6711 13.8156 12.8874 12.2326 11.9895 11.9605 12.6675 12.9326
  13.4917 13.8538 13.9594 14.1723 14.2876 14.3677 14.4149 14.4333 15.2697 15.4554 15.4636 15.4694 15.4736 15.2996 15.2859 15.215
  15.1694 15.0405 14.9781 14.9268 14.9019 14.85 14.7719 14.7097 14.6612 14.5959 14.5216 14.3385 13.9778 13.4567 13.312 13.671
  13.5457 13.356 14.1616 13.934 13.8705 13.7139 13.3965 252*0 10.3411 11.4463 11.5227 11.6297 11.7239 11.8283 12.1683 12.3774 12.387
  12.4277 12.6896 12.789 12.8144 12.8935 13.0207 12.7111 12.228 12.0827 12.1134 12.1812 12.7083 12.4192 12.5422 12.6059 12.6426
  12.2985 12.7441 13.6959 13.9196 13.9034 14.1072 14.3719 14.5598 14.5078 14.3928 14.4426 15.0541 15.2644 15.4556 15.431 15.1463
  15.255 15.2602 15.2564 15.1132 15.0042 14.9667 14.9226 14.8939 14.8293 14.7681 14.7143 14.6491 14.5429 14.3875 14.0226 13.7813
  13.6823 13.9329 13.9681 13.3758 13.7244 14.1247 13.4336 255*0 10.6444 11.4045 11.4681 11.5884 11.3755 11.7527 12.0201 12.3224
  12.3803 12.3864 12.578 12.7634 12.3859 12.8529 12.96 12.0384 12.0697 12.0813 12.1099 12.1626 12.2571 12.7365 13.3 13.409 13.1717
  13.3335 13.8144 13.9674 14.217 13.811 14.4744 14.4141 14.5372 14.5781 14.9487 15.0007 15.0973 15.1322 15.1845 15.202 15.0603
  14.9755 15.2181 15.2282 15.1229 274*0 11.0959 11.0866 11.4371 11.5321 11.3299 11.7225 11.8611 11.8847 11.4998 11.6544 11.5672
  11.7032 11.7634 11.9768 11.9173 11.9999 12.0657 12.0772 12.4798 12.5278 12.7656 12.8908 13.1984 13.046 13.458 13.7101 13.7453
  13.6724 13.7114 13.9454 14.2149 13.9406 13.9495 14.6428 14.8303 14.9455 15.0878 15.1394 282*0 11.2301 11.4109 11.4704 11.5889
  11.677 11.7618 11.409 11.464 11.3584 11.4159 11.6397 11.7401 11.7997 11.8768 11.9606 12.3821 12.2766 12.4605 12.6498 12.8231
  12.9472 12.6239 12.512 12.5908 13.337 13.5944 13.6408 13.6811 13.7413 13.573 13.8909 13.9583 14.2788 14.031 14.0911 284*0 11.1649
  11.3677 11.4372 11.5439 11.6286 11.2125 11.206 11.3928 11.517 11.5378 11.5664 11.7033 11.7737 11.8404 11.9182 11.9941 12.0637
  12.5838 12.7388 12.7893 12.8686 12.8543 12.6571 12.9346 13.6763 13.4573 13.6124 13.666 13.6948 291*0 11.0862 11.0793 11.0352
  11.0484 11.102 11.1502 11.2935 11.4897 11.5362 11.5458 11.79 12.036 12.2329 12.3175 12.1343 12.0203 12.0793 12.0921 12.5083
  12.5552 12.2218 12.3112 13.2911 13.1635 295*0 10.755 10.8845 10.9395 11.0157 11.0788 11.1327 11.1944 11.4236 11.5237 11.548
  11.8822 12.1841 12.2783 12.3695 12.457 12.5487 12.3805 12.4361 12.6278 12.5223 12.3785 298*0 10.6971 10.8247 10.9249 10.9768
  11.0607 11.1082 11.1564 11.2898 11.4812 11.5465 11.8609 12.1204 12.2285 12.3188 12.5775 12.3512 12.5558 12.633 12.6937 301*0
  10.7404 10.9632 10.9602 11.0223 11.0905 11.3899 11.6127 11.9277 11.9424 12.0152 12.0784 12.0877 12.1226 11.9886 12.1007 304*0
  10.7564 11.2138 11.1076 11.1583 11.3841 11.4508 11.5068 11.347 11.6145 11.9992 11.9517 11.8639 11.6224 307*0 11.0559 11.3266
  11.4769 11.521 11.6286 11.8311 11.8634 11.9129 11.9933 12.0066 309*0 10.9823 11.1269 11.403 11.4976 11.549 11.7874 12.0417 101*0
  212*0 11.0681 11.1684 11.4425 11.5135 315*0 10.9588 10741*0 7.73765 3232*0 10.0211 318*0 10.0349 10.1187 314*0 9.46836 9.66783
  9.94646 10.032 10.1411 309*0 7.60277 4*0 9.47857 9.66146 9.93176 10.0468 10.1403 0 10.4034 10.831 303*0 7.65972 7.73399 7*0
  9.68142 9.92587 0 10.1667 10.3489 10.5087 10.8908 11.1137 301*0 7.08982 7.63207 7.74456 8.10086 8.34 8.76958 9.24472 9.53454
  10.0084 10.3389 10.5298 0 11.091 0 10.3571 10.6221 10.981 11.5607 11.774 300*0 7.09356 7.51733 7.70384 8.04095 8.30627 8.74792
  9.23873 9.48883 10.0198 0 10.6238 10.9286 11.1264 11.1971 11.4589 0 10.6646 11.47 11.9218 297*0 6.61532 6.67864 0 7.04059 0
  7.66466 7.82263 8.3069 8.64987 9.23737 9.47805 10.0454 10.3355 0 10.9511 2*0 11.6721 11.9537 12.2996 12.7461 13.0448 12.3018 2*0
  295*0 6.68518 5*0 8.14083 2*0 9.56146 10.0829 10.4077 10.6562 10.9533 11.1136 0 11.807 2*0 12.8549 13.1953 13.4307 13.4517 13.7539
  302*0 8.7035 0 9.6474 10.1779 10.4241 10.737 10.9429 11.2216 11.4413 11.9943 12.3202 0 13.1294 13.2893 13.4736 13.6204 13.8083
  13.9106 14.0257 297*0 8.13933 2*0 8.84195 9.31992 2*0 10.3482 10.6474 10.8591 11.2309 11.4523 11.9688 0 12.9236 0 13.3576 13.5764
  13.7492 13.9118 14.0095 0 14.2221 14.7568 14.6867 15.0168 292*0 7.85927 8.11452 8.31304 8.64403 9.13485 9.31852 2*0 10.343 10.5518
  10.8818 11.1314 11.5054 12.1621 0 12.0447 2*0 13.7262 13.9003 13.9953 14.1118 14.2219 0 14.3557 14.6883 14.9511 14.9019 15.276 2*0
  286*0 7.45615 7.60367 7.7274 8.02568 8.27104 8.55949 9.14383 9.30015 9.65028 10.133 10.3373 10.5464 11.0022 11.0675 11.1931
  11.8528 11.682 12.0027 12.9429 13.564 0 13.9971 14.0831 14.1842 14.287 14.399 14.5008 14.6247 14.9129 15.0556 15.54 288*0 7.14263
  7.52374 7.69582 8.07216 8.23715 8.44602 9.03606 9.28392 9.60849 10.0873 10.3382 10.5533 10.9689 11.0094 11.5356 11.866 12.3541
  11.9997 12.8291 13.6005 0 14.0366 14.1873 14.2982 14.3682 14.5254 14.6041 14.8951 15.065 0 16.0884 16.1192 15.293 16.1655 282*0
  12.8913 2*0 7.08309 7.43505 7.64812 7.85315 8.14813 8.3711 8.93467 9.25721 9.55544 9.86179 10.338 10.6325 10.9857 11.1411 11.4732
  11.7504 11.6967 12.4656 12.3762 12.7528 0 14.1541 0 14.3503 14.4485 14.5675 0 15.0896 289*0 5.95109 6.11801 2*0 6.71127 6.92917
  7.19475 8.38263 8.82435 9.24545 9.53622 10.0084 10.8978 10.7026 11.0249 11.5347 11.1956 11.3891 11.5294 13.5738 3*0 14.2354 2*0
  14.5388 10*0 16.2263 14.9022 284*0 6.68274 6.83114 7.12515 7.36724 7.77196 8.24745 8.44454 8.91272 10.4519 10.6591 11.2967 11.3479
  11.7795 12.3371 12.627 12.5867 12.2168 13.1291 0 14.3252 2*0 14.5789 15.5129 16.1154 0 16.1602 7*0 16.2437 285*0 6.741 7.01378
  7.2751 8.13277 8.64294 9.26376 9.3827 9.29033 10.2387 10.55 9.98935 11.2889 10.3104 12.9266 12.3508 13.7317 13.5287 14.882 14.2527
  13.7893 14.0665 13.4993 14.9412 16.1352 0 16.1521 16.1602 292*0 6.70145 6.9622 7.19963 7.34177 8.10033 9.04183 9.25663 10.0885
  10.4597 11.1632 11.2607 11.67 11.4251 11.5475 11.678 12.1671 12.7236 12.3328 12.7678 13.7233 13.4528 15.3855 14.3693 0 16.1289
  16.1335 15.5149 15.5631 7*0 15.7794 16.3136 284*0 7.09299 7.32579 0 9.7278 9.42566 9.22943 10.408 10.7599 9.95156 11.2764 10.985
  11.0916 10.9964 11.7401 12.1454 12.9299 12.8961 12.9887 13.4257 12.7851 2*0 13.7831 15.394 16.1594 0 14.6137 16.2502 14.8641
  15.1441 3*0 12.8439 16.3659 2*0 15.8995 0 15.888 278*0 6.583 7.95361 7.76778 7.69033 8.23337 8.84964 9.08512 9.32025 0 9.83088
  10.0715 11.4212 10.5655 10.9693 11.9662 8*0 15.3665 14.643 2*0 14.1423 5*0 15.8921 3*0 16.3447 15.2538 16.0424 15.8805 2*0
  15.8511 273*0 7.52605 6.85412 6.46188 6.83133 9.80263 8.69885 8.43004 9.14255 10.7214 9.33598 10.6762 11.3357 11.5924 11.7417 2*0
  2*0 14.7533 4*0 15.2692 2*0 15.3972 15.4109 15.5372 14.9923 15.0485 15.1065 15.1605 15.2226 15.2687 15.89 15.5116 0 15.6014
  15.5886 3*0 15.7353 0 15.8425 15.8178 273*0 6.21642 6.36158 2*0 7.70514 8.92921 8.62869 9.00374 9.37572 9.64249 11.2861 12.5715 0
  3*0 14.671 3*0 15.1815 2*0 15.2582 2*0 15.0712 15.2514 15.2086 15.0265 15.0601 15.1187 15.1851 15.2534 15.4501 15.1663 0 15.6174
  15.2321 2*0 15.664 15.7969 15.7789 15.8106 274*0 6.02082 4*0 8.07169 8.71627 8.94147 10.1691 9.58751 11.6721 11.8765 14.3637 2*0
  14.6368 12.7624 6*0 15.2199 4*0 14.928 15.1325 15.0231 15.2289 15.1413 15.2217 15.2714 15.482 15.3615 15.4467 14.9617 15.5421 0
  15.657 15.8268 15.8567 274*0 5.58867 5.81826 6.17928 0 6.94596 7.25887 7.93135 8.49258 9.02445 9.13537 9*0 14.9405 15.0398 7*0
  14.8543 14.893 15.1941 14.9868 15.1874 14.9577 15.1744 15.233 15.4296 15.4726 0 14.7847 15.6685 0 15.636 15.7549 15.8465 0 15.8589
  276*0 6.87217 7.43488 7.87998 8.52844 9.01665 17*0 14.7113 14.759 14.8207 14.8642 14.9079 15.0976 15.2407 15.0746 15.1096 15.1881
  15.3919 14.4222 15.3133 15.5602 15.0013 0 15.7044 15.66 15.8032 15.7454 276*0 6.56828 6.76496 7.34615 7.87746 8.48858 8.93678
  9.25268 9.43602 7*0 14.517 5*0 14.3877 14.5806 14.6592 14.7255 14.7782 14.8349 14.8789 14.9254 14.9766 14.7909 14.722 15.1707
  15.3263 14.2001 15.3905 0 14.0769 0 15.5894 15.6459 15.7563 15.781 277*0 6.78179 7.28519 7.81906 10*0 14.4552 14.4938 3*0 14.9976
  14.029 14.2107 14.4711 14.6052 14.6918 14.7463 14.7988 14.8596 14.8977 15.0438 14.997 14.2544 15.1242 15.1686 14.7465 14.9873 0
  13.7942 15.4626 15.5743 15.6358 15.771 15.7821 15.768 15.5533 277*0 11.0978 11.7196 15*0 13.9189 14.5215 14.2965 14.5266 14.6316
  14.707 14.7735 14.8424 14.8756 14.921 14.9706 14.645 15.3297 15.1461 14.9881 14.5366 15.3047 14.0903 0 15.5715 15.6344 15.7296
  15.7715 15.7348 277*0 9.90067 10.763 0 12.0755 12.3936 10*0 14.4744 2*0 13.7828 14.7205 14.5706 14.7092 14.5618 14.6617 14.7397 0
  14.8577 14.9031 14.8394 14.2326 15.2348 15.1337 13.8922 14.2716 15.455 13.4192 15.4665 15.7374 15.6333 15.6895 15.7749 15.6566
  15.4591 15.6086 281*0 12.7286 12.8668 13.0024 13.1352 0 13.8376 4*0 13.1705 13.2858 13.5183 14.3585 14.4855 14.5416 14.6947
  14.8424 14.8771 14.7805 14.8405 15.0493 14.1514 14.0765 15.2369 14.6199 12.2451 13.5405 13.3049 14.56 15.5205 15.5709 0 15.7534
  15.5308 0 15.4081 15.4561 281*0 12.4942 12.7015 12.8803 13.0138 13.1903 13.6085 3*0 13.0051 13.5122 13.761 13.3227 12.6224 14.3818
  14.2383 14.6529 14.7949 14.9393 14.7634 14.9333 14.5875 13.5679 13.593 15.0655 14.065 13.9446 15.4166 15.207 2*0 15.6239 15.6716
  14.8088 0 15.4749 15.5168 15.3711 283*0 12.7716 12.908 12.9398 2*0 13.8396 14.1808 13.4452 13.7214 13.6804 13.8003 12.3042 14.1716
  14.1229 14.5795 14.7166 14.7313 14.8521 14.5093 12.9744 14.2547 14.9517 15.1585 15.0061 15.3166 15.5328 15.4706 0 15.6085 15.7105
  15.767 0 15.6987 15.5743 15.4689 14.6474 15.2623 287*0 13.6924 12.5905 13.4649 13.3388 13.1016 12.1375 13.0344 13.4677 14.2391
  14.4764 14.557 14.6205 14.7628 13.2005 14.4428 0 15.6263 13.8649 15.3126 15.4558 0 15.5158 15.5893 15.7137 15.7292 2*0 15.5196
  15.4558 15.4327 15.2655 15.0133 175*0 10.0327 109*0 12.9503 10.2447 10.7629 12.3647 13.2954 11.6216 10.9714 12.7589 13.7085
  13.7833 14.0131 13.7714 14.1133 14.3188 14.7537 14.0607 0 15.0464 13.5085 0 15.2657 15.582 2*0 15.5461 3*0 15.5577 15.5963 15.4027
  15.2038 0 15.1966 174*0 10.0243 106*0 9.85948 10.3975 10.5602 11.987 9.98801 8.87155 9.84274 10.5887 10.2389 13.2094 0 13.1719
  11.5122 0 13.5922 3*0 14.359 14*0 15.5602 15.4686 15.0886 15.3591 281*0 9.50366 9.65539 9.87946 10.3976 10.741 0 10.5976 205*0
  9.98886 107*0 9.5634 798*0 10.5106 10.5066 313*0 10.5457 10.5415 10.5284 10.5272 10.5207 10.5171 300*0 10.0787 12*0 10.5549
  10.5487 10.5398 10.5335 10.5322 10.5229 37*0 9.86513 9.8915 259*0 10.069 10.0722 10.0748 12*0 10.5639 10.5591 10.552 10.5428
  10.5443 33*0 9.90944 3*0 9.81172 9.81494 9.81812 16*0 9.26153 9.26306 233*0 10.0662 10.0644 0 10.0624 10.0621 10.063 10.0638
  10.065 10.0667 10.0692 10.0714 10.0744 10*0 10.5959 10.5707 10.5658 10.5608 10.5553 10.5552 10.5494 4*0 10.4995 10.4663 23*0
  9.95202 9.91402 9.8805 9.8494 9.82054 9.78892 9.7726 9.75556 9.73844 14*0 9.32531 9.30894 9.28612 36*0 4.90568 4.8658 5*0 3.99307
  191*0 10.0669 10.066 10.0643 10.0628 2*10.0622 10.0629 10.0637 10.0648 10.0664 10.0692 10.0722 8*0 10.7372 10.7014 10.6561 10.6101
  10.5713 9.58692 9.96116 10.5615 4*0 10.5234 10.5112 10.5035 23*0 9.86179 9.84514 9.81413 9.78617 9.76117 9.73855 9.71682 9.6952
  9.67955 9.67641 0 9.59149 9.57245 9.56217 9.54288 9.51259 5*0 9.31768 9.33723 2*0 9.26597 9.21747 0 9.1743 33*0 4.90476 4.8286
  4.77153 0 4.20718 170*0 10.2314 10.2214 10.2121 10.2081 10.1966 10.1921 10.183 17*0 10.0707 10.0687 10.0663 10.0644 10.0629
  10.0621 10.0623 10.0628 10.0636 10.0647 10.0663 10.0684 4*0 10.8574 0 10.8145 10.7986 10.7746 10.7498 10.7168 10.7082 0 10.608
  10.5751 0 10.567 10.5612 10.556 10.5405 10.531 10.5206 22*0 9.86957 9.84033 9.81365 9.78045 9.74915 9.72091 9.69569 9.67286
  9.65147 9.63034 9.61022 9.57527 0 9.54923 9.53202 9.50441 9.48574 9.45714 10*0 9.19091 9.15757 9.11927 33*0 5.00487 2*0 4.44574
  4.27855 4.13764 4.00397 3.90263 167*0 10.2461 10.24 10.2313 10.2226 10.2134 10.2063 10.1991 10.1887 9*0 10.1076 10.1037 4*0
  10.0804 10.0754 10.072 10.069 10.0665 10.0646 10.0627 10.0622 10.0623 10.0629 10.0635 3*0 10.8801 10.8792 10.8774 10.8739 10.8626
  10.8465 10.8297 10.8104 10.7859 10.7637 10.7487 10.7194 10.6657 10.6118 10.5691 10.5716 10.5671 10.5603 10.5506 23*0 9.85513
  9.82475 9.78774 9.75212 9.71849 9.68731 9.65877 9.63304 9.60945 9.58751 9.56695 9.54743 9.52822 9.5151 9.4905 9.47499 9.45098
  9.44086 9.41566 9.36824 6*0 9.21474 6*0 8.98963 9.38102 29*0 5.09279 2*0 4.70722 4.54283 4.31203 4.14847 4.08183 167*0 10.2759
  10.2692 10.2602 10.251 10.2417 10.2346 10.2275 10.2179 10.2079 10.1977 0 10.1759 3*0 10.1411 10.1313 10.12 10.113 2*0 10.0969
  10.0944 10.0899 10.0843 10.0798 10.0759 10.0723 10.0693 10.0667 10.0639 10.0627 2*0 10.9382 10.9294 10.9179 10.9059 10.8942 10.884
  10.8807 10.8789 10.8771 10.8712 10.8558 10.838 10.8219 10.7928 10.7688 10.7475 10.7234 0 10.5896 10.6093 10.5706 10.5638 10.557
  10.5449 10.5232 19*0 9.84894 9.83175 9.80655 9.76803 9.73042 9.69423 9.66034 9.62933 9.6005 9.57387 9.54885 9.52561 9.50497 9.4854
  9.47264 9.44893 9.43517 9.42042 9.41183 9*0 9.16646 5*0 8.9821 9.2862 8.95548 8.93507 8.91924 18*0 6.13188 5.92934 5.66667 7*0
  4.92869 4.82509 4.68949 4.61925 4.37816 4.22936 166*0 10.3123 10.3075 10.2999 10.2906 10.2811 10.2714 10.2615 10.2541 10.2465
  10.2364 10.2256 7*0 10.145 10.1364 10.1283 10.1215 0 10.104 10.0994 10.0952 10.0898 10.0849 10.0803 10.0762 10.0725 4*0 10.9761
  10.959 10.9492 10.9393 10.9292 10.9164 10.625 10.6188 10.8834 10.8802 10.8782 10.8751 10.8635 10.8508 10.841 4*0 10.6357 10.6507
  10.5977 10.561 10.5415 0 10.4785 18*0 9.83869 9.82498 9.77735 9.75091 9.71348 9.676 9.63976 9.60587 9.57476 9.54539 9.51738
  9.49092 9.46676 9.44535 9.42489 9.40956 9.39424 9.3737 9.35276 9.3227 5*0 9.18934 9.12492 9.11378 0 9.10506 9.04253 9.10025
  9.34742 0 8.97232 8.9475 8.93285 8.91759 8.90816 8.91284 8.91048 18*0 5.98756 6*0 5.10207 5.02841 4.94448 4.84422 4.71296 4.62524
  4.53916 4.29819 165*0 10.3173 10.3172 10.3152 10.3133 10.3097 10.3026 10.2924 10.2811 10.269 10.2636 10.2506 6*0 10.1769 10.1688
  10.1581 10.1477 10.1377 10.1273 10.1192 10.111 10.1048 10.1003 10.0959 10.0904 10.0853 10.0806 10.0763 10.0726 10.0687 10.066
  10.6171 10.9857 10.9827 10.976 10.9653 10.9544 10.7216 10.5572 10.7443 10.901 10.8885 10.8813 10.8791 10.8769 10.8716 10.8548
  10.8414 3*0 10.6995 10.6673 10.6266 10.5532 20*0 9.77697 9.75045 9.73737 9.71869 9.69442 9.65269 9.61199 9.57576 9.54176 9.50959
  9.47897 9.44931 9.42822 9.4105 9.38833 9.37247 9.35684 9.33595 9.31528 9.29515 9.27592 9.27567 0 9.20146 9.19271 9.16434 9.1403 0
  9.05021 0 9.02016 3*0 8.93776 8.93503 8.92149 0 8.89547 8.87942 8.88458 8.88942 15*0 6.34609 6.28308 6.16569 6.05881 5.6328
  5.53086 0 5.27306 5.18306 5.14489 5.08689 5.00942 4.93849 4.87648 4.77901 4.66177 167*0 10.3235 10.3221 10.3201 10.318 10.3159
  10.3137 10.3105 10.3056 0 10.2812 8*0 10.1819 10.1728 10.1616 10.1508 10.1403 10.1302 10.1206 10.112 10.1066 10.1013 10.0964
  10.0907 10.0854 10.0806 10.0773 11.0014 13.0581 12.3154 10.9858 2*10.9857 10.9847 10.7961 10.5157 10.5969 10.9347 10.9218 10.9084
  10.8943 10.8834 10.8798 10.8777 10.8714 10.8529 2*0 10.759 10.6938 10.6349 10.6185 18*0 9.79553 9.81172 9.76916 9.74126 9.71599
  9.67997 9.65047 9.62605 9.59765 9.55247 9.51554 9.48058 9.44721 9.41598 9.3857 9.3626 9.34946 9.33332 9.31746 9.30204 9.28084
  9.2598 9.23996 9.22157 9.21025 9.16464 9.16878 9.15024 9.14458 9.09423 9*0 8.87232 0 8.86156 8.85974 8.86427 2*0 8.82127 8.82363 0
  10*0 6.66231 6.57288 6.26571 6.17754 6.05943 5.69845 5.5636 5.45758 5.32971 5.17746 5.11261 5.07465 5.01112 4.96385 153*0 13.262
  13.3259 15*0 2*10.3273 10.325 10.3229 10.3206 10.3184 10.3155 10.3135 7*0 10.233 10.2238 10.2053 10.2003 10.1881 10.1762 10.167
  10.1532 10.1424 10.1319 10.122 10.1129 10.1076 10.1028 10.2874 10.495 10.0854 11.2019 12.2512 13.2367 11.8503 10.8056 10.9872
  10.9858 10.8013 10.5902 10.524 10.7472 10.9582 10.9441 10.9288 10.9142 10.8993 10.8849 10.8805 10.878 10.8701 3*0 10.691 10.5253 0
  20*0 9.71558 9.67925 9.65071 9.62241 9.58764 9.56285 9.53953 9.50899 9.47057 9.43383 9.39957 9.36768 9.33706 9.30701 9.2847
  9.27174 9.26856 9.24837 9.22698 9.20578 9.18615 9.16754 9.14647 9.14288 9.12907 4*0 9.00156 8.97264 5*0 8.86699 8.86367 8.85242
  8.84345 8.83838 8.83898 8.83544 8.81214 8.80125 8.57007 8.39857 9*0 6.80175 6.67065 6.54727 6.29703 6.16928 6.05658 5.93076
  5.61587 5.46603 5.37302 5.22502 5.10633 5.06857 5.01653 2*0 4.88257 4.78803 150*0 13.3506 12.5265 16*0 10.3308 10.3298 10.3278
  10.3255 10.3225 8*0 10.2582 10.2533 10.2406 0 10.2095 10.2008 10.1915 10.1789 10.1668 10.1551 10.1439 10.1331 10.1228 10.1134
  10.1073 10.4985 10.5868 10.6805 13.499 12.2787 11.9836 11.1073 10.5336 10.9947 10.9907 10.5912 10.678 10.8008 10.9857 10.9803
  10.9668 10.9511 10.9345 10.9185 10.9013 10.8879 10.8707 10.8438 10.8432 0 10.1999 10.197 10.4678 21*0 9.64135 9.62257 9.58952
  9.56602 9.54112 9.51634 9.4928 9.46746 9.42954 9.39052 9.35349 9.31944 9.30864 9.29726 9.27 9.2757 9.2409 9.19345 9.14442 9.15232
  9.13361 9.11701 4*0 9.04675 2*0 8.96006 8.94507 0 8.88726 8.8795 8.87469 8.85892 8.84369 8.83533 8.82957 8.82776 8.81141 8.81626
  8.80459 8.79709 8.68856 8.52792 9*0 7.01283 6.80164 6.74476 0 6.45997 6.17316 6.07956 5.95535 5.76195 5.48775 5.39507 5.2988
  5.18557 5.08565 0 4.97907 4.9646 4.9053 143*0 12.6507 2*0 12.9191 13.1715 13.2412 12.3788 12.4574 12.4634 17*0 10.332 10.3317 2*0
  9*0 10.2889 0 10.2592 10.2494 10.2366 10.2202 10.207 10.1938 10.181 10.1685 10.1564 10.1448 10.1337 10.1232 10.4519 10.5158
  10.5112 10.6069 10.5995 10.5794 10.5582 10.55 10.7016 10.8176 10.5987 10.5954 10.9901 10.8023 10.9858 10.9857 10.8013 10.9735
  10.9563 10.9373 10.9162 10.8746 9.59733 10.8143 0 10.2222 10.1786 22*0 9.64619 9.60214 9.56842 9.54393 9.52042 9.49748 9.4728
  9.44845 9.42529 9.39083 9.35021 9.31008 9.2728 9.26404 9.27223 9.25304 9.21137 9.16231 9.16016 9.11133 9.09419 9.05936 9.05722
  9.04084 9.01361 8.9943 8.99401 8.96772 8.955 8.95601 8.92787 8.90333 0 8.86841 8.86082 8.84833 8.83468 8.80713 8.80065 8.79395
  8.79147 8.79721 8.79835 8.78739 8.75185 8.72966 8.75006 8.74005 8*0 7.36284 7.10776 6.71679 6.59014 6.45724 6.2125 6.09763 5.99201
  5.87881 5.61397 5.4193 5.37032 5.2585 5.11449 145*0 12.2187 12.5151 12.7856 12.8366 12.8782 13.0509 13.2362 13.2974 13.4417
  11.8864 11.9245 2*0 12.0711 12.0914 23*0 10.3182 10.315 10.3117 10.3026 0 10.276 10.2621 10.2488 10.2356 10.2225 10.2092 10.1956
  10.1824 10.1695 10.1571 10.1452 10.1338 10.4578 10.6214 10.6172 10.6144 10.6121 10.6073 10.583 10.5676 10.5552 10.5463 10.5394
  10.6011 10.5304 10.5941 10.618 10.5244 10.6774 10.9856 10.9773 9.59067 10.9001 9.98459 8.74465 10.7494 10.7294 23*0 9.61028
  9.59093 9.54265 9.52452 9.50056 9.47737 9.45551 9.43161 9.40724 9.38382 9.35502 9.31415 9.27317 9.23441 9.19753 9.16345 9.13973
  9.19135 9.16944 9.10281 9.08429 9.06373 9.0218 8.99802 8.98792 8.95839 8.95438 8.94374 8.93785 8.93151 8.91277 8.89408 8.88793 0
  8.85013 8.8427 8.81978 8.80008 8.77706 8.76202 8.75713 8.7655 8.77592 8.77676 8.76565 8.7344 8.7434 8.73214 4*0 8.48449 8.35935
  8.27371 0 7.62705 7.46611 7.27834 6.72506 6.64304 6.49655 6.35801 6.12285 6.03877 5.92407 0 5.47987 5.41716 5.32099 148*0 12.8313
  12.8772 13.1273 13.233 13.3423 12.6125 13.0255 12.7753 11.9508 12.0317 12.0788 12.0939 12.1054 22*0 10.325 11.4765 12.5492 11.2137
  10.3133 10.3067 10.2935 10.2794 10.2653 10.2515 10.2378 10.2243 10.2107 10.1967 10.1831 10.1699 10.1572 10.145 10.4664 10.6265
  10.6213 10.6173 10.6144 10.6114 10.6067 10.5939 10.5777 10.561 10.5493 10.5425 10.5362 10.5315 10.528 10.5255 10.5245 10.678
  10.6738 10.3811 10.89 10.8435 10.8111 10.7467 9.93364 10.6389 10.624 0 10.4979 10.4584 10.4415 10.3913 15*0 9.60669 9.58998
  9.51843 9.50859 9.48354 9.45953 9.43652 9.41501 9.3925 9.3703 9.34863 9.32375 9.28461 9.24388 9.20451 9.20729 9.14588 9.11972
  9.15682 9.10021 9.05511 9.03832 8.98579 8.96064 8.95743 8.96502 8.93063 8.91697 8.90975 8.90837 8.89327 0 8.8537 3*0 8.81096
  8.79696 8.77341 8.75606 8.74519 8.72185 8.72308 8.72282 8.71807 8.71185 8.70771 8.70612 3*0 8.56622 8.54428 8.48574 8.38231
  8.27864 8.46807 8.12896 8.2117 8.28055 6.81129 6.68002 6.55754 6.43107 6.19428 6.08458 5.98958 5.84865 5.75998 146*0 12.2192
  12.3247 5*0 12.9625 12.8021 12.751 12.7816 12.8357 12.0206 12.0843 12.1078 12.2107 12.2216 12.263 12.5656 12.7457 12.8293 16*0
  10.3314 10.3309 10.3293 10.3265 10.3234 10.3204 10.3167 11.8985 10.3095 10.2969 10.2822 10.2677 10.4293 10.4182 10.2253 10.2114
  10.197 10.3911 10.6013 10.6518 10.6415 10.633 10.6262 10.6209 10.6171 10.6135 10.6105 10.6071 10.6005 10.586 10.5659 10.5527
  10.4237 10.5359 10.5311 10.5285 10.5251 10.3596 10.9593 10.1247 10.8882 10.8352 10.7868 10.7305 10.6461 10.6076 10.5752 10.5282
  10.48 10.4237 10.4093 16*0 9.56161 9.52707 9.49935 9.47334 9.44759 9.42226 9.39787 9.37583 9.35632 9.3381 9.31979 9.29783 9.26126
  9.21973 9.17953 9.18435 9.13426 9.07214 9.06178 9.03859 9.01726 9.01218 8.9879 8.97004 8.92101 8.8865 8.90045 8.88563 8.87544
  8.87395 8.86809 8.84548 8.8288 0 8.82381 8.82811 8.80532 8.78175 8.75657 8.73773 8.72555 8.71921 8.71309 8.70612 8.69906 8.69956
  8.67267 8.65035 8.64148 2*0 8.55744 8.5204 8.4796 2*0 8.20024 7.90717 7.93834 7.18705 6.90654 6.69227 6.63076 0 6.30248 6.14354 0
  148*0 12.2157 12.2467 3*0 13.2474 12.9732 12.6982 12.7608 12.7906 12.8537 12.3929 12.0897 12.1247 12.1942 12.2747 12.4472 12.6401
  12.7316 12.8371 12.8369 9*0 15.7295 15.6952 15.6837 15.7086 15.8007 0 10.3344 10.333 13.0234 12.9713 11.4144 10.3277 10.3246
  12.4872 11.3105 10.3148 10.5036 10.2993 10.2842 10.4438 10.2544 10.2399 10.2327 10.2113 10.1966 10.5418 10.5119 10.4889 10.6432
  10.6342 10.6261 10.7929 10.9261 10.6129 10.6095 10.6798 10.6765 10.6869 10.5663 10.0666 10.7025 10.6302 10.5924 10.5106 10.9396
  10.9229 10.8877 10.8347 10.8121 10.7626 10.6634 10.6187 10.5704 10.536 10.5037 10.4567 10.4083 16*0 9.5955 9.53627 9.4957 9.46829
  9.44207 9.41601 9.38911 9.36334 9.34147 9.32526 9.3108 9.29463 9.27293 9.27802 9.24955 9.2022 9.16194 9.14559 9.05874 9.04056
  9.01544 9.00222 9.01192 9.01413 8.94364 8.86073 8.89423 8.88706 8.87249 8.86026 8.84603 8.83308 8.81722 8.81162 8.81271 8.80905
  8.80331 8.79063 8.7674 8.74117 8.72723 8.72 8.70881 8.69408 8.6807 8.67065 8.66754 8.65574 8.6359 8.59962 8.53451 8.44421 8.53895
  8.50363 8.47433 0 7.83183 7.70739 7.66394 7.65027 2*0 6.74825 6.68384 6.58916 148*0 11.9482 2*0 12.5581 12.7835 2*0 13.2416
  13.3016 13.4806 12.7669 12.8083 12.7096 12.6718 12.1111 12.1642 12.2101 12.2586 12.5336 12.6841 12.8295 12.8382 12.8406 7*0
  15.8041 15.8223 15.8404 15.8323 15.8441 14.7486 13.0975 0 10.3361 11.4428 12.1807 12.166 10.3326 10.3319 12.1683 12.6731 10.3254
  10.3221 10.3186 10.3153 10.3116 10.3009 10.2852 10.2699 10.2547 10.2398 10.5267 10.2105 10.1955 10.181 10.167 10.6012 10.6481
  10.635 10.6268 10.6211 10.6159 10.0933 4*0 11.0485 11.036 11.0046 10.984 10.9392 10.9184 10.8808 10.848 10.8091 10.7852 10.7169
  10.6584 10.5946 10.5446 10.5004 10.4677 10.4326 17*0 9.6099 9.52685 9.46519 9.43817 9.41158 9.38565 9.35903 9.33429 9.31401
  9.46419 9.40423 9.3471 9.35577 9.3182 9.25286 9.1795 9.14862 9.13048 9.11472 9.04861 9.02216 9.01065 8.992 8.96302 8.92316 8.91098
  8.8838 8.86952 8.86344 8.8452 8.8231 8.80661 8.80477 8.80016 8.80417 8.79655 8.78257 8.76903 8.74717 8.72592 8.71494 8.70801
  8.69495 8.67693 8.65739 8.64791 8.64145 8.63478 8.62257 8.5651 8.55274 8.5028 8.53324 8.39677 0 8.37608 8.32254 8.14447 8.48726
  8.32446 8.43511 151*0 11.9398 11.9706 12.1356 12.2535 12.6597 12.8362 12.9497 13.2189 13.2842 13.4573 12.898 12.8312 12.9114
  12.8551 13.0789 12.2061 12.268 12.3513 12.4722 12.8081 12.8303 12.8389 12.8414 7*0 15.8418 15.8564 15.8573 15.8799 15.8874 14.7819
  13.1183 14.0463 13.6816 12.724 13.1194 12.1947 12.721 12.191 13.1104 13.1064 12.7049 10.3294 10.3261 10.3225 10.319 10.3157 10.312
  0 10.2855 10.2697 10.4242 10.5369 10.2272 10.2122 10.6567 10.6681 10.7204 10.688 10.6557 10.9445 10.6312 11.1359 7.72465 9*0
  10.8593 10.8906 10.8106 10.7837 10.7392 10.7009 10.6426 10.5779 10.523 10.4739 10.4359 10.4042 10.3657 0 10.4101 10.3975 13*0
  9.57764 9.51353 9.43915 9.40996 9.38303 9.35775 9.333 9.31047 9.29146 9.27669 9.41002 9.36338 9.33009 9.2927 9.23897 9.15829
  9.12818 9.10272 9.05521 9.03571 9.00328 8.97252 8.96956 8.95684 8.93468 8.90454 8.88081 8.86493 8.84422 8.82622 8.80525 8.76156
  8.77301 8.78543 8.78427 8.77296 8.76371 8.75058 8.73192 8.71387 8.70476 8.69685 8.68228 8.66172 8.64564 8.63758 8.63453 8.6281
  8.62062 8.60702 8.57376 8.56577 8.49511 8.41759 8.37284 8.41831 8.34442 8.38147 8.23828 8.11101 147*0 11.2576 4*0 11.9581 12.0689
  12.1897 12.4782 12.8106 12.8408 13.0557 13.2577 13.4133 13.0641 12.8437 12.9144 12.9874 13.0989 12.8231 12.2479 12.5887 12.717
  12.8024 12.8367 12.8404 12.8533 13.0002 13.1032 7*0 15.8872 15.9034 15.911 14.8406 13.1656 13.1796 13.1916 13.1983 13.0335 13.1934
  13.0012 13.1695 13.1589 13.1496 12.7346 10.3325 10.3315 10.7837 10.3264 10.3227 10.3193 10.8506 2*0 10.5127 10.27 10.2493 0
  9.72297 9.85603 10.191 10.6345 10.5394 10.772 10.7389 10.1242 11*0 10.8292 10.8094 10.776 10.7389 10.7083 10.6471 10.6148 10.5406
  10.5023 10.4529 10.4068 10.3798 10.3594 0 10.3952 10.3755 13*0 9.5921 9.5096 9.42536 9.3874 9.36102 9.33604 9.31302 9.29201
  9.27334 9.40935 9.37923 9.32176 9.30788 9.2975 9.24507 9.14921 9.10098 9.08121 9.03854 9.00924 8.98514 8.96586 8.96553 8.94493
  8.92375 8.9034 8.88648 8.85769 8.82326 8.74674 8.75676 8.7704 8.77385 8.76522 8.75597 8.74427 8.74549 8.73522 8.72213 8.70714
  8.69755 8.68777 8.67474 8.65695 8.6442 8.63804 8.63582 8.63457 8.6334 8.62689 8.60786 8.58595 8.54827 8.59245 8.56994 8.51325
  8.47623 8.36821 146*0 11.0953 11.13 11.1517 11.313 11.3796 0 11.5719 11.9118 12.0016 12.1358 12.3051 12.7109 12.838 12.913 13.2127
  12.9975 12.8031 12.8559 12.9211 12.9965 13.1084 12.8782 12.5098 12.6078 12.7827 13.1699 13.4506 12.8411 12.8445 13.0805 13.1815 0
  8*0 10.3463 11.5373 13.2938 13.3097 13.3213 13.3295 13.175 13.1727 13.3296 13.1571 12.3056 10.3364 12.6646 10.3347 10.3337 10.3326
  10.3316 10.3301 10.3264 10.5353 10.3193 10.8485 10.6642 10.3058 10.2906 10.2739 10.2575 10.6878 8.81172 0 9.5179 10.1859 9.36671
  10.1445 3*0 10.0074 8*0 10.8079 2*0 10.6723 10.6622 0 10.5793 10.7367 10.7215 10.4312 10.4987 10.5854 10.5374 10.4333 10.3849 2*0
  11*0 9.60461 9.58346 9.51034 9.42276 9.37134 9.34599 9.32132 9.29942 9.27916 9.36374 9.47977 9.41051 9.28417 9.27618 9.34109
  9.26048 9.13128 9.1108 9.03988 9.01052 8.99119 8.96766 8.95503 8.94378 8.92846 8.91622 8.90851 8.88355 8.82949 8.80675 8.76418
  8.77448 8.78455 8.77584 8.7574 8.74025 8.72714 8.72548 8.72255 8.71328 8.70215 8.69449 8.68362 8.6724 8.66275 8.6556 8.64956
  8.64579 8.64457 8.64338 8.63898 8.62364 8.61977 8.61111 8.6197 8.59677 8.58334 143*0 10.8044 10.8769 10.9204 10.9796 11.0007
  11.0641 11.1309 11.1802 11.3251 2*0 11.7355 11.9413 12.0756 12.1906 12.4819 12.8101 12.8419 13.1283 13.2556 12.8212 12.8458
  12.9476 13.0217 13.1041 13.2138 13.4344 13.0515 13.1559 13.5437 13.7225 13.4449 12.943 13.101 13.2231 13.2414 13.2767 3*0 13.2347
  16.1006 16.2516 0 10.9109 12.2967 13.3415 13.3432 13.3433 13.3439 13.3454 13.0654 12.7922 12.7924 11.6048 10.3374 10.3369 10.3366
  10.336 10.3349 10.3338 10.3327 10.3316 10.3299 10.3264 10.3228 10.32 10.317 10.3133 10.3048 11.3739 14.1688 10.4629 11.764 12.1452
  12.1511 11.9607 11.6877 2*0 10.0334 10.0164 9.97094 9.94578 9.90553 12*0 10.9434 10.7851 10.7806 10.5442 10.4929 10.5557 10.5278
  10.4485 13*0 9.62741 9.60389 9.57307 9.5155 9.42851 9.36163 9.33727 9.31303 9.29147 9.27156 9.25281 9.18045 9.19186 9.19144
  9.35062 9.2607 9.15037 9.10611 9.00804 8.99487 8.98022 8.96719 8.96932 8.94054 8.93057 8.8711 8.86472 8.87913 8.86582 8.84026
  8.81294 8.78378 8.78012 8.7781 8.77302 8.75758 8.73803 8.72539 8.72457 8.71875 8.70777 8.69628 8.68835 8.68129 8.67764 8.67755
  8.67605 8.67081 8.65953 8.64942 8.64518 8.64346 8.63696 8.62653 8.62103 8.63609 144*0 10.7338 10.824 10.8807 10.9371 10.9863
  11.0107 11.0942 2*0 11.3892 11.394 11.4688 11.8398 0 12.1533 12.266 12.6848 12.8395 12.9788 13.2315 13.0823 12.8255 12.9001
  13.0267 13.147 13.2596 13.4201 13.2868 12.8353 13.6584 13.7311 13.7913 13.434 13.1408 13.2335 13.2416 13.2597 13.289 2*0 13.2327
  13.3112 14.8473 13.5901 12.3138 13.1154 13.3678 13.3649 13.2335 13.4536 13.6477 13.6623 11.6356 10.6734 12.3477 10.3385 10.338
  10.3375 10.3371 10.3368 10.3361 10.335 10.3339 10.3328 10.3316 10.33 10.3271 10.3241 10.3202 11.6355 12.8112 13.0701 13.402
  12.5114 14.2687 15.0275 12.4324 14.5632 12.476 10.694 10.0234 12.6598 10.7519 9.92497 9.90023 0 9.8405 10*0 11.047 10.9237 10.8859
  10.847 10.7406 10.584 10.5314 15*0 9.62894 9.59555 9.56578 9.52285 9.43832 9.36291 9.33379 9.37492 9.38498 9.51904 9.13834 9.10065
  9.26709 9.10795 9.27326 9.2421 9.12639 9.06137 9.00595 8.98789 8.97833 8.9828 8.95266 8.92078 8.87365 8.83651 8.85195 8.87976
  8.86388 8.84572 8.81853 8.79623 8.78388 8.78036 8.77386 8.76032 8.74279 8.73084 8.72683 8.7192 8.70702 8.69655 8.69042 8.68698
  8.69191 8.69964 8.70239 8.70035 8.68379 8.66017 8.6474 8.64989 8.64183 8.62885 146*0 10.7616 10.842 0 10.9536 10.9887 11.0075 2*0
  0 11.3895 11.4042 11.6085 11.8861 0 12.1677 12.4306 12.8206 12.86 13.1711 13.0416 12.9015 12.8911 12.9681 13.1388 13.3697 13.4664
  13.5609 13.5159 13.5437 13.7308 13.8195 13.7037 14.2501 13.6965 13.2446 13.2677 13.3009 13.3351 13.27 13.2975 13.372 14.3785
  14.3269 11.7953 13.19 13.4858 13.5375 14.0517 14.5974 14.6301 15.6425 12.4419 11.745 13.05 10.3408 10.6803 10.6701 10.3381 10.3377
  10.3373 10.3368 10.3361 10.335 10.3339 10.3327 10.3318 10.3306 10.4065 10.4275 11.4797 13.1118 13.0969 13.0705 13.0112 15.4934
  14.244 12.5554 13.7088 13.5865 12.1975 14.2579 11.7261 13.9615 9.85917 9.85184 9.85147 10*0 10.2374 10.5441 10.9161 10.8513
  10.8214 10.1285 10.6481 16*0 9.61993 9.59028 9.56187 9.52793 9.45127 9.36987 9.46743 9.40038 9.31729 9.1857 9.12297 9.10374
  9.08436 9.06468 9.18877 9.16351 9.10353 9.06499 9.02404 9.00226 8.99148 8.97694 8.97478 8.92765 8.90942 8.89607 8.88808 8.88624
  8.87606 8.85395 8.83393 8.81358 8.80032 8.79279 8.78394 8.77214 8.75822 8.74339 8.73255 8.72613 8.71731 8.71011 8.71389 8.71252
  8.71528 8.7232 8.72816 8.7277 8.71048 8.68556 8.66751 8.65886 148*0 10.7392 10.8523 0 10.9856 10.9906 11.0326 0 11.146 11.3034
  11.3875 11.4214 11.7341 11.9524 12.0961 12.2372 12.6794 12.8397 13.0039 13.2392 13.1125 13.2955 13.1717 13.2505 13.3395 13.4754
  13.5686 13.6306 13.6535 13.7295 13.8597 14.1077 13.924 14.4091 14.096 13.2922 13.3041 15.9823 14.4862 12.0309 13.4158 13.4219
  13.4267 13.1933 13.3517 13.5351 13.7163 14.8078 15.1249 13.761 13.5589 13.4201 12.5976 11.7729 10.7051 10.3429 10.6929 10.3394
  10.3386 11.9893 10.3377 11.9928 10.3368 10.3361 10.335 10.334 10.333 10.3318 10.3131 11.8364 12.0301 12.8835 14.7962 15.8513
  15.0145 14.9388 15.4399 15.1765 14.8828 14.5446 14.3664 13.1484 9.93994 9.86464 9.84223 9.81495 8*0 11.2247 11.7371 11.6165
  11.4785 10.4975 10.9537 10.8409 10.8015 10.759 10.6499 10.5104 10.4255 12*0 9.66271 9.64613 9.61716 9.58736 9.56053 9.53449
  9.46645 9.70008 9.68259 9.44008 9.32522 9.29832 9.12938 9.11102 9.09076 9.15513 9.17695 9.15534 9.11985 9.10023 9.0515 9.03025
  9.01157 8.99648 8.96539 8.94524 8.92966 8.93775 8.93033 8.91236 8.89029 8.8713 8.85289 8.8372 8.82383 8.81373 8.80406 8.79265
  8.78137 8.77347 8.76039 8.75333 8.74759 8.74526 8.75001 8.74611 8.7447 8.74666 8.74927 8.74841 8.73446 8.71072 151*0 10.8688
  10.9091 10.9653 2*0 11.1308 11.1643 11.3363 11.389 11.4352 11.8155 12.0054 12.1509 12.3852 12.8123 12.8571 13.1773 13.2799 13.4904
  13.1899 13.1428 13.3304 13.4595 13.5272 13.5921 13.6513 13.7819 13.9127 14.1162 14.2738 14.2209 14.3597 13.3205 13.3923 12.8194
  14.3775 14.9345 16.3414 14.4064 13.5255 13.3055 13.4687 13.6112 13.7806 13.5256 13.5247 13.6389 13.6265 13.6122 13.7643 12.5686
  10.7242 10.3468 10.7177 10.3432 11.9949 14.4741 11.9916 13.0962 11.9933 10.3373 10.3368 10.336 10.3353 10.3341 10.3234 11.1448
  12.0045 12.2495 12.9716 14.0945 14.2997 12.9007 13.8822 15.6436 15.3179 13.9468 13.7887 12.5969 0 9.87419 6*0 9.63478 0 9.64524
  9.64109 11.4052 11.2005 9.6143 9.93993 9.90534 10.8087 11.0239 10.8382 10.7734 10.74 10.6693 10.5154 10.43 11*0 9.74036 9.66478
  9.64139 9.61495 9.58622 9.5607 9.53804 9.48274 9.51669 9.53671 9.46284 9.47202 9.43402 9.16403 9.11845 9.1697 9.19778 9.17443
  9.14608 9.15633 9.1383 9.09704 9.05879 9.03781 9.00341 8.98241 8.97534 8.97743 8.96662 8.95522 8.93635 8.91169 8.89026 8.87432
  8.86183 8.85126 8.84108 8.83136 8.82016 8.81172 8.80695 8.80332 8.7977 8.79148 8.7881 8.78232 8.77584 8.77132 8.7681 8.765 8.7612
  153*0 10.88 10.9029 3*0 11.1341 11.2062 11.3679 11.3896 11.4606 11.8481 12.0408 12.2005 12.6144 12.8388 12.9814 13.2376 13.3659
  13.569 13.4515 13.478 13.5267 13.5935 14.0066 13.7663 13.7595 13.9332 14.1535 14.2696 14.2508 14.5538 14.4321 14.4882 13.4568
  13.757 13.9715 13.85 15.2045 13.6515 13.4663 13.6555 13.7898 13.816 13.7018 13.7048 13.6092 13.7007 13.5967 13.8205 13.6768 11.748
  10.3667 10.35 10.347 10.3452 13.8907 14.4816 11.9954 10.3388 10.3384 10.4573 10.3373 10.5449 10.3363 10.4438 11.1587 11.5186
  11.8091 12.7855 13.0884 12.3772 12.5994 12.7823 13.789 14.5496 13.5979 13.4172 12.7818 12.3641 7*0 7.05639 0 10.6044 10.9666
  11.0137 11.0016 10.9002 10.6828 9.56211 9.56738 10.7812 11.2102 10.8481 10.7488 10.7137 10.673 2*0 10.3669 10*0 9.73948 9.66471
  9.63896 9.61456 9.58626 9.56112 9.54031 9.4976 9.56433 9.64518 9.55084 9.41416 9.49235 9.337 9.16982 9.20491 9.21169 9.23032
  9.23225 9.19358 9.16556 9.12507 9.08747 9.05222 9.03054 9.02313 9.0183 9.00429 8.99411 8.97995 8.95296 8.93102 8.91661 8.90356
  8.89244 8.88279 8.87365 8.86307 8.85141 8.84427 8.84086 8.83818 8.83297 8.82525 8.82193 8.81595 8.80355 8.79116 157*0 10.9702
  10.9919 11.0451 11.1274 11.1354 11.2605 11.3828 11.3954 11.5459 11.9126 12.0576 12.276 12.7664 12.8414 13.1477 13.2715 13.4831
  13.601 13.7596 13.9518 13.8543 13.9678 14.0861 14.0029 14.0252 14.0256 14.3767 14.6952 14.7373 14.3536 14.1911 14.4951 13.8662
  13.4868 13.3966 13.3234 13.4604 13.5592 13.7838 12.9614 13.238 13.6348 13.6469 13.6636 13.749 13.7453 13.9109 15.053 11.8268
  11.8107 12.721 11.7698 10.3485 10.3471 13.1043 10.3432 10.3412 10.3397 10.5532 10.6084 10.5093 10.5448 10.5253 10.5764 10.6294
  11.12 11.924 11.8434 12.2888 12.6756 13.3163 13.8531 13.7624 13.4423 13.3828 13.2589 12.3403 12.6579 7*0 11.037 10.1786 11.0755
  11.1688 11.019 10.9632 10.9118 10.8529 10.5843 11.1115 11.3695 11.2628 10.9057 10.7333 10.6892 10.6669 10.5715 10.4105 10.354
  10.332 9*0 9.73332 9.66934 9.6335 9.62265 0 9.55547 9.54024 9.52414 9.77935 10.0874 9.68043 9.32509 9.30497 9.28942 9.38142
  9.30483 9.33304 9.27891 9.25101 9.21417 9.1768 9.14255 9.10621 9.07688 9.05943 9.03965 9.02864 9.02454 9.01946 9.00377 8.9782
  8.95712 8.94527 8.93283 8.92222 8.91263 8.90428 8.89241 8.88214 8.87606 8.87086 8.86979 8.8631 8.85087 8.84416 160*0 10.9688
  10.991 11.0453 11.1293 11.1431 11.3141 11.3879 11.408 11.6753 11.9428 12.0932 12.248 12.7636 12.922 13.2237 13.3405 13.5613
  13.6571 13.8468 14.058 14.1752 14.3228 14.4547 14.5622 14.23 13.9447 13.9513 14.3924 14.9662 14.4767 14.5029 13.8871 13.4217
  13.3585 13.4082 13.5311 13.5812 13.649 13.354 13.2489 13.6612 13.6895 13.8062 13.8161 13.9459 13.7306 13.9585 15.1233 14.4585
  13.9522 13.9407 12.7598 10.3688 10.3503 12.7089 12.692 10.343 10.5039 10.6629 10.6247 10.6632 10.8484 10.9603 10.9499 11.0134
  11.0863 11.442 11.6087 12.2784 14.5162 14.7115 14.6013 14.0531 13.7037 13.4792 12.6485 11.6658 0 10.1329 3*0 9.60643 9.59656
  11.5187 12.4238 11.2901 11.19 11.1397 11.0603 10.9211 10.9023 10.7509 10.5683 10.4975 10.9881 10.8931 10.6634 10.7315 10.6648
  10.6427 10.5798 10.3701 10.3402 10.3223 16*0 10.1591 10.155 10.1159 9.68817 9.55337 9.32257 9.49356 9.56764 9.40108 9.35815
  9.30456 9.27418 9.2293 9.22586 9.16761 9.12092 9.10601 9.0864 9.0736 9.06187 9.0431 9.03677 9.02642 9.00629 8.99056 8.9743 8.9572
  8.94443 8.93655 8.92915 8.91977 8.91519 8.91126 8.90262 8.89083 163*0 10.9696 10.9949 11.068 11.13 11.1715 11.3457 11.3894 11.4417
  11.7895 11.9838 12.12 12.5698 12.8352 12.9345 13.2452 13.4443 13.5904 13.7425 13.9452 14.1077 14.2594 14.4081 14.4856 14.6715
  14.9627 14.3167 14.2542 15.0458 14.8696 14.5252 14.6709 14.7146 13.8982 13.4498 13.5576 13.5991 13.6656 13.6773 13.6648 13.7927
  13.9409 13.8292 13.9712 13.8647 13.5011 14.0095 14.0123 14.0114 13.5042 13.4924 11.8605 13.4635 13.9575 13.9438 11.8834 10.9247
  10.5681 10.6242 10.5994 10.7739 10.9791 10.9751 11.0621 11.0237 11.1619 11.284 12.2073 13.05 13.6807 13.6225 16.0986 14.6413
  13.8344 13.714 12.486 11.1869 11.0917 10.6318 10.1183 11.5179 9.61371 10.9405 11.5178 11.4713 11.4034 11.3203 11.2872 11.1816
  11.11 11.0685 10.9107 10.8599 10.7948 10.5818 10.4798 10.4054 10.3297 10.2218 10.2777 10.0938 10.6278 10.5894 18*0 10.3462 10.165
  10.1613 10.1104 9.69951 9.6367 9.62161 9.57378 9.48723 9.48235 9.39156 9.33792 9.30408 9.25865 9.21951 9.18878 9.14698 9.14033
  9.12302 9.1188 9.09205 9.07844 9.07061 9.05733 9.03932 9.022 9.00254 8.97749 8.96319 8.95137 8.94598 8.94148 8.93658 164*0
  10.8768 10.9035 10.9769 11.0025 11.0925 11.1313 11.1966 11.3698 11.3896 11.4853 11.8878 12.0234 12.1948 12.5382 12.8378 12.9875
  13.2444 13.4411 13.6194 13.8197 14.0449 14.1702 14.3254 14.4595 14.5874 14.7757 14.5996 14.2056 14.8169 14.6568 14.7261 14.5444
  14.5009 14.146 13.772 13.6321 13.6746 13.7636 13.8088 13.8179 13.8151 13.7894 13.8176 14.0122 14.0218 11.9253 10.5163 14.0345
  14.0366 14.0435 12.8624 10.491 14.0319 13.5016 13.996 13.7627 13.1554 12.9065 11.7618 10.9627 10.8536 2*10.9427 10.9417 10.8944
  11.5435 12.531 12.6639 12.2963 12.8331 12.6136 15.1675 16.1082 13.9162 13.5552 12.3965 11.696 11.6588 10.1532 10.1187 10.5577
  10.1963 11.2787 11.9644 11.402 11.482 11.396 11.3078 11.2643 11.2005 11.0897 11.0443 10.9267 10.823 10.7951 10.5787 10.461 10.3892
  10.3066 10.2424 10.0549 10.3826 10.6211 15*0 10.5945 10.5109 10.4836 10.4349 10.3191 10.0302 9.96996 9.80158 9.60557 9.60762
  9.58321 9.52494 9.55268 9.4907 9.42349 9.37724 9.33919 9.35759 9.2924 9.23855 9.21891 9.22064 9.19375 9.17628 9.15623 9.13854
  9.11906 9.09754 9.07824 9.05441 9.0304 9.00233 8.97699 8.96239 167*0 10.8645 10.9142 10.984 11.009 11.1087 11.1306 11.2913 11.3816
  11.3966 11.5794 11.9251 12.0782 12.2373 12.7001 12.8409 13.1122 13.2839 13.514 13.6247 13.8243 14.0767 14.2466 14.4029 14.4877
  14.6838 14.6917 14.4942 14.5432 14.6455 14.6979 15.0144 14.4551 13.9465 13.6746 13.6168 13.7155 13.8934 13.9943 14.0564 13.9608
  16.753 14.3933 14.9411 14.0353 14.0489 10.5242 10.5211 10.5179 10.5137 10.5094 13.5791 12.8884 11.9227 11.9078 14.779 14.5817
  12.5181 12.3194 11.7391 11.4777 11.3384 10.9498 10.9442 10.9204 11.8401 12.307 12.8475 12.0834 11.9458 12.3622 12.5512 13.206
  13.3525 13.5177 12.2322 11.1146 11.3759 10.8925 10.6207 10.0908 10.6343 9.74392 12.1624 11.7517 11.3595 11.4922 11.3886 11.3046
  11.5978 11.7791 11.3214 11.5572 11.157 10.7877 10.77 10.81 10.7054 10.5124 10.4326 10.7957 10.8274 10.6564 15*0 10.9966 10.6111
  10.5245 10.3974 10.2219 9.99983 9.94545 9.89771 9.81724 9.82596 9.59022 9.57406 9.57242 9.52661 9.49211 9.44548 9.40968 9.39631
  9.38418 9.29985 9.17886 9.27352 9.23899 9.2463 9.22861 9.20545 9.18808 9.16308 9.13827 9.10893 9.08873 170*0 10.7888 10.8704
  10.9249 10.9862 11.0169 11.1182 11.1362 11.2695 11.3855 11.4049 11.6961 11.9627 12.1062 12.3725 12.7241 12.8775 13.2145 13.3645
  13.5769 13.6991 13.53 14.0911 13.7917 13.4321 13.6975 13.8467 14.6076 15.5822 15.8377 15.1746 14.8407 13.8785 13.3347 13.3499
  13.5035 13.6846 13.907 14.0569 14.2955 13.8854 16.7787 16.7004 13.8909 13.7997 14.0862 14.0987 13.5889 10.5243 10.5212 10.6918
  10.8862 10.797 10.5041 12.8777 14.7866 15.2838 13.8055 13.2746 12.7551 11.1298 11.3585 11.3511 11.3337 10.915 11.1867 12.2136
  12.1767 12.2418 12.4485 12.0204 12.3413 11.6587 11.6933 11.5069 11.1041 12.2986 11.2308 10.9418 10.5082 10.0995 10.0628 9.94094
  9.81302 10.6676 11.6232 11.5424 11.4895 11.668 12.6397 12.3389 12.2752 12.1389 12.8246 12.0767 10.778 11.9358 14.03 12.3464
  11.3791 11.2503 11.1526 10.8838 16*0 11.0077 10.7106 10.5463 10.4252 10.1392 10.0014 9.9329 9.93519 9.82247 9.66726 9.63844
  9.63822 9.60161 9.55807 9.53073 9.48701 9.43503 9.39089 9.43116 9.31179 9.30852 9.21817 9.29438 9.28233 9.26026 9.26061 173*0
  10.556 10.6224 10.7867 10.8757 10.9345 10.9879 11.0274 11.1282 11.1388 11.3157 11.3887 11.428 11.7873 11.9945 12.2329 12.5078
  12.8257 12.9791 13.2487 13.372 13.5912 13.7649 13.9872 13.2408 13.9141 14.4537 14.6221 15.0061 15.3736 15.7684 15.1476 14.7821
  13.5853 13.3591 13.4073 13.4712 13.6081 13.8383 14.0237 14.0837 16.2923 15.4077 16.8697 14.0529 14.2627 14.1075 14.1152 12.9708
  10.8338 10.9654 10.9576 10.9548 10.9525 13.4885 13.2894 13.4902 13.2777 13.5974 11.8242 11.2243 11.2178 11.5292 11.7212 12.2808
  11.963 11.9245 11.7707 12.2005 12.1639 12.1124 12.0672 12.2457 11.6752 10.7782 10.7478 10.883 11.0951 11.0573 10.9992 10.9027
  10.4075 10.0779 10.0417 9.82047 10.2236 11.2192 11.9217 12.2415 12.6931 12.7182 11.437 12.4877 12.8289 14.808 13.2051 13.4965
  11.2549 12.3552 12.0865 11.4626 11.3839 11.266 11.1554 10.9692 10.6231 15*0 11.0518 10.7434 10.4808 10.4088 10.2175 10.0845
  9.98688 9.96133 9.77462 9.7007 9.68558 9.65276 9.60118 9.57157 9.53245 9.50331 9.46263 9.41652 9.37153 9.33588 9.31038 178*0
  10.5571 10.6172 10.7837 10.8788 10.943 10.9895 11.0409 11.1293 11.1543 11.3358 11.3894 11.462 11.86 12.1211 12.4123 12.7053
  12.8399 13.0641 13.2679 12.905 12.8063 12.7136 14.0646 13.8705 13.8542 14.477 14.0076 14.2523 15.5662 15.8393 14.4596 16.0458
  13.772 15.2215 13.6684 13.7296 13.7631 14.0983 14.1311 15.3911 16.621 14.037 14.3245 14.2762 13.6028 10.5457 11.0853 12.419
  13.2798 12.3624 13.259 11.7191 11.6692 13.4745 13.5016 13.2985 13.1055 11.867 11.0276 11.417 11.4735 12.3353 12.2914 12.2496
  12.2114 12.1773 12.2126 12.1681 12.1382 12.0999 12.1602 11.6013 10.6798 10.604 10.7289 10.978 10.9423 10.9972 10.8647 10.6619
  10.0871 9.96482 9.93051 9.64308 11.5321 11.4174 13.7373 11.9658 11.56 11.5489 12.0309 12.9347 13.854 14.8061 14.6294 13.5267
  12.716 14.2022 12.3863 11.4757 11.3876 11.2787 11.154 11.0265 10.8216 13*0 11.2744 11.1441 10.8305 10.5397 10.4535 10.4272 10.24
  10.069 10.0199 9.83965 9.73468 9.72755 9.71299 9.6495 9.63684 9.57852 9.54749 9.52629 183*0 10.5581 10.6417 10.8132 10.8803
  10.9503 10.9909 11.053 11.1297 11.1723 11.3506 11.3896 11.4896 12.0244 12.3107 12.506 12.742 12.8411 13.1604 13.2995 13.5415 13.66
  13.1753 13.114 13.235 14.4305 14.5444 13.5783 13.5609 13.614 13.7272 13.5733 13.736 13.2999 13.3929 13.8131 13.8707 13.9395
  14.1021 14.1966 15.1622 16.694 13.9795 16.2008 15.9601 12.6927 11.1454 11.2241 12.1253 13.3695 13.3116 12.4608 10.9635 11.7254
  13.5632 14.091 14.1833 13.2865 13.3186 13.0538 12.6243 12.3295 12.2924 12.2559 12.3245 12.1784 12.2483 12.1702 12.0415 12.0032
  12.0768 11.523 11.1112 10.5733 10.5843 10.7079 10.5689 10.5484 10.5454 10.612 10.6454 9.88013 9.81378 10.504 11.6968 13.4499
  11.9749 11.6417 10.9386 10.8659 11.6646 12.3296 12.6753 14.884 14.7975 14.6223 12.8613 13.4011 12.1559 12.1903 10.2675 9.87417
  10.4194 0 9.2956 9.29997 12*0 11.4106 11.2885 10.9266 10.7717 10.5559 10.4669 10.3578 10.163 10.0982 10.0747 9.86717 9.79165
  9.75617 9.74315 9.7213 9.68112 9.59409 185*0 10.5478 10.6291 10.8076 10.883 10.9564 10.9921 11.0634 11.1301 11.1881 11.3637
  11.3912 11.5404 11.9189 12.2199 12.3696 12.7504 12.8499 13.2085 13.342 13.5779 13.7122 13.9364 13.4625 12.5268 13.324 13.0441
  12.4267 13.5886 13.6272 14.1881 13.2353 13.7906 16.3655 16.0499 14.3264 13.8998 13.9204 13.9784 14.002 14.0414 14.386 17.6636
  16.266 14.6688 14.1749 12.5215 11.3862 11.3317 13.2767 13.9292 13.6891 13.9937 13.3269 13.4834 13.8332 13.5183 13.6511 13.7058
  13.3459 12.4248 12.2867 12.2565 12.3273 12.1871 11.8654 12.2136 12.1368 11.7329 11.3876 10.84 10.7498 10.6642 10.5487 10.4122
  10.4908 10.4625 10.471 10.4531 10.5738 10.3772 10.6061 11.9404 11.8673 12.0557 11.7436 11.6437 11.2443 11.9803 11.2461 12.0871
  12.5196 13.2166 13.8248 14.7901 13.2433 12.9681 12.9375 11.6198 9.34795 9.44129 10.2894 9.41659 9.44024 9.42558 9.5509 9.55209
  9.55358 8*0 12.0604 11.926 11.422 11.1682 11.1879 10.7429 10.5671 10.4768 10.4471 10.1417 10.0912 9.90392 9.9392 9.94547 9.76149
  9.76413 186*0 10.3578 10.494 10.5481 10.6325 10.8115 10.8851 10.9609 10.993 11.0722 11.1304 11.2019 11.3749 11.3928 11.5925
  11.9304 12.4157 12.5399 12.8129 12.9026 13.2251 13.3879 13.5887 13.7551 13.3709 13.4945 14.3443 13.4467 12.9694 14.569 13.3205
  13.3255 13.3614 16.1872 14.481 13.635 14.3011 13.9114 13.9219 13.9824 14.2664 14.3815 14.7829 14.6296 14.6521 14.6761 14.713
  13.4806 13.4968 13.7725 13.9108 14.313 14.3919 14.4261 14.3683 13.9312 14.6766 13.5711 13.4363 13.6987 13.6787 13.2038 12.2948
  12.2402 12.2097 12.1846 11.2587 10.7604 10.7681 11.5797 10.6384 10.8255 10.8803 10.665 10.5491 10.5215 10.493 10.4622 10.4251
  10.4196 10.9068 11.5762 11.1216 11.6645 11.9341 11.7761 11.8204 11.7385 11.6253 13.1591 13.1302 12.5041 11.2896 12.9569 13.2073
  13.1045 13.05 12.6112 12.261 11.3133 9.41402 11.3087 11.7687 11.4606 12.1435 12.3671 10.6767 9.56101 9.56235 9.56324 7*0 12.0917
  12.0826 11.4155 11.0318 10.9667 10.8608 10.7571 10.5717 10.4832 10.4499 10.4054 10.1815 9.98225 10.0567 189*0 10.3613 10.4924
  10.5481 10.6342 10.8139 10.8866 10.9628 10.9914 11.0792 11.1306 11.5407 11.3802 11.3975 11.6817 12.3239 12.4789 12.6021 12.8337
  12.9558 13.2449 13.4391 13.5395 13.7895 14.0443 14.1933 12.6184 13.3041 14.9501 13.3396 15.7599 14.3256 13.9164 13.803 13.8315
  13.7849 13.8993 14.1962 14.2323 14.7881 14.8359 15.272 15.3306 15.892 16.1651 15.4204 15.0558 14.6408 15.0819 15.5147 14.573
  14.5502 14.4648 13.8298 14.3965 13.9388 13.3511 13.6691 13.668 13.4554 12.6645 12.6329 12.4161 12.2159 12.1648 11.8516 10.7435
  10.7627 10.7315 10.6776 10.6415 10.7252 10.6009 10.5432 10.5194 10.4911 10.462 10.4699 10.8503 11.5533 11.7164 11.6648 11.6167
  11.5517 11.4379 11.4663 11.6158 11.726 10.3002 9.40011 11.4294 10.6977 11.0807 12.9525 12.9026 13.0954 12.7087 10.2821 10.033
  10.1731 9.83665 11.6895 11.6897 11.4966 12.094 9.566 9.56731 9.51086 9.453 9.32979 7*0 12.0979 12.0953 10.9054 10.9877 10.9325
  10.4885 10.6808 10.5665 10.4876 10.467 192*0 10.3369 10.3486 10.4894 10.5476 10.6342 10.8147 10.8875 10.9639 0 11.1276 11.1315
  11.4203 11.3815 11.4012 11.6121 12.3998 12.4865 12.6381 12.9667 13.065 13.2543 13.4425 13.4759 13.3382 12.6644 12.5385 12.829
  13.5854 13.9036 14.5761 16.0004 16.2239 14.7234 14.4583 14.6899 14.7641 14.6785 14.5817 14.9451 15.0104 15.0234 15.107 15.1362
  15.0478 15.1362 15.1912 15.5318 15.5532 15.5278 15.4883 15.4497 15.4136 14.0769 13.4699 13.9929 13.6572 14.0336 13.6212 13.3343
  13.4016 12.6171 12.5932 12.3192 12.2002 12.1387 11.1275 10.6981 11.514 10.6947 10.6504 10.6012 10.5835 10.5241 10.5072 10.4853
  10.4982 10.5658 11.6701 11.4251 11.2334 10.8437 10.4202 10.7476 11.2906 11.6425 11.9726 11.8451 12.0334 11.6183 11.5757 11.0181
  10.8462 10.7862 11.6286 12.4531 11.8633 10.6799 10.5156 10.4657 10.4353 10.371 9.71753 10.5287 9.56787 9.572 9.49069 9.49525
  9.45628 9.41932 8*0 10.7356 10.6755 10.6585 10.9135 10.9904 10.9097 10.7782 192*0 10.1732 10.2757 10.326 10.3366 10.3454 10.4849
  10.5467 10.6324 10.8139 10.8877 10.9573 10.9939 11.1005 11.1318 11.2349 11.3826 11.4041 11.8221 12.4047 12.1958 12.3896 13.0175
  13.1222 13.2512 13.387 13.5485 13.8198 13.3724 14.1919 13.4551 15.1245 15.2312 15.6795 15.8032 14.4993 14.2245 13.4894 13.9595
  14.9207 14.616 15.6812 16.5766 15.3393 14.9455 15.9638 14.5414 16.0302 15.4793 15.5247 15.9602 15.5734 15.1001 14.6849 15.0214
  14.8317 14.0886 13.4529 13.3701 13.3672 13.8189 13.6474 13.7482 13.1306 12.57 12.5478 12.5182 12.5793 12.3361 11.7773 11.0538
  11.2638 10.6576 10.5896 10.4769 10.5047 10.4851 10.4672 10.447 10.4183 10.525 10.5493 10.5074 10.4684 10.8129 11.0913 11.3218
  11.0664 12.0956 11.9558 11.7419 11.614 11.2551 10.9701 10.9073 10.8421 11.2616 11.9848 10.7921 10.6103 10.5789 10.5519 10.4798
  10.4449 9.76635 9.48428 9.58082 9.58371 9.53422 9.45663 9.47714 9.46177 2*0 9.34946 7*0 11.6449 11.3825 11.4709 193*0 9.82325
  10.0142 10.1341 10.2566 10.3248 10.3362 10.3446 10.4788 10.5453 10.6288 10.8116 10.8872 10.9641 10.997 11.0877 11.1322 11.2414
  11.3833 11.4257 11.9216 12.1241 12.0183 12.4404 12.9969 13.0918 12.9428 13.3677 13.4769 13.7197 13.9746 14.1435 12.5189 14.4613
  13.105 13.3226 13.5185 13.1404 14.1309 15.0777 16.3731 16.1105 16.2279 16.0587 16.1743 16.5232 14.5393 15.9793 16.1033 15.7173
  14.6019 15.5305 14.7448 14.2552 15.6805 16.1134 15.6153 14.5944 13.5485 13.4457 13.9607 13.6534 13.6956 13.3425 12.8441 12.7008
  13.0633 12.5024 12.3897 12.1369 12.0883 11.7435 11.5272 11.0645 11.5223 10.9237 10.5319 10.4656 10.4437 10.4237 10.3956 10.3793
  10.4527 10.5805 11.11 12.4358 12.6516 11.9975 12.1096 11.5101 12.0926 11.8287 11.5257 11.4277 11.1194 10.9606 10.9025 10.8381
  10.7827 10.7486 10.6958 10.6453 10.588 10.562 10.4935 10.4604 10.2316 9.50584 9.51065 9.5143 9.48741 9.60057 9.54776 9.40698
  9.34791 9.35259 9.34879 5*0 12.1138 12.1121 12.1062 194*0 9.72499 9.77762 9.96519 10.1028 10.2395 10.323 10.3358 10.3437 10.4713
  10.5433 10.6234 10.8076 10.8861 10.9632 10.9966 11.0874 11.5307 11.1925 11.6943 11.6445 11.9214 12.0165 12.038 12.8007 12.948
  12.8039 12.6933 13.0587 12.773 12.721 12.3792 12.1865 12.4583 12.5434 12.7435 12.9683 14.36 15.3111 16.4892 16.2488 14.5756
  15.0563 14.3519 14.4117 14.195 15.2797 16.551 15.0003 14.0658 14.5662 14.9466 14.5808 14.3659 16.0871 16.2324 15.5034 15.0961
  14.719 13.4684 13.1858 12.9739 13.4941 13.752 13.6351 13.2604 13.1288 13.2619 12.2968 12.2497 11.8038 11.661 12.5747 11.1817
  12.4295 11.8897 10.6409 10.768 10.919 11.4617 11.4361 10.1488 10.0189 10.6044 11.9654 12.6561 12.7704 12.0015 11.728 11.703
  11.6505 11.5346 11.2893 11.2042 11.095 11.0228 10.9519 10.8987 10.8396 10.8029 10.7669 10.7082 10.6521 10.5979 10.5758 10.5107
  10.4792 10.2675 9.47698 9.50049 9.50626 9.56627 9.61749 9.60992 9.48501 9.35211 9.43359 9.42418 9.45292 9.45235 9.48823 9.37979 0
  197*0 9.68129 9.7648 9.94432 10.0635 10.1987 10.3014 10.3287 10.3419 10.4623 10.5404 10.6163 10.802 10.8844 10.9616 11.2391 11.66
  11.7903 11.49 11.8768 12.1003 12.2393 12.2443 12.2394 12.3747 12.8023 12.2592 12.2522 12.3267 12.0476 12.1572 12.2464 12.5708
  12.393 12.4933 14.8356 14.16 14.6471 15.1201 14.5062 14.2271 14.8787 15.5707 14.9607 14.4851 14.2633 14.8804 14.4292 14.5576
  14.2601 14.743 14.7919 14.5743 15.2638 16.2699 15.7122 16.5972 15.9525 13.7695 13.7424 13.6781 14.191 14.7749 13.6797 13.7823
  13.3494 14.2297 13.6104 12.2354 11.4244 12.0448 12.4791 12.4081 12.8685 13.0264 11.9103 11.3741 11.8241 10.4721 12.2345 13.7029
  11.8473 10.5521 11.1587 12.8373 12.9425 12.9214 12.5031 11.9322 11.8889 11.444 11.387 11.2778 11.1997 11.0984 11.0045 10.9475
  10.9186 10.8604 10.8087 10.7685 10.7119 10.6583 10.6069 10.5873 10.5239 10.4935 9.48895 9.49518 9.49959 9.56832 9.64095 9.63728
  9.54647 9.37065 9.46302 9.50274 9.53565 9.48572 9.48851 200*0 9.64682 9.72975 9.95289 10.0361 10.1564 10.2683 10.2976 10.3161
  10.4354 10.5274 10.6009 10.7896 11.122 11.5499 11.5998 11.4188 11.6182 11.9936 11.921 11.7997 11.9144 12.0968 11.9563 12.434
  12.1554 12.2358 12.0376 12.6931 11.7405 12.3052 13.8109 12.5047 13.6568 13.9248 14.3475 15.1799 15.0702 15.3215 15.0852 14.7622
  15.4136 15.0565 14.5389 13.9285 13.8808 14.017 14.1084 14.1999 14.2025 14.1667 15.1968 15.6483 16.2486 16.2108 16.2177 16.7429
  14.7574 14.1037 15.1069 14.4096 14.1359 14.4316 13.7166 13.65 13.7308 14.1816 13.4318 12.7373 12.1721 12.3436 11.9989 12.3614
  12.9463 12.8089 12.6866 11.6448 10.8395 9.70804 11.9818 12.6271 13.0534 11.7572 12.9729 13.1223 13.6321 13.1048 12.8116 12.0781
  11.5221 11.4281 11.3623 11.2695 11.1921 11.0606 11.0354 10.964 10.9288 10.86 10.8097 10.7716 10.7163 10.1965 10.6166 10.401
  10.1228 9.49318 9.49921 9.5066 9.58072 9.65263 9.65376 9.65637 9.39285 9.47541 9.51145 9.50584 9.50109 202*0 9.63572 9.68262
  9.91436 10.0297 10.1306 10.2337 10.2676 10.2842 10.3908 10.4909 10.558 10.7491 10.8428 11.3363 11.3813 11.507 11.7355 11.7171
  11.5986 11.5952 11.7163 11.7582 11.8392 12.0222 12.1166 12.1204 11.9948 13.2157 12.7662 13.5617 13.7536 13.9352 14.0602 14.2299
  15.104 15.5202 15.3096 15.0644 15.8122 15.1839 14.716 14.9958 15.1504 14.1166 14.3653 14.1092 14.2015 13.6892 13.798 14.3728
  14.4677 14.6733 15.2265 15.879 15.8639 15.3907 14.5368 14.3591 13.796 13.6653 13.3019 13.6338 13.3629 13.3426 13.8164 13.295
  12.921 12.7331 12.5593 12.3917 13.1566 12.9946 12.793 13.5214 12.1189 10.5071 9.9043 9.67944 14.7104 15.3056 15.2972 14.191
  13.6245 13.3104 13.2386 12.6021 11.7185 12.4561 11.5478 11.493 11.4286 12.0723 11.2399 11.0996 11.0394 10.9662 10.9295 10.8623
  10.8133 10.7787 10.5036 10.4537 10.4299 9.50074 9.50538 9.50956 9.54014 9.5872 9.59076 9.61296 9.53243 9.51666 9.45628 9.53476 2*0
  204*0 9.63589 9.86127 10.0036 10.1275 10.2082 10.2413 10.2582 10.3443 10.4599 10.5175 10.7095 10.6982 10.7843 11.3843 11.3357
  11.2322 11.523 11.5691 11.5679 11.4868 11.1505 11.7696 11.9736 12.5851 13.0261 12.5347 13.1646 12.6039 12.9137 13.7135 13.163
  13.2253 13.5339 13.8365 14.7949 14.1639 13.4079 13.6995 14.133 14.5247 15.3868 14.0657 13.726 13.7163 14.417 14.5155 14.0725
  14.2482 13.6366 14.4232 15.527 14.8459 14.6104 14.9153 14.761 15.2646 14.9009 14.7506 13.8531 13.5968 13.5647 13.3964 13.2235
  13.1311 13.3108 13.2986 12.8812 12.6071 12.9869 12.8745 12.9726 13.8315 13.7479 11.077 10.4648 10.2842 13.7184 15.5106 14.112
  13.4461 13.4213 13.3786 13.2893 12.6006 11.7576 12.8669 11.5929 11.5362 11.4835 12.6271 12.813 12.4342 12.1547 11.0546 10.9977
  10.9504 10.8689 10.2942 10.5515 10.7373 10.6905 9.51553 9.51992 9.52184 9.52675 9.52687 9.52805 9.531 9.54188 9.54678 9.54672 2*0
  206*0 9.60727 9.80563 9.96035 10.0965 10.2049 10.2738 10.3143 10.3779 10.4461 10.4743 10.5896 10.6612 10.7208 11.0636 10.8055
  11.0519 11.4949 11.5408 11.4964 11.6465 11.9946 12.3562 12.8244 12.9839 13.2015 13.137 13.1349 12.5534 13.5067 14.0178 14.0715
  13.407 13.4955 14.125 14.7646 14.2508 13.361 13.635 14.2062 14.8165 14.8512 14.6579 13.5514 13.6937 13.7537 13.4763 13.8378
  14.0776 14.7703 14.5056 14.2521 14.3355 14.34 14.3458 14.1665 15.4289 15.561 15.1716 13.6944 13.5718 13.2175 13.2056 13.2009
  13.2107 13.0137 12.8675 12.8388 13.0252 13.2837 13.0441 13.1755 14.7059 13.1786 12.8468 12.9166 14.0136 13.6874 12.8834 13.7151
  13.8728 13.3942 13.3524 13.5657 12.8077 13.4186 13.3689 12.4195 11.5303 12.6518 12.8758 12.4823 11.236 11.1189 11.0799 11.0104
  10.9458 10.878 10.8336 10.809 10.2736 9.93778 9.53773 9.5395 9.54501 9.54351 9.54271 9.54127 9.54204 9.55097 211*0 9.73592 10.0534
  10.1961 10.2562 10.3055 10.3095 10.3833 10.4304 10.4828 10.5923 10.6467 10.6982 10.724 10.7786 11.1965 11.464 11.5103 11.5511
  11.7166 11.6809 12.0601 12.7209 13.1297 12.6834 13.0227 13.1085 13.213 13.4156 14.3351 14.671 13.9639 14.4832 14.9137 14.8255
  15.3312 14.4514 14.1126 14.2818 14.3497 13.8785 13.5337 14.0629 13.9824 13.7508 13.1802 13.2719 13.8458 13.8303 14.5329 14.8626
  14.4614 14.4833 14.546 14.4532 14.5066 14.6825 15.2693 13.2258 13.0522 12.9298 12.9086 12.9014 13.1325 12.9438 12.9437 13.7563
  13.7431 12.4259 13.0192 14.2228 13.6824 12.8487 13.0997 13.7951 13.405 12.2432 13.6056 14.2913 13.925 13.8993 13.8572 13.5772
  13.6709 13.3826 11.6725 11.5797 11.5319 11.4855 11.4303 11.3117 10.9787 11.106 11.0542 10.9803 10.9453 10.8846 10.8438 10.8225
  9.55115 9.55807 9.56436 9.56658 9.56687 9.56349 9.56141 9.55381 9.55086 212*0 9.78516 10.0865 10.1603 10.2313 10.2602 10.2793
  10.3452 10.3976 10.4499 10.5731 10.6295 10.6374 10.6948 10.7482 11.3428 11.4307 11.0902 10.801 11.3273 11.6319 11.1577 12.6453
  12.3854 12.6371 12.9878 13.1125 12.3226 13.7803 14.2875 14.6411 13.9317 14.4449 14.8713 15.1724 14.6122 15.3835 14.3753 14.48
  13.9654 13.6728 13.8213 13.8888 14.0838 13.8366 13.7864 14.2298 14.1429 14.209 14.2337 14.0241 14.4565 14.6065 14.3914 14.0489
  13.768 13.7608 13.3756 12.1404 12.7334 12.8174 13.1502 13.4514 13.3404 12.4367 13.0838 14.1114 13.823 14.2347 13.9716 13.6351
  13.5902 13.6598 12.6843 12.6836 12.3498 12.5674 13.2412 13.8719 13.8622 13.6987 13.6928 13.4543 13.3377 12.8322 11.6662 11.5847
  11.5416 11.4967 11.4322 11.3184 11.2284 11.0995 11.0575 11.767 11.3578 10.8928 10.6263 9.99702 9.56948 9.58459 9.59381 9.59377
  9.58896 9.57809 215*0 9.66483 9.98285 10.1245 10.1991 10.2332 10.2673 10.3713 10.3726 10.4256 10.5262 10.5336 10.5673 10.6383
  10.6066 11.3438 11.0213 10.6147 10.9385 11.116 11.148 11.5816 12.3185 12.662 12.6666 12.7721 0 13.1496 13.3412 13.317 13.7621
  14.8066 13.9879 14.3684 15.1358 14.1354 13.7707 14.081 14.7864 13.9361 14.0182 14.8311 13.9939 14.2051 13.7916 13.902 14.0644
  13.9708 13.8741 13.3524 13.7369 14.4267 14.1233 13.9798 13.8313 13.6071 13.7872 13.1826 12.4234 12.3794 13.2468 13.4432 13.4108
  13.5914 12.5338 12.0514 13.0702 12.8787 12.1786 12.2816 13.5992 13.6608 13.1171 12.9215 13.4668 12.8718 12.8895 12.9531 13.4069
  13.3267 13.7555 13.6196 13.3653 12.852 11.7648 11.6694 11.5981 11.5568 11.5117 11.426 11.3058 11.1894 11.1132 11.4866 11.1347
  11.0807 10.9081 10.8709 9.58037 9.59039 9.60275 9.60628 219*0 9.94105 10.0311 10.1297 10.1453 10.2092 0 10.3583 10.4075 10.4655
  10.5218 0 10.5775 10.5893 10.6644 10.5976 10.594 11.0514 11.9514 11.9131 12.1045 11.6385 13.1356 12.4465 2*0 12.4196 13.2863
  13.2812 13.4218 13.1228 13.2431 13.9474 13.7187 14.0365 14.181 14.2463 14.4208 14.4572 15.0772 14.7432 14.27 13.91 13.5004 13.5999
  13.5511 13.606 12.8092 13.2814 13.3699 14.431 14.2596 14.2792 13.2795 13.0915 13.1578 12.5539 12.333 12.405 12.3914 12.9089 13.768
  13.5384 12.8793 12.0235 12.3117 12.721 12.1533 12.1144 12.9575 12.6403 12.5759 13.4516 12.5538 12.3858 13.2159 13.0931 13.3249
  13.319 13.0403 12.6808 11.816 11.808 11.779 11.6756 11.6183 11.7186 12.2137 11.389 11.1027 11.2041 11.1329 10.7348 10.4748 10.4331
  10.5474 10.7159 9.60279 9.60259 221*0 9.75216 9.87612 10.0073 10.0696 2*0 10.34 10.3932 10.4372 10.5042 10.5318 10.5571 10.5718
  10.5783 10.5815 10.5763 10.8164 11.8421 12.5665 12.3237 13.0731 10.0458 3*0 13.0624 13.6169 14.3776 15.4123 13.9081 13.9346
  14.2678 13.7445 13.8685 13.6827 14.2159 14.0598 14.3287 14.9084 14.2721 14.9204 13.8086 13.3699 13.405 13.4897 13.7588 13.95
  14.4809 14.689 14.3969 13.9099 13.5608 12.7644 12.379 12.3978 12.3896 12.4483 13.7297 13.8928 13.4661 13.3472 13.4216 13.3445
  12.982 12.0773 13.0213 12.8656 13.3462 12.4491 11.9826 12.3461 12.4772 12.2793 12.5143 13.1443 13.1066 13.6438 14.1319 12.6759
  11.9256 11.8471 11.7958 11.7878 11.6883 11.6103 11.8032 11.5024 11.1007 10.9232 11.0791 10.4415 9.68971 9.78505 9.61839 9.61363 0
  225*0 10.0102 10.2807 10.2892 2*0 10.3792 0 10.4884 10.5113 10.5391 10.5578 10.5661 10.5675 10.5595 12.901 12.909 12.9041 10.1808
  0 9.99103 2*0 13.5201 15.0585 15.2129 15.2545 14.3846 14.4146 13.5654 13.9557 14.9167 14.0044 14.0999 14.5663 14.4168 14.2014
  14.6423 13.7785 13.8175 14.0362 13.6793 13.3894 13.5977 14.2199 13.9511 14.3134 14.5108 14.2446 13.9888 13.1677 12.8716 12.8913
  12.591 13.1496 13.5734 13.7853 13.7867 13.8306 13.9109 13.5489 13.555 12.208 11.7285 13.0927 13.886 14.1968 12.4526 12.0355
  12.3633 12.3248 12.5999 12.5096 12.5845 12.7219 12.4994 12.6107 12.07 11.92 11.8329 11.7197 11.681 11.4932 11.252 11.3836 11.1386
  10.9805 11.0954 11.039 10.6072 9.70505 229*0 9.91177 10.1732 10.1077 2*0 10.3684 2*0 10.5053 10.5286 10.546 10.5564 5*0 9.92393
  9.91792 9.84764 0 13.7919 13.8801 14.4375 14.6388 12.2483 13.5737 13.1011 12.997 14.0959 14.6896 14.7503 14.5276 16.086 15.9785
  13.6952 13.302 13.3536 13.8009 13.6636 13.3447 14.0286 13.7423 13.7958 13.8863 13.9387 13.9748 13.841 13.6423 13.0706 13.3882
  13.3716 13.3503 13.5428 13.5279 13.7356 13.7196 13.7371 13.7875 12.9483 12.1782 12.0126 12.0393 12.0391 13.17 12.9498 12.7329
  12.4558 12.5653 12.3461 12.5584 12.597 12.6937 12.0324 12.063 11.9342 11.9045 11.8825 11.8216 11.7245 11.341 11.2874 11.5265
  11.275 11.0505 10.9833 10.9113 11.0812 230*0 9.77152 10.017 10.0984 10.0174 5*0 10.4836 9*0 9.91635 9.92123 13.9984 13.9162
  13.9854 13.6796 13.8255 13.1228 13.1715 13.5969 10.3066 14.147 13.8287 14.7397 16.6085 14.7675 14.6996 12.8149 15.0421 13.535
  13.3581 13.2692 13.6238 13.8343 13.7298 13.7489 13.825 13.0761 13.5466 13.6585 13.9043 13.7545 13.3687 13.3434 13.2953 13.3557
  13.6929 13.6951 13.6865 13.1216 12.8341 12.1316 12.0139 12.4974 12.8939 12.7716 12.497 13.3318 13.0301 12.6363 12.371 12.633
  12.752 12.6608 12.5183 12.4041 12.5354 11.9539 11.9289 11.778 11.7521 11.448 10.5254 10.9929 11.1717 11.044 11.0299 10.9884 11*0
  222*0 9.9617 9.95905 10.1484 10.2295 10.2536 10.3161 11*0 13.8116 13.9398 14.0246 0 14.0447 14.1555 14.1713 13.7954 12.776 15.2629
  13.7481 13.1672 13.4233 13.5939 14.8792 13.822 14.4544 14.1619 14.8441 14.345 13.9219 14.0692 13.7351 13.4515 13.6727 13.7062
  13.7398 13.7368 13.6435 13.8678 13.8844 13.7182 13.4798 13.4277 13.5508 13.2499 12.9803 13.0304 12.6348 12.775 12.1106 12.2878
  12.1482 12.2398 12.7097 13.3129 12.9763 12.7068 13.0303 12.5811 11.9169 11.9027 11.9213 12.5549 12.7618 12.288 12.2924 11.8582
  11.6871 11.575 11.7656 11.7379 11.0464 11.1411 10.7374 10.697 236*0 10.1808 10.1907 10.2003 10.2101 10.2312 10.2756 11*0 13.7836
  13.9431 0 14.1251 14.2486 12.5583 10.1124 10.316 10.3206 12.3701 12.7661 13.2657 13.3261 14.3339 14.3955 14.2868 13.7533 14.0692
  15.1613 13.7294 13.515 13.3985 13.169 12.9633 13.4074 13.6917 13.7262 13.7479 13.7802 13.8439 13.763 13.5888 13.9073 13.5754
  13.5882 13.5903 12.8555 12.6325 12.6391 12.099 12.2746 12.2602 12.267 11.9559 12.4149 13.4551 13.2661 13.0264 12.8213 12.739
  12.4176 12.1865 11.9187 12.5694 12.4469 11.712 11.5723 11.5434 11.4505 11.5755 11.7716 10.8109 10.2775 10.2808 239*0 10.1746
  10.1841 10.1938 10.2116 0 10.3069 0 10.3958 10*0 14.0573 14.0759 14.2669 2*0 11.8884 11.8666 12.2251 12.055 13.1623 13.2701
  14.3416 14.3699 12.6414 13.5116 12.5178 13.219 13.7673 12.9269 12.4723 12.8791 12.7363 13.0415 13.5953 13.7142 13.7498 13.7648
  13.7969 13.7839 13.7309 13.8909 13.6754 13.591 13.5915 13.0561 13.0498 11.8849 11.8961 12.0639 11.8096 11.9477 11.8232 12.4611
  12.6423 13.4024 12.4993 13.4593 12.8199 12.2328 12.2082 12.425 12.4624 11.9404 11.6256 11.5723 11.5141 11.5217 10.9002 10.8117
  10.4129 241*0 10.1077 10.1693 10.1803 10.1946 10.2456 10.2847 10.3571 10.3747 0 10.4374 10.4564 8*0 14.0698 0 10.56 10.2941
  10.2265 9.86117 10.7579 12.4717 13.1897 14.0292 14.0578 12.9684 12.4579 11.7831 13.1796 15.6568 14.3031 12.7144 12.4138 12.5904
  12.6199 13.6591 13.6796 13.6984 13.7273 13.7699 13.972 13.8074 13.8602 13.8755 13.5172 12.9684 12.2147 12.292 11.3558 11.2179
  11.6592 11.6534 11.769 11.7727 11.4807 11.9577 11.9594 11.5765 12.6561 13.1169 12.5108 12.4367 12.5268 12.3277 11.6528 11.6296
  11.5988 11.5633 11.4812 11.2465 10.8477 243*0 10.0405 10.1518 10.1661 10.1792 10.2244 10.2821 10.3345 10.3665 10.3958 10.4223
  10.4418 10*0 10.5552 10.56 10.4103 10.3144 12.2847 12.7035 13.0231 12.5972 12.4578 11.8397 11.7939 11.9772 13.7928 14.1464 12.5394
  12.4117 12.5708 12.7326 12.9963 13.6552 13.6818 13.7051 13.7127 14.2174 13.7645 13.7791 13.5111 13.4511 12.5221 12.116 11.904
  10.771 11.6017 10.8908 10.4304 11.8899 12.178 11.5721 11.2604 11.3461 10.3894 11.8216 12.4954 13.0043 12.6568 12.5598 12.5329
  12.0173 11.6706 11.6358 11.5925 11.6315 11.7521 246*0 10.1297 10.1455 10.1609 10.1963 10.2549 10.3099 10.3452 10.3735 10.4015 2*0
  10.1424 3*0 9.29595 9.34127 2*0 9.4394 9.90565 10.1227 10.1519 10.4759 11.2792 12.7596 12.5913 11.5079 11.18 11.8098 12.0658
  12.9184 12.3222 12.3176 12.4661 12.9602 13.1768 13.603 13.631 13.6528 13.6731 13.6948 13.7256 14.3568 13.6503 13.3333 13.5269
  13.3521 12.0378 11.5624 11.0889 12.0028 10.9329 10.9706 11.6494 12.0534 11.5174 12.1914 11.9284 11.6239 11.9724 12.7816 12.972
  12.859 12.7502 12.5579 12.5404 11.7191 11.6848 11.646 11.5954 248*0 10.1022 10.1166 10.1354 10.163 10.2221 10.279 10.3232 10.3484
  10.3841 10.4074 10.1767 9.49132 9.21207 9.25763 9.2669 9.27894 9.79913 9.67087 9.96411 9.89029 10.0334 10.1949 10.6241 11.8495
  12.3788 11.5984 11.3711 12.8651 12.9663 12.9799 12.6591 12.2597 12.4825 12.5217 12.7707 13.146 13.478 13.5615 13.6114 13.637
  13.6651 13.6853 14.0349 14.3437 13.3143 13.3158 13.0626 11.192 10.7855 11.1848 11.784 12.1411 12.1279 12.2802 12.264 11.3445
  11.8368 11.8383 12.361 12.2184 12.7028 12.9038 12.3696 11.742 12.2496 12.1692 11.2287 11.4905 253*0 10.1091 10.1316 10.1849
  10.2444 10.2986 10.333 10.3639 10.3919 9.76817 9.41468 9.61856 9.48879 9.50457 9.87768 9.90204 10.0227 9.77487 9.78122 9.73348
  10.5335 12.0801 14.8059 10.7657 10.6893 11.3529 12.1358 12.2318 12.6661 12.4534 12.6256 12.3487 12.7153 12.9467 13.2248 13.4256
  13.49 13.5481 13.5859 13.7872 13.6579 13.7098 12.9072 12.492 11.3294 10.8403 11.2004 11.9857 11.897 12.9285 13.1411 12.0865
  11.9152 11.9048 11.883 11.8635 11.8575 11.7304 12.0006 12.2548 11.9228 11.7734 11.7597 12.2668 255*0 10.0663 10.087 10.1056
  10.1464 10.21 10.2691 10.3122 10.3446 9.94413 9.75423 9.78552 9.81723 9.84704 9.86548 9.87603 9.69376 9.58351 9.40318 9.41192 0
  11.7212 12.8787 12.1784 11.0513 10.7334 11.7125 12.3841 12.5614 13.0599 13.595 12.715 12.8332 13.0653 13.2751 13.3296 13.374
  13.4374 13.4737 13.4719 13.6386 13.0734 11.8723 11.9029 11.8461 10.8582 274*0 10.0586 10.075 10.0905 10.1131 10.1752 10.236
  10.2907 10.0694 9.80211 9.8363 9.77314 9.80527 9.83947 9.86456 10.118 10.1629 10.102 10.0628 10.8282 10.5892 10.6644 11.575
  11.3724 11.1466 10.7891 11.9566 13.3733 12.6417 13.3441 13.4176 13.1741 13.4276 13.2149 13.2162 13.2852 13.3232 13.3754 13.4355 0
  281*0 10.0653 10.0804 10.0942 10.1409 10.2041 10.2646 10.0498 9.91222 9.73586 9.7627 9.79434 9.82982 10.1718 10.1414 10.1525
  10.1939 9.64119 10.0417 10.1967 10.2033 11.1572 11.2707 10.6105 10.8776 12.4109 12.7937 12.9905 12.787 12.58 12.7253 13.1011
  13.0417 13.1538 13.2171 13.2742 284*0 10.0644 10.0746 10.0884 10.1143 10.1738 10.2339 10.2875 9.90008 9.93562 9.75333 9.90541
  10.0134 10.2228 10.3071 10.4127 10.182 10.6556 10.6353 10.4379 10.6125 11.174 11.2301 11.4464 11.9884 12.1674 12.5353 12.4795
  12.2311 12.784 291*0 10.0721 10.0863 10.1014 10.1445 10.2036 9.73203 9.58917 9.62476 9.86875 9.97583 10.0145 10.2175 10.4036
  10.526 10.266 10.3552 10.3949 10.4524 10.6552 11.0053 10.7682 11.6982 11.7029 11.8578 295*0 10.0728 10.0857 10.1006 10.1215
  10.1739 10.2297 9.4645 9.38606 10.7312 9.83887 10.0209 10.0942 10.5019 10.3673 10.3006 10.3469 10.3748 10.4062 10.4188 10.1541
  10.2095 298*0 10.0758 10.0871 10.1024 10.118 10.1299 2*0 10.7258 10.7285 9.78492 9.98818 10.0639 10.6438 10.3946 10.3312 10.4698
  10.5158 10.3852 10.4077 301*0 10.091 10.1071 10.121 9.01903 9.03542 0 9.08424 9.11295 9.83296 10.2322 9.91067 10.7615 10.6907
  10.5332 10.6352 304*0 9.53829 9.21569 9.00679 9.02609 9.04576 9.06417 9.08786 9.1074 10.7506 10.6936 10.6324 10.3131 10.7743 2*0
  305*0 9.00246 9.0181 9.03595 9.05141 9.07018 9.08621 0 10.6077 10.6217 10.2901 309*0 9.01247 0 9.04332 9.05777 9.07524 9.09065 2*0
  313*0 9.04716 9.07063 6594*0 9.77335 9.76764 639*0 9.64666 9.63861 9.60811 314*0 9.65616 9.64828 9.64154 9.60773 9.55412 9.49116 0
  311*0 9.65802 9.64886 9.64282 9.6103 9.55389 9.5005 9.4516 9.40769 9.36995 307*0 9.76192 9.72529 9.66731 9.64972 9.64366 9.61501
  9.55755 9.50229 9.45181 9.40757 9.37396 9.33863 9.29751 306*0 9.75818 9.68402 9.65157 9.64467 9.6213 9.5642 9.50679 9.45502 0
  9.3652 9.33754 9.29796 9.2686 9.25184 9.24104 305*0 9.65194 9.64584 9.64244 9.57121 0 9.45211 9.43224 0 9.33808 9.29757 9.26755
  9.25065 9.24283 9.2392 9.21365 9.17479 310*0 9.32167 9.29948 9.2679 9.25043 9.24277 9.24138 9.23766 9.21504 9.17739 9.11302
  8.99924 306*0 9.36377 9.33545 9.29694 9.2696 9.25099 9.24278 9.24133 9.23739 9.23358 9.21906 9.14225 9.02242 8.89422 8.77125
  8.65802 8.54844 303*0 9.31774 9.29556 9.27087 9.25234 9.24286 9.2414 9.23741 9.23383 9.23186 0 9.05273 8.91139 8.77857 8.66671
  8.56319 8.46965 8.40896 8.33981 302*0 9.27694 9.25434 9.24331 9.24159 9.23772 9.23421 3*0 8.97142 8.80168 8.68222 8.57214 8.47904
  8.43249 8.17334 7.89179 7.82477 7.79919 301*0 9.24314 9.24225 0 9.23559 4*0 8.81477 8.7089 8.59315 8.17964 8.45026 7.92175 7.83282
  7.78121 7.73723 7.73155 7.93065 293*0 7.75057 7.73888 7.72854 11*0 7.60946 7.56793 8.0917 8.10229 8.06353 7.96298 7.82654 7.7858
  7.74375 7.69903 7.83032 7.9183 7.8886 7.8318 287*0 8.01573 2*0 7.75137 7.73609 7.72284 7.69811 7.68018 7.65741 8*0 7.54198 7.99685
  8.14804 8.08301 7.97095 7.87827 7.80871 7.72531 7.62171 7.53399 7.67011 7.81103 7.89621 7.83915 7.77231 7.71343 284*0 8.05718
  8.00054 7.90907 7.81621 7.74099 7.73586 7.71301 7.68863 7.66685 7.64007 7.59904 3*0 7.52822 7.53639 3*0 7.87518 8.04027 7.98646
  7.94665 7.85238 7.7848 7.62182 7.31833 7.29388 7.2815 7.60179 7.69777 7.83611 7.76579 7.69867 10.7059 11.5034 11.4501 282*0
  8.01357 7.95019 7.82521 7.75206 7.73368 7.70983 7.68234 7.65579 7.62209 7.57839 7.54224 7.54099 7.52706 7.5091 7.52637 7.49634
  7.43874 7.39255 7.32141 7.59341 7.55753 7.8809 7.79166 7.73071 7.71078 7.26008 7.25203 7.24057 7.3988 7.6739 7.87356 7.76002
  11.8864 11.7656 11.665 11.4783 11.4019 10.6632 281*0 8.0047 0 7.76708 7.73695 7.71111 7.68139 7.65192 7.60826 7.56076 7.54087
  7.52415 7.49716 7.44442 7.43953 7.40149 7.34724 7.31029 7.12462 7.12402 7.07368 7.04157 7.57506 7.5973 7.57721 7.46821 7.0303
  7.02593 0 7.38 7.11487 7.14698 0 16.1393 11.7477 11.6471 11.4445 10.871 10.0582 9.66845 283*0 7.69468 7.68245 7.65187 7.60438
  7.55658 7.5304 7.52319 7.48052 7.38098 7.27938 7.28496 7.19687 7.14365 7.09121 7.03981 6.99408 6.95938 6.92899 6.90075 6.87703
  7.35604 4*0 6.82188 6.95871 0 10.614 12.6181 11.7104 11.5998 10.9063 10.1371 10.0044 9.60449 9.44018 9.38606 281*0 7.68321 7.65288
  7.60434 7.55495 7.52926 7.5037 7.44191 7.3719 7.23166 7.131 7.11891 7.10504 7.09665 7.0567 6.99678 7.25361 7.39301 7.14755 6.82833
  6.80085 6.77846 6.79451 4*0 7.66202 11.2604 9.54229 10.2552 11.6416 11.53 11.3249 11.2412 9.70084 9.57396 9.43365 9.34244 9.28073
  281*0 7.57612 7.55446 7.52933 7.51488 7.46674 7.32851 7.2033 7.10937 7.10156 7.0925 7.05782 7.03229 6.98879 6.93354 7.21462
  7.34767 6.81468 6.77821 6.7485 6.70633 2*0 6.63127 17.2808 14.05 7.30011 7.25323 8.96597 10.457 10.5781 10.1852 10.1746 10.1408
  9.72856 9.57292 9.38805 9.30318 9.24685 9.18603 280*0 7.56537 7.53478 3*0 7.19536 7.1122 7.09256 7.066 7.02613 7.00465 6.99244
  6.94929 6.91284 6.86529 6.8208 6.77922 6.73988 6.70408 6.67203 6.62549 6.62081 9.30481 12.1002 11.8683 9.40181 9.66733 10.1794
  10.0748 9.8577 10.2081 10.596 9.70953 9.64758 9.49845 9.32695 9.24075 9.19601 9.12831 9.07094 8.97131 276*0 7.63759 7.56648
  7.54151 2*0 7.30872 7.17741 7.10902 7.09214 7.05842 7.02106 7.00261 6.9934 6.96791 6.89862 6.86395 6.81411 6.76585 6.72081 6.6802
  6.6442 6.6119 6.58239 6.55375 9.19902 10.5157 10.4378 10.3383 10.2291 10.1307 10.021 9.81004 9.78641 9.65833 9.60714 9.51566
  9.38356 9.25118 9.17808 9.12466 9.06791 9.01305 8.92581 8.87081 276*0 7.53611 0 7.42526 7.32346 7.1638 7.10658 7.08751 7.04727
  7.01218 6.99919 6.98275 6.95306 6.92884 6.89609 6.79204 6.72142 6.66747 6.62395 6.59226 6.55674 6.52558 6.4969 6.72027 10.4626
  10.4917 10.4032 10.3032 10.202 10.1043 9.98393 9.79381 9.75381 9.62169 9.57107 9.38406 9.21444 9.14927 9.1171 9.05539 9.00864
  8.94351 8.16758 8.23046 8.96624 9.73761 267*0 7.76993 2*0 7.68363 4*0 7.42622 7.31986 7.15539 7.10479 7.08382 7.03845 7.00761
  6.99567 6.96939 6.93638 6.90099 6.85464 6.81878 6.78214 6.7546 6.73155 6.56665 6.53584 6.50399 6.47345 6.44489 6.41012 11.1597
  10.457 10.3551 10.2663 10.3262 10.0776 9.94805 9.78034 9.72669 9.58802 9.53341 9.35763 8.73426 8.67106 8.06722 7.75241 6.89864
  8.46643 8.08523 9.45938 9.18109 9.08996 8.88595 8.46768 263*0 7.98072 7.87866 7.74516 7.72663 7.68894 7.65408 7.58346 7.53856
  7.52136 7.45622 7.32231 7.15303 7.10377 7.08091 7.03201 7.00403 6.99245 6.95804 6.9238 6.87547 6.82167 6.77866 6.74646 6.73224
  6.72842 6.72556 6.72051 6.71692 6.7109 10.7397 12.3197 10.0589 11.1215 10.6973 11.8024 10.7546 10.1293 10.2982 9.91386 9.76511
  9.69306 9.56732 9.45805 9.24996 5.85796 5.79962 6.56721 7.09148 6.36612 7.33972 8.49805 9.56939 9.03965 8.76383 8.56089 7.76868
  7.26818 9.00105 260*0 8.02799 7.88944 7.8017 7.73842 7.69575 7.66218 7.60822 7.55025 7.52423 7.46487 7.29275 7.15747 7.10363
  7.07867 7.02887 7.00257 6.98761 6.9492 6.91222 6.85403 6.8 6.75517 6.73266 6.72672 6.71893 6.71026 6.70249 6.69671 10.7476 12.7242
  12.6652 12.6317 11.98 11.2157 11.9019 11.5886 10.2225 10.3813 10.3932 9.92327 9.75664 9.63802 9.14955 8.69473 6.36167 5.81623
  5.73659 5.67284 6.56069 6.5711 6.55015 7.46959 9.62928 7.94135 7.66055 7.01931 6.94527 7.23124 8.09313 7.13224 259*0 7.97811
  7.8335 7.75381 7.71791 7.67062 7.62116 7.55915 7.52807 7.47863 7.34806 7.16935 7.10444 7.0789 7.02773 7.00193 6.98322 6.94349
  6.89976 6.83717 6.78246 6.7412 6.72898 6.72056 6.70843 6.69712 6.68812 6.67974 9.16763 10.7843 12.724 12.6666 12.6288 10.9985
  11.1266 10.7885 10.7799 10.6349 10.5608 10.5077 9.74584 9.21894 8.31509 8.24539 5.90037 5.84319 5.75224 6.01363 6.22411 6.52994
  7.20112 6.54143 6.90508 7.65655 7.19416 7.16576 6.91941 6.85906 6.83196 6.93847 6.90052 7.22287 258*0 7.83369 7.77858 7.73309
  7.68783 7.63502 7.57075 7.53088 7.4924 7.37242 7.18925 7.10629 7.08152 7.02864 7.00181 6.98102 6.93989 6.89038 6.82475 6.769
  6.73495 6.72609 7.4691 6.70023 6.68799 6.67554 9.21567 12.9664 12.8853 12.7834 12.2006 12.1518 11.6847 10.9771 10.8847 10.7567
  10.6886 10.6079 10.5222 9.22143 9.16284 9.11536 8.38724 6.84443 6.41076 6.34232 6.29048 6.73317 7.39865 8.56307 6.27985 6.2084
  7.01861 7.23511 7.69317 7.04529 7.40545 8.2432 7.16562 6.75996 6.70114 6.77922 7.29846 255*0 8.06002 7.89939 7.81664 7.75056
  7.70897 7.66009 7.58722 7.53614 7.50777 7.40012 7.21724 7.10925 7.08493 7.03183 7.00228 6.98118 6.93858 6.88513 6.81655 6.7595
  6.73146 6.72268 7.76521 7.47686 6.68023 6.66282 6.63839 13.0296 12.9845 12.9193 12.819 11.4676 11.1432 11.0712 10.965 10.8686
  10.7416 10.6615 9.25627 9.99129 9.14582 9.22729 9.62735 9.00632 8.14175 7.49059 6.83363 6.45203 6.36721 7.36227 8.50242 8.08652
  7.56041 7.72852 7.72825 7.7417 7.72418 7.7079 7.99233 7.24777 6.82928 6.65437 6.83891 7.08961 7.11997 253*0 7.98682 7.90349
  7.81698 7.7516 7.72224 7.68671 7.6492 7.54601 7.52613 7.39973 7.25911 7.11605 7.09616 7.05059 7.00436 6.9839 6.93976 6.88433
  6.81297 6.75515 7.57456 7.98127 6.70374 7.52441 6.67265 6.6485 10.9841 12.172 12.1105 12.4802 11.6671 11.9069 11.4679 11.1313
  11.0474 10.9433 10.8466 10.2999 9.87799 9.61138 9.18362 9.10534 9.46784 9.44428 8.66446 8.32245 7.77229 7.55701 7.65515 8.04502
  8.43916 8.39575 7.51505 7.48232 7.57019 7.46792 7.91811 7.59787 7.67225 8.04777 7.80081 7.73331 8.51956 6.86484 7.02097 7.09878
  8.51754 252*0 7.9747 7.837 7.7569 7.7265 7.69344 0 7.55615 2*0 7.31215 7.14215 7.09642 7.07332 7.01945 6.99147 6.94352 6.88832
  6.81418 6.75403 6.73085 6.72206 7.97485 7.1982 6.66507 6.63566 9.24448 11.7817 10.3176 12.1284 11.4421 11.3932 11.3053 11.2017
  11.1232 11.0293 10.9289 10.8376 10.6957 9.29034 9.23731 9.16329 9.2706 10.0909 8.7232 8.52035 7.99148 8.2575 8.20675 7.89074
  8.16438 8.33212 8.27262 7.52932 7.32972 7.30304 7.36448 7.74806 7.88426 7.67115 8.13373 8.17805 7.97719 8.20777 8.29502 8.21853
  8.05834 8.06054 258*0 7.53437 7.48701 7.36775 7.16855 7.10178 7.06394 7.01778 6.98646 6.92698 6.85981 6.8039 6.7498 6.73084 6.7245
  7.5634 7.20562 6.66779 6.63542 6.60706 6.59768 6.57328 9.17852 8.91021 8.7552 11.3997 11.3144 11.2094 11.106 11.004 10.9128
  10.8143 10.6861 10.627 10.1281 9.11769 9.8067 9.31198 8.57772 7.90726 7.73576 8.77977 8.23857 8.13515 8.02149 7.76097 7.55087
  7.2474 7.54113 7.31389 7.38036 7.41655 7.55218 7.5145 7.55316 8.18984 8.11795 8.52 8.57327 8.18997 8.53079 8.41509 8.15073 9.37272
  253*0 7.65218 7.61512 7.55049 7.51848 7.42228 7.22878 7.10879 7.08023 7.01498 6.98502 6.93708 6.87237 6.79526 6.7387 6.72764
  6.71708 7.2441 7.35374 6.67095 6.63958 6.61183 7.42912 6.55801 7.23694 7.33945 7.42607 11.4674 11.399 11.3109 11.2121 11.0868
  10.984 10.8896 10.801 10.6995 10.1845 9.7368 9.6142 9.39604 9.52119 8.60931 7.95105 7.68928 8.07956 7.76339 7.5137 7.39828 7.28304
  7.19229 7.25175 7.58461 7.60338 7.40506 7.31539 7.42905 7.61425 7.56429 7.63775 7.69061 8.04388 8.74324 8.44243 9.06959 8.43604
  9.34925 9.14568 9.31295 9.23102 9.70037 249*0 7.67189 7.6395 7.57147 7.52936 7.4938 7.32882 7.13231 7.09296 7.02773 6.99388 6.9483
  6.8904 6.80962 6.74597 6.72708 6.71571 6.69925 6.68118 6.65418 6.63685 6.60946 6.59846 7.61675 7.67077 7.57856 7.47265 10.7904
  11.4749 11.401 11.3031 11.2026 11.0628 10.9552 10.8521 10.7747 10.6679 10.5414 9.38124 9.49454 8.98359 9.04559 8.72759 7.97179
  8.45131 7.69972 7.43644 7.45236 7.31013 7.18953 7.22253 7.20674 7.47561 7.29294 7.3714 7.62243 7.70493 8.00967 7.5577 7.59431
  8.0269 8.46337 8.1472 8.95055 9.30763 9.25197 9.25112 9.32781 9.06321 9.78598 9.73627 9.1352 9.28766 8.52449 244*0 7.73668 7.69964
  7.66148 7.5991 7.54012 7.50976 7.37499 7.16302 7.1063 7.06726 7.0008 6.96446 6.9113 6.89246 6.83509 6.72837 6.71675 6.7015 6.68257
  6.65634 6.61927 6.60307 6.59216 6.56341 7.7985 7.66819 7.57605 7.43485 10.7655 11.4759 11.3942 11.2943 11.2114 11.054 10.9289
  10.8682 10.7548 10.5983 10.1784 9.08792 8.40889 8.38663 8.39639 8.09092 7.82076 7.6173 7.50069 7.71681 7.61137 7.19255 7.17733
  7.26999 7.17354 7.0698 7.26704 6.97882 7.22199 7.38289 7.69321 7.82868 8.05351 8.96827 8.6899 9.18468 9.31382 9.37684 9.02508
  8.59362 8.76127 9.10663 9.73039 9.87975 9.7018 9.57615 9.50914 9.31903 8.96071 240*0 7.8179 7.74503 7.72024 7.67913 7.63001
  7.56065 7.52586 7.45326 7.27839 7.11387 7.07299 7.00357 6.95535 6.87739 6.9267 6.98221 6.61799 6.71734 6.70218 6.68534 6.65513
  6.61634 6.64321 6.57563 6.54551 6.53086 7.60523 7.66096 7.55217 7.48692 11.1929 11.13 11.0551 10.9548 11.1727 11.0388 10.9226
  10.8576 10.7311 9.73964 9.23833 8.72215 8.39162 8.03453 7.9669 7.7688 7.6307 7.72719 7.49783 7.26888 7.12795 7.00586 7.35344
  7.0497 7.01489 6.91254 6.91445 6.93471 7.04593 7.4749 8.16282 8.41689 9.06922 9.02837 9.0899 9.39071 8.64928 9.09284 9.40552
  8.73441 9.03775 9.53372 9.58427 9.79835 10.0452 10.4484 9.85781 9.29769 9.10223 9.44391 9.53308 237*0 7.87322 7.78448 7.73831
  7.70244 7.65765 7.59203 7.53597 7.49981 7.36509 7.15417 7.08836 7.00951 6.94193 7.07344 7.10778 7.01611 6.81252 6.65802 6.685
  6.67055 6.61624 6.52979 6.55408 6.80533 7.85569 7.51317 7.59812 7.5166 7.36413 8.65003 10.5184 11.1836 11.0804 11.0139 10.9089
  10.8051 10.6071 10.473 10.3756 10.2067 9.0773 8.74968 8.4826 8.38235 7.84936 7.77972 7.65297 7.45651 7.32311 7.2191 7.10377
  6.97041 7.57137 7.47619 6.8408 7.33937 7.36481 7.24325 7.31152 7.38547 7.4775 8.09326 9.2851 9.18116 9.35414 9.19647 9.13991
  8.79019 9.23685 9.70254 9.39657 9.35902 9.55593 9.94059 9.67346 10.0665 10.2439 9.32723 9.02608 8.9261 8.97711 8.79026 9.30539 2*0
  234*0 7.79621 7.74663 7.73013 7.67528 7.62421 7.54778 7.50492 7.41228 7.21378 7.06051 7.00429 6.93112 6.99223 7.10351 7.02556
  6.91085 6.72716 6.56309 6.58372 6.58522 6.52077 6.47994 6.79271 7.26907 7.34216 7.30191 7.4968 7.43556 9.58135 10.6381 10.2145
  9.90866 11.05 10.9654 10.8361 10.707 10.5147 10.3679 11.2172 10.0613 8.80892 8.58232 9.23244 7.85705 7.40909 7.00429 6.7461 6.6459
  7.18722 7.26232 7.11098 6.94126 6.82574 6.7849 6.78203 6.9803 6.80916 6.91065 7.52436 7.30745 8.15331 8.89014 9.3372 9.52237
  9.85575 10.1133 9.1219 9.22567 9.28653 9.80777 9.16946 9.79084 10.5464 10.4114 10.3045 10.366 10.6861 10.1717 10.0187 9.75979
  9.24838 9.83327 10.3997 10.5597 10.0049 233*0 7.8622 7.79408 7.7372 7.69371 7.63798 7.55639 7.48473 7.40949 7.22591 7.04725
  7.21208 7.11267 6.85624 6.90611 7.02684 6.93264 6.80484 6.68255 6.62684 6.53473 6.49573 6.46019 6.4427 6.93886 6.77438 7.13976
  7.1721 6.72965 8.77862 9.41971 9.98119 9.9012 9.36185 10.9366 10.8395 10.7554 11.7386 10.5233 10.3296 9.55261 9.39747 9.63202
  8.13663 8.07589 7.54266 7.28847 7.14237 6.85633 6.52851 6.38056 6.86061 6.36848 6.42522 6.41554 5.80175 6.72956 6.80893 6.87287
  6.95719 6.93607 7.17786 7.84322 8.85898 9.05822 9.9556 10.7743 10.217 9.60341 9.98969 10.5917 10.1661 9.78614 10.6194 10.7464
  10.4104 10.3276 10.7551 10.9221 10.5648 10.5095 10.8758 10.3112 10.7969 10.2116 9.97329 9.44507 8.8974 231*0 7.96049 7.85926
  7.77292 0 7.64299 7.55822 7.46593 7.40151 7.25378 7.14185 7.27046 7.21063 7.15522 6.78415 6.91094 6.94251 6.83047 6.69823 6.58842
  6.3623 6.30216 6.23691 6.3553 6.32977 6.2463 6.1868 6.12105 6.07348 6.40771 7.79614 8.6231 7.65594 6.62545 10.983 10.8576 10.7714
  10.668 10.5553 10.424 10.1781 9.9622 9.69172 9.03049 8.36789 7.75312 8.32147 7.08186 6.89771 6.64542 6.48419 6.35921 6.43925
  6.27078 5.98303 5.80335 5.75679 6.15569 5.83583 5.8729 6.04091 6.25073 8.61254 8.57119 7.71049 8.89424 9.32314 8.36741 8.69345
  9.85819 10.3618 9.5008 9.48296 9.69448 10.5299 10.2392 9.94358 9.24962 9.61997 10.0305 9.8009 10.0774 10.7002 11.2073 10.6931
  10.3647 9.71278 9.97941 10.3296 11.5609 11.6644 230*0 7.8553 0 7.60885 7.55482 7.46129 7.39923 7.3148 7.11618 6.93239 7.00536
  7.1354 7.04492 6.82678 6.94025 6.85082 6.72725 6.60418 6.48622 6.31369 6.22526 6.17323 6.27765 6.23809 6.17777 6.75898 6.58647
  5.99225 6.52678 6.17869 6.79268 6.72452 8.49645 10.5395 10.8106 10.7041 10.565 10.4442 10.288 10.0484 9.75578 9.49107 8.7726
  7.81709 7.2912 7.59092 7.94975 6.6541 6.33299 6.17833 6.11516 6.15233 5.8421 5.67147 5.63714 5.64152 5.66174 5.55416 5.45554
  6.07865 6.37117 7.37307 7.63643 7.39993 7.80976 7.50229 8.13267 8.03623 9.68122 8.25517 8.01444 8.5362 8.14692 8.405 8.86912
  9.11268 9.09614 9.40956 9.89832 9.64965 9.30421 10.127 11.2078 10.8831 10.3467 10.2231 11.9278 11.7767 11.3839 11.042 11.3915 2*0
  224*0 8.10233 8.04879 7.94716 0 7.66283 7.57827 7.4908 7.39823 7.34499 7.21148 6.9759 6.87146 7.07694 7.06493 7.01014 6.93443
  6.86005 6.7519 6.60212 6.52789 6.36326 6.3809 6.32611 6.23349 6.23336 6.81155 6.92314 6.98256 6.70813 6.546 6.63327 6.75847
  6.87767 6.61268 8.66822 10.1686 10.0434 10.04 10.5035 11.2345 10.3857 9.88611 9.60826 9.33535 9.02927 7.52899 8.1813 7.59207
  7.15945 7.17547 6.46004 5.98393 6.39651 7.05856 5.85228 6.09627 5.52002 5.43308 5.51351 5.55403 5.87791 6.33611 6.70052 6.80912
  7.26663 6.69972 6.68991 7.42691 7.76686 8.01833 8.15474 7.96635 7.83469 8.53991 8.46984 8.14737 9.44713 8.99163 9.12785 9.77125
  9.51824 9.55359 9.12215 9.01577 9.92297 10.4117 9.92092 10.5454 10.6853 10.9477 11.1764 10.2186 10.4498 11.2267 11.4957 223*0
  8.13258 8.09254 8.00823 7.80812 7.6826 7.60784 7.5205 7.42812 7.34508 7.2771 7.09566 6.87049 6.94043 6.9553 6.9524 6.93056 6.82049
  6.77762 6.65849 6.44425 6.4627 6.41327 6.34316 6.29571 6.24669 6.18733 7.12499 7.20176 6.9416 6.72592 6.48052 6.6165 6.80293
  6.83229 7.50242 9.55703 10.0827 10.1032 11.3617 11.8894 10.0803 9.10919 9.62048 9.43714 9.08592 8.53606 7.3675 10.4818 10.2653
  8.06046 8.0578 6.55766 5.47172 5.35779 5.47695 5.31254 5.42798 5.87854 5.56596 5.35112 5.93863 7.01655 5.90511 6.80352 7.55184
  7.15725 7.04142 7.45244 7.15296 8.01466 8.17665 8.1919 8.01697 8.15347 8.2526 8.70455 8.68932 8.46319 8.62568 9.43804 9.18712
  8.55089 8.20426 9.05992 9.90285 8.13094 10.2011 8.87378 9.28031 11.4713 10.7041 10.6369 7.98135 10.6787 12.012 11.1801 11.016
  11.3063 11.013 219*0 8.18734 8.11612 8.05014 7.93625 7.77262 7.64216 7.5613 7.47062 7.36969 7.29133 7.20043 6.98138 6.80946
  6.75406 6.80114 6.74938 6.54959 6.59634 6.64539 6.56868 6.44894 6.40123 6.34172 6.27979 6.25219 6.20339 6.13156 6.3402 6.97492
  6.7461 6.59533 6.62649 6.75648 6.64524 6.44544 7.34679 9.1404 9.99756 10.428 11.203 9.69534 8.9717 10.5727 10.4353 9.21691 10.0839
  8.40442 7.89111 9.13672 8.64736 7.07021 5.92443 5.71219 5.56187 5.47067 5.41301 5.12439 5.04511 5.09123 5.24925 5.38687 5.74579
  6.91066 7.07079 7.55626 7.11667 7.43443 8.08549 8.01874 7.75618 7.18134 8.10705 8.07221 7.93546 8.0072 8.18596 8.58227 9.07046
  9.53815 9.35715 8.95576 9.19376 8.76388 8.45478 9.06722 9.721 9.35396 9.7235 9.60961 10.6113 10.7034 9.92757 9.74827 10.6835
  11.1379 11.6244 10.6533 9.45658 10.5844 11.8027 12.2315 12.2832 11.7996 213*0 8.33679 8.3027 8.26243 8.15337 8.073 7.98976 7.87623
  7.73859 7.58417 7.51333 7.40978 7.31895 7.2772 7.28214 7.16213 6.97038 6.96536 6.6145 6.56336 6.48338 6.38115 6.56377 6.48594
  6.38859 6.3426 6.27526 6.22979 6.20321 6.13664 6.33443 6.7784 6.69588 6.4878 6.83857 6.66044 6.4869 8.33984 6.20949 8.18378
  10.0541 11.0639 11.2756 9.6773 9.55421 10.348 11.9607 11.2511 10.8708 10.7231 12.2662 10.4443 8.65397 7.40045 5.75677 5.03047
  5.06071 5.20813 5.00475 4.91396 5.08621 5.0679 5.14338 5.026 5.7609 5.58892 5.91188 5.70705 5.62933 5.77759 6.6652 6.53571 6.39874
  6.65883 7.23566 7.83492 7.4285 7.76663 8.01689 7.96154 8.03621 8.85188 9.22228 9.07299 8.34215 8.85188 8.91304 8.57739 8.35256
  8.61711 9.24573 9.36591 9.60305 9.67756 9.73769 9.28866 9.01166 9.89008 11.1903 10.6142 11.432 12.0253 11.979 11.6143 10.8378
  12.2795 11.9816 11.8696 211*0 8.37987 8.31691 8.25485 8.1985 8.08613 8.01469 7.9279 7.76356 7.60323 7.54797 7.48895 7.43376
  7.26703 7.32911 7.25332 7.09302 7.02556 6.84951 6.56522 6.4997 6.56674 6.58781 6.58474 6.4074 6.33597 6.28653 6.23247 6.19011
  6.14872 6.57288 6.8279 6.73436 6.49603 6.30921 6.19143 5.88756 8.31685 9.6008 9.87115 9.79036 11.5921 10.2678 9.65515 9.52244
  10.1829 12.0499 14.9036 15.9762 14.2155 12.4998 9.80544 7.6375 6.39984 5.58115 5.00397 4.7479 4.73965 4.70575 4.58462 4.62726
  4.74636 4.69008 4.8577 5.34018 5.54978 6.00431 6.23367 5.34693 6.08592 6.30329 6.87006 6.97931 6.59004 6.58654 7.2191 7.72274
  7.80213 7.85472 6.55253 7.49582 7.2805 7.63451 7.62744 8.15672 8.48401 8.53 8.34224 8.28375 8.19596 8.36379 8.98028 9.29032
  9.31494 9.34937 9.72729 9.69878 9.5712 9.13589 11.4719 10.008 9.38235 11.6337 11.5542 11.1589 10.8127 11.5965 11.7952 147*0
  9.77512 9.78491 9.87878 61*0 8.4877 0 8.27117 8.18314 8.12815 8.01858 7.95267 7.86076 7.6989 7.58791 7.49723 7.44697 7.44561
  7.39172 7.25973 7.17524 7.02937 6.97081 6.57374 6.78176 0 6.3525 6.69757 6.50785 6.34154 6.28401 6.22899 6.17561 6.14017 6.57964
  6.80979 6.61516 6.43763 6.39626 6.20645 6.06508 7.82867 9.54445 9.79256 10.9083 12.2463 12.1835 11.5185 10.8918 10.1725 9.57562
  9.98602 14.3534 14.5784 12.7585 8.95702 7.56077 6.49681 5.77638 4.96937 4.54374 4.48603 4.58653 4.54274 4.76435 4.72849 4.68126
  4.81998 4.75457 4.83336 5.05544 5.1525 5.14557 5.54114 6.15432 5.99992 6.23414 6.75558 6.15368 5.75598 6.78771 7.51083 7.65015
  7.41395 6.05512 7.38576 7.52934 7.06388 7.96096 8.01599 8.24379 7.7869 8.30378 8.3567 8.61383 9.02389 9.11518 9.17305 9.0834
  9.11369 9.38157 9.77427 9.59613 9.51897 11.2209 10.7739 9.50372 10.9719 11.7207 10.7053 10.8093 11.123 12.245 146*0 9.75582
  9.77067 9.77481 9.77992 0 9.91875 56*0 9.04333 5*0 8.13892 8.07995 7.95229 7.88932 7.7912 7.61711 7.52577 7.47065 7.47064 7.44643
  7.31416 7.25404 7.10367 6.97875 6.82133 6.6447 0 6.99607 6.82193 6.63858 6.43289 6.2782 6.23158 6.16999 6.11792 6.35553 6.83758
  6.65551 6.47582 6.345 8.02352 5.91495 5.96992 8.03486 8.96609 10.6508 10.6782 12.0126 11.9172 11.7883 11.5805 10.4679 12.7212
  13.9349 13.1579 11.7362 9.44176 7.42546 6.75836 5.90847 5.30958 4.64675 4.6437 4.52012 4.48986 4.41103 4.44579 4.44482 4.47282
  4.56567 4.6601 4.74295 4.71053 4.70881 5.0671 5.44908 5.68116 6.234 6.41837 6.63445 6.7228 7.30328 7.67467 8.17329 7.99911 8.10646
  8.23815 8.43756 8.13267 7.08387 7.56455 7.75643 7.64339 7.61038 7.60007 8.06026 8.25066 8.96506 8.84133 8.80437 8.75441 8.95992
  8.94373 9.77813 10.0892 9.65773 10.3132 11.5841 9.61229 10.4302 11.6878 11.2494 11.3847 10.9024 12.2228 11.8149 144*0 9.67989
  9.71733 9.76032 9.76979 9.77461 9.80277 56*0 9.14109 9.00718 8.77185 5*0 7.98465 7.88707 7.82268 7.72184 7.5515 7.45227 7.47064
  7.49655 7.44654 7.31188 7.18733 7.03997 6.9297 6.86743 6.79478 7.03204 6.95463 6.90637 6.49564 6.32661 6.22477 6.17906 6.11324
  6.32462 6.02578 6.18729 6.52147 6.36994 7.21034 9.40544 8.16262 9.861 9.92059 9.50283 7.1017 8.78501 11.1132 12.5257 11.4745
  11.3115 11.8265 16.2681 12.0893 9.50799 8.68873 7.71683 7.05205 6.22442 5.3166 4.72971 4.59773 4.50885 4.32926 4.12642 4.05965
  4.10991 4.14029 4.20638 4.4882 4.64036 4.65411 4.79623 4.8888 5.08922 5.3131 5.43705 6.66739 6.4029 6.32349 6.40566 6.79576
  7.01852 7.21333 7.31906 7.38008 7.15235 7.56241 7.53925 7.41935 7.19858 7.02565 7.29598 7.48673 7.52596 8.19502 8.69187 8.88989
  8.65481 9.00035 8.92557 8.98157 8.70408 9.9767 10.2632 9.62549 8.26399 10.8393 10.4351 9.11453 11.3022 10.9445 12.1585 11.8754
  12.8197 13.0163 145*0 9.6635 9.71368 9.75119 9.76813 56*0 9.09893 9.07234 8.9449 8.76076 5*0 7.95204 2*0 7.71389 7.5248 7.38427
  7.46344 7.42943 7.30322 7.79345 7.89744 6.97663 6.87499 6.81517 6.93688 6.97451 6.90571 6.62971 6.39149 6.25817 6.17525 6.12805
  6.71313 6.80481 6.38837 6.39891 6.42631 5.76735 9.14222 10.6735 9.17213 9.15998 8.4759 6.45941 7.71725 11.6795 10.305 9.38056
  13.2123 14.3558 10.6401 10.8152 13.9506 9.47355 8.09362 7.28649 6.64068 5.7975 4.94206 4.73989 4.33972 4.37155 4.1316 3.9046
  3.7562 3.84985 4.06962 4.30967 4.49862 4.61267 4.69227 4.81266 4.9186 5.19856 5.26525 4.73433 6.40556 5.76726 5.87378 6.13696
  6.15118 7.03384 6.81797 6.79419 7.17143 6.79795 7.07449 7.17165 6.60186 7.08731 7.10608 7.20344 7.3043 7.97153 8.43928 9.32891
  9.16648 9.23527 9.06507 8.87027 9.54747 8.50997 9.59219 10.6261 9.94407 8.10074 10.4745 11.3009 8.59645 11.8388 11.3521 12.1355
  12.0407 12.118 12.3482 143*0 9.55159 0 9.64762 9.6645 9.70406 9.73852 54*0 9.22311 9.13125 9.06534 9.02534 8.97659 6*0 7.82404 0
  7.71226 7.65575 7.46141 7.31774 7.92637 7.20675 8.21477 7.6154 7.04363 6.91127 6.86269 6.95251 7.00318 6.9207 6.85924 6.50485
  6.33496 6.19864 6.39893 6.55231 6.81173 6.69613 6.52125 6.47948 6.00924 7.45126 10.3492 10.9943 10.4624 8.82291 8.96319 5.46779
  8.88405 9.96279 10.1217 14.6125 14.2829 10.6259 13.1008 12.1002 8.94341 8.45484 7.54055 6.98592 5.34232 5.19842 4.88826 4.81291
  4.33968 4.21129 4.09453 3.61292 3.97052 4.09808 4.35533 4.36356 4.48675 4.47354 4.69249 4.81498 5.13224 6.01003 6.24513 6.32225
  6.28674 5.73881 5.75129 6.11168 6.27672 6.33403 6.66661 6.75673 7.23928 6.64741 5.95176 6.47996 6.66983 6.73176 6.79448 7.25211
  7.99152 8.52711 8.67213 8.69359 8.84649 9.79099 9.26079 9.46676 9.34687 9.58637 8.73205 10.3954 10.963 10.1456 9.53506 11.0272
  9.22249 11.9126 11.7115 11.8588 11.2639 11.3633 12.1038 12.1087 141*0 9.45829 9.51658 9.5803 9.63511 9.64751 9.66572 55*0 9.21707
  9.08889 9.01326 0 8.88437 8.7598 3*0 7.88537 7.86701 7.85888 7.72443 7.67408 7.59998 7.85481 8.64224 8.83729 8.2506 8.74891
  8.25161 7.39052 7.02623 6.76657 7.0137 6.95846 6.63014 6.50521 6.41295 6.28431 6.15026 6.74905 6.82465 6.73742 6.565 6.53556
  6.46594 7.74072 9.17277 9.2837 8.30128 7.12386 8.2123 6.97357 5.37453 5.49956 10.0293 16.6964 16.3741 15.8756 5.14623 8.85534
  8.9027 6.44199 4.98067 6.47123 5.67858 4.84137 4.81391 5.07421 4.94249 4.87175 4.71364 4.36591 3.51576 4.4732 4.78718 4.24337
  4.19697 4.09528 4.28088 4.54017 4.85101 4.86364 5.42194 5.46909 5.74477 6.05065 5.61727 5.66155 5.75295 5.88869 5.94514 6.13644
  6.40143 6.62144 6.90261 6.75153 6.68124 6.4461 6.91961 7.11596 7.29551 7.71185 8.2566 8.56329 8.35191 8.62367 8.51392 9.45711
  9.60028 9.76268 9.79504 9.29659 9.90479 10.6366 9.95728 9.36122 10.8829 9.63439 11.8615 11.7589 11.5585 11.3251 10.8358 12.2261
  12.3813 139*0 9.30679 9.36356 9.40375 9.45458 9.51367 9.57981 9.63307 9.64923 54*0 9.34267 9.24367 9.03325 8.98319 4*0 10.6775
  9.76472 7.86702 7.81295 7.76797 7.70147 7.62822 7.52019 8.88842 8.82022 8.78232 8.17148 8.64808 7.97704 7.0676 6.91446 6.67837
  6.95375 6.5277 6.52521 6.46083 6.36514 6.23553 6.57879 6.82621 6.77219 6.76549 6.62389 6.48375 6.38808 6.26105 8.42766 6.00017
  7.14718 10.3341 10.5299 10.2318 5.66856 16.6494 16.5391 16.1086 15.8724 0 9.21682 9.5659 7.39824 4.98167 4.93983 4.87361 4.83541
  4.81366 4.78572 5.38767 5.35501 5.65652 5.57304 4.96234 5.28931 4.95483 4.62716 4.23893 3.77843 4.03517 4.35917 4.56982 4.53525
  5.07406 4.64359 4.61581 4.77959 5.38687 5.1955 5.66606 5.72054 5.81196 5.90823 5.95966 6.6561 6.9694 6.76339 6.73278 6.79075
  6.31789 7.21567 7.45692 7.49202 7.0879 7.58864 7.40207 8.17869 8.16217 8.23696 9.34758 9.89311 10.155 9.07125 8.42858 9.40155
  10.3839 8.73338 9.49135 10.9562 8.78361 11.5879 10.5124 11.507 11.5248 10.7492 12.704 12.4374 12.2712 125*0 8.58605 3*0 8.85841 0
  6*0 9.2566 9.27421 9.31514 9.36045 9.40152 9.45296 9.51461 9.58193 9.64097 59*0 10.6961 10.7021 7.76941 9.46477 10.5914 7.79967
  7.75206 7.74438 7.61053 7.5649 8.93615 8.83768 8.7679 8.7125 8.65236 8.22993 7.70567 6.94426 6.70817 6.39881 6.61008 6.54562
  6.48375 6.92451 7.15081 6.97178 6.83053 6.77652 6.85537 6.7804 6.47836 6.39601 6.28557 6.97064 7.80145 7.6841 11.138 9.30332
  9.52305 5.4129 9.12496 0 15.9687 15.5243 14.7769 0 7.72482 7.41371 5.00316 0 4.9177 4.84845 4.80324 4.7773 4.75272 4.73057 6.14027
  6.08114 5.25573 5.94385 5.6735 4.67982 4.34808 4.2367 3.83246 4.27648 4.36138 4.66147 4.92672 4.89246 4.88932 4.79492 4.68263
  5.44531 5.40905 5.56503 5.458 5.40232 5.47016 5.91693 6.32862 6.0537 6.52552 6.6518 6.66978 7.08549 7.2552 8.16019 8.24325 6.90426
  7.21045 7.66858 7.21871 7.4068 7.63905 8.95961 9.4608 9.48242 8.19645 8.02354 9.3855 9.61482 8.45864 8.7908 8.1998 9.49944 11.4016
  11.6051 11.9084 10.627 10.801 12.6994 12.2333 12.3107 124*0 8.38474 8.38726 8.53102 8.617 8.64095 7*0 9.23984 9.24255 9.25058
  9.27212 9.31264 9.35926 9.40127 9.45371 30*0 5.41999 5.38796 5.34618 27*0 10.6359 10.6262 10.5881 7.70322 8.55844 9.50586 2*0
  7.67547 7.61604 0 8.57948 8.77723 9.20633 8.62553 8.35611 7.56907 6.8347 6.78715 6.5145 6.53055 6.55817 6.50173 6.44186 7.20022
  7.07658 6.96369 6.76673 6.70798 6.60064 6.46482 6.43338 6.3702 8.34035 9.64679 10.237 8.97998 9.43943 5.18284 5.07071 5.21911
  4.79861 2*0 14.791 2*0 5.08033 2*0 4.9413 4.89833 4.83619 4.798 2*0 6.17915 6.13519 6.04543 5.58305 5.57914 5.12128 4.81009
  4.40495 4.2597 4.93661 5.34122 5.14527 5.16498 5.11132 5.04983 4.96436 5.44666 5.90282 5.52854 5.47094 5.53919 5.26418 5.55674
  5.9446 5.75584 5.8145 5.85254 6.47183 6.62605 7.13584 7.09911 6.73653 6.53933 8.2339 6.07259 6.80307 7.77079 6.67848 7.55715
  7.78434 9.22865 9.07692 8.39463 7.64247 7.74301 8.76267 9.02122 8.81386 9.84545 9.85327 11.6075 11.422 11.3208 11.6937 10.3622
  12.6807 12.5231 12.2527 11.8232 123*0 8.32043 8.34738 8.37589 8.38582 8.4638 8.58643 8.64617 4*0 9.17874 9.23145 9.23454 9.23954
  9.24245 9.24972 9.27131 9.31236 9.35966 31*0 5.39264 5.35035 5.33451 5.31644 5.3184 5.27915 23*0 4.75503 8.64872 10.5532 8.59677
  7.62111 9.31371 10.4575 9.54029 8.54153 7.62862 2*0 8.8117 10.2058 8.81519 7.5402 6.92975 6.89446 0 8.17471 6.71564 6.61063 6.5267
  6.73603 6.88351 7.11866 6.98021 6.88025 6.75592 6.60856 6.46243 6.38737 6.30773 7.22089 10.5787 10.9853 10.9456 9.17914 5.14445
  5.19707 4.99379 9*0 4.95677 4.92893 4.88408 4.84999 2*0 6.25637 6.19555 6.13528 6.04722 5.77697 5.40942 5.27416 5.04494 7.11061
  5.98174 5.35755 5.26247 5.31651 5.23081 5.1413 5.19384 5.17369 5.54956 5.8948 5.57385 5.57667 5.68887 5.89174 5.98225 5.83354
  5.64765 6.05501 6.36921 6.59599 6.49075 6.25164 6.56477 6.21884 7.00581 7.29935 6.37512 7.13949 8.33098 7.32208 7.65128 8.3613
  8.88517 7.78291 7.42811 8.11445 8.6852 10.3311 9.49442 10.2035 9.7499 11.178 11.0864 10.8538 11.052 10.4038 12.6137 12.3073
  11.7139 12.1682 10.7404 10.8843 120*0 8.27225 8.29078 8.30226 8.30896 8.33277 8.35192 8.37589 8.4152 8.55198 8.63921 0 8.73739
  8.89672 9.0541 9.16782 9.22851 9.23417 9.23929 9.24241 9.24963 9.2718 9.32632 9.36223 12*0 6.61281 16*0 5.37514 5.3553 5.33498
  5.31618 5.27846 5.25955 5.27341 7*0 4.80037 14*0 4.69733 4.71146 0 10.5053 8.53803 7.53939 10.3642 10.3201 10.3006 10.2722 2*0
  10.1591 10.1481 8.63465 8.53415 6.96204 8.09888 6.83692 8.0141 7.35616 7.27759 6.56684 6.4795 6.87541 7.12581 7.02207 6.90618
  6.80163 6.65594 6.49542 6.36214 6.30056 6.20849 7.47528 5.80457 11.2112 6.2995 7.0733 5.17666 5.09639 10*0 4.96584 4.92886 2*0
  6.57924 6.46564 6.28499 6.20351 6.1415 6.05722 5.98152 5.56805 5.29605 5.03025 6.28558 5.51495 5.43858 5.32863 5.38394 5.23555
  5.19188 5.21684 5.245 5.52466 5.46311 5.46742 5.56005 5.78044 5.87402 5.99127 6.10526 6.14303 6.22826 6.30717 6.84416 5.39426
  5.62058 6.56272 6.83578 7.39145 6.32947 6.34509 8.2794 6.76626 7.33358 7.96043 7.94568 8.48442 7.81362 8.37992 9.66881 10.0374
  9.36127 10.7439 10.2227 11.1219 11.2242 11.1893 10.521 11.098 12.583 12.5883 11.8891 11.6022 11.4659 12.3646 12.151 120*0 8.17362
  8.22809 8.28836 8.29707 8.30502 8.31006 8.32508 8.36487 8.39506 8.5052 8.62536 8.66261 8.77412 8.90878 9.03983 9.15907 9.22694
  9.23403 9.23926 9.24242 9.24877 14*0 7.31813 6.57801 8*0 5.73514 3*0 5.40787 5.4246 5.37608 5.34607 5.32315 0 5.23166 6.06823
  5.16122 7*0 4.69805 4.70108 13*0 4.62823 4.61324 5.48855 4.61239 5.76098 7.46594 7.45852 10.2739 10.2317 10.2142 8.01783 5.95988
  10.1383 8.47132 9.50414 8.57006 8.74779 7.42657 8.80897 7.8773 7.52966 6.75697 6.67485 7.25695 7.10814 7.15941 7.05153 6.94603
  6.85236 6.74249 6.5354 6.39814 6.28717 6.52691 6.32272 6.66585 6.53503 6.41066 0 5.24484 12*0 4.96437 2*0 6.64296 6.61023 6.44896
  5.88575 5.62552 5.78095 5.62499 5.67631 5.40142 5.04362 5.14291 5.54123 5.60078 5.61149 5.4292 5.29676 5.16899 5.13292 5.11217
  5.15648 5.22326 5.03748 5.18688 5.23465 5.61509 5.83854 5.97416 6.03928 6.45344 6.19225 5.71931 5.93864 5.31647 6.10573 6.92596
  6.58793 6.20067 6.11375 7.71503 8.00694 7.24723 8.51919 8.9964 9.90799 8.7149 9.97794 10.7752 10.8075 8.90808 11.2874 11.3411
  11.2924 12.3685 12.4924 12.5275 12.3568 12.5079 12.5532 11.2774 11.4788 11.6242 12.3493 12.4634 10.8471 120*0 8.13104 8.14596 2*0
  8.28721 8.30178 8.30577 8.31441 8.35218 8.38331 8.4705 8.61411 8.67373 8.78727 8.89892 9.03224 9.15567 9.22676 9.45045 9.77942 0
  10.1638 10*0 10.1638 8.39588 8.38588 8.38199 0 2*10.1638 8*0 5.46141 5.44951 0 5.38371 0 5.30934 5.28969 0 7.60052 5.11824 5.08204
  7*0 4.59048 4.33828 4.35043 10*0 4.48962 5.73307 4.53038 4.54235 5.93343 5.65327 6.44607 7.40014 10.2417 10.2182 9.03376 9.04354
  7.3922 7.44534 7.83065 9.99274 9.94193 8.34354 8.29195 8.00679 8.04158 7.67855 7.26997 6.70029 7.15655 7.37422 7.16978 7.08836
  6.97715 6.89986 6.8448 6.74107 6.53251 6.3685 6.2932 6.37239 6.63259 6.69016 6.49953 6.42269 18*0 6.60993 6.04255 5.57476 5.44943
  5.61442 5.57827 5.5375 5.06739 5.07097 5.11125 5.12496 5.24155 5.25339 5.30204 5.25159 5.17371 5.24346 5.11438 4.59284 4.77411
  4.60713 4.81748 4.98384 4.9376 5.93523 5.8657 6.15254 5.51477 5.09216 5.08966 4.98886 5.72134 5.99023 6.09585 7.20422 7.87061
  8.21304 9.29099 9.46821 8.87703 9.4443 9.51146 10.1365 9.58832 14*0 10.6141 11.1257 12.4344 11.4629 11.9772 11.9169 122*0 8.13783
  8.2226 8.27291 8.67016 8.92834 8.30993 8.34144 8.37864 8.44576 8.61666 8.68195 8.78082 8.89507 9.28596 9.33236 9.22796 10.1638
  10.1638 10.0489 2*0 9.32351 9.37656 9.41894 3*0 6.69339 6.67477 8.04831 8.63968 6*10.1638 5*0 5.65302 5.4713 5.45601 2*0 5.37648
  5.28785 5.24512 6.78205 7.56864 5*0 4.69334 3*0 4.38368 4.27297 4.2171 4.13756 9*0 4.30781 9.26041 8.85697 6.78263 7.38351 6.19998
  6.17247 9.28377 7.76076 10.1946 8.00151 7.30926 7.35955 7.30415 7.70067 8.89878 9.88199 8.27583 8.20763 8.09017 7.81715 7.8272
  7.02865 6.68907 6.92986 7.27168 7.262 7.08819 6.99534 7.08081 6.83881 6.79577 6.64012 6.52799 6.37098 6.37449 6.40411 6.36719
  6.59054 6.47853 6.0066 5.59151 16*0 6.70591 5.62723 5.10181 5.36706 5.58782 5.6442 5.53327 5.08921 5.0884 5.0877 4.83435 4.7124
  5.07755 5.35438 5.12625 5.04438 4.8065 4.98248 4.67232 4.59736 4.63181 4.78551 4.87398 4.96286 5.07294 4.93958 5.07623 5.17458
  5.47869 5.58505 6.50579 6.72808 7.696 7.76276 8.0148 8.23074 7.67248 147*0 7.94575 8.04907 8.08987 8.11768 8.14612 8.19899 9.20617
  8.91057 9.24918 9.1262 8.33387 8.37504 8.47342 8.63257 9.0006 9.21488 9.28413 9.26639 9.55372 10.0845 10.0339 10.0006 9.66092
  9.25789 9.2913 9.34435 0 10.09 10.1036 8.40629 8.7654 8.65146 8.38492 9.44832 7*10.1638 4*0 5.51331 2*0 5.41326 5.33459 6.20796
  7.268 6.75063 8.74446 9.94577 9.91655 0 4.79849 0 4.63874 4.60694 4.55655 4.49381 4.31432 4.20879 4.14569 4.07869 4*0 3.99405
  4.00055 4.02216 2*0 7.1844 5.31793 7.25348 7.29841 7.49444 6.10686 8.41916 7.32371 8.73718 7.3238 7.26402 7.34403 7.42956 7.56386
  7.20711 6.84081 6.00124 7.16793 8.17191 8.08558 7.80713 8.07123 7.68399 7.20236 6.64458 7.26913 7.32532 7.18603 7.00941 6.99061
  6.81991 6.78527 7.16056 6.94555 6.88052 6.61079 6.45302 6.39503 6.32564 6.50791 6.40514 6.03351 6.09448 17*0 5.11701 5.11911
  5.1168 5.50522 5.59306 5.10942 4.96717 4.93364 4.71035 4.80481 4.85892 4.91102 5.09192 4.96609 5.17938 5.02865 4.74729 4.72102
  4.71791 4.748 4.84892 4.81663 4.89202 4.99589 5.02943 5.11847 155*0 7.74143 7.77012 7.84458 7.92946 8.01974 8.07307 8.51886
  9.00544 9.16721 9.1951 9.09398 8.68106 8.3061 8.32925 8.3795 9.03647 9.12697 9.1625 9.21743 9.15837 9.53999 9.89431 9.93943
  9.76983 9.35219 9.2449 9.26368 9.29295 10.0606 10.0774 8.95519 6.66246 8.14304 7.49823 8.73433 7*10.1638 4*0 5.65407 5.44431 0
  5.35597 5.30793 6.83391 7.57882 7.52723 7.49033 9.90538 9.86502 6.5614 7.26767 4.71024 4.60193 4.55321 4.51193 4.42423 4.23891
  4.13502 4.06597 4.00603 3.97207 3.92641 3.87184 3.84963 3.91024 3.90701 3.90773 3*0 10.2928 10.2964 9.0561 7.14516 8.68715 7.613
  7.35822 7.17173 7.33003 7.32743 7.18485 7.52639 7.73602 8.76319 4.40138 5.78406 4.57317 6.19467 7.89392 7.9808 7.96986 7.64841
  7.53349 7.49435 7.42699 7.3063 7.20111 7.1174 6.91973 7.1228 6.87455 6.72919 6.64016 6.81773 6.95313 6.54883 6.44472 6.41189
  6.18016 6.21155 6.20671 5.99888 6.00876 14*0 5.21896 5.19031 5.16893 5.14949 5.14195 5.13738 5.13441 5.13238 5.08276 4.68866
  4.80461 4.80202 4.78109 4.96866 5.21616 5.20603 5.15364 5.18588 5.18706 4.77691 4.7877 4.77722 4.77814 4.85859 142*0 5.38027 2*0
  14*0 7.70612 7.72857 7.73961 7.76221 7.81029 7.884 7.9831 9.11013 9.13256 9.14738 9.01693 8.19151 8.25587 8.2977 8.30554 8.71456
  8.95061 9.0389 9.12941 9.16564 9.22298 9.39533 9.65249 9.66431 9.51953 9.34497 9.7031 9.91621 9.84058 10.0429 8.92836 6.64113
  6.62024 6.60693 6.60119 6.54987 8.9544 3*10.1638 10.1629 8.86552 4*0 5.62678 5.5169 5.36787 5.34197 6.23699 7.25372 8.34696
  7.49608 7.43807 7.39719 7.98149 7.3345 7.25762 6.36952 4.5726 4.50741 4.46225 4.38005 4.18283 4.0735 3.98741 3.92163 3.88622 0
  3.79017 3.7274 3.66887 3.63987 3.60236 3.55909 0 10.1417 10.172 10.1945 10.2103 8.08623 7.04341 9.43216 7.44612 7.31414 7.54808
  7.52415 7.36098 7.3972 8.10089 8.64496 6.1492 4.3553 9.47861 7.46427 7.56882 8.5692 8.2413 7.9455 7.69034 7.47398 7.41004 7.33683
  7.24322 7.15666 7.15448 7.30264 7.2331 7.15757 7.03965 6.75997 6.74714 6.79571 6.82089 6.52781 6.25835 6.246 6.11514 6.29965 2*0
  14*0 5.24468 5.22223 5.20726 5.18208 5.1695 5.16313 5.16055 5.32975 5.05987 5.02002 5.01485 4.98273 5.01332 5.23583 5.22812
  5.16524 5.18931 5.20495 5.20884 147*0 5.33728 0 5.33775 13*0 7.66892 7.68045 7.69264 7.71221 7.73171 7.74626 7.78523 7.85146
  8.89847 9.10373 9.12243 8.93915 10.2118 9.54819 8.91673 8.65326 8.85874 8.90895 9.19569 9.27186 9.34007 9.50189 9.54265 9.40874
  9.4133 9.53677 9.63354 9.53109 9.86168 9.92531 10.0054 8.33669 2*0 8.38129 8.10534 8.35036 8.54176 9.42435 10.1539 8.85828 8.55464
  7.85964 10.0827 10.0855 0 5.59118 5.53942 5.42754 5.29318 6.82513 7.56302 7.17327 7.1159 7.41088 7.01484 4.86576 7.27466 7.22789
  7.17151 5.55087 4.47231 4.42062 4.3547 4.11909 4.06167 3.97154 3.86357 3.82885 3.79342 3.61717 3.53424 3.45538 3.40812 3.38784
  3.3783 3.39491 5.56439 10.0792 10.0671 10.0943 8.80954 6.92263 6.97018 7.0044 6.67172 7.23836 7.04211 7.41687 7.1323 9.02664
  9.00094 8.98609 3*0 9.38189 8.48148 8.16635 8.06213 8.00341 7.90452 7.43443 7.32065 7.22512 7.32078 8.3299 8.12726 8.01474 7.58674
  7.31827 7.01942 7.10652 6.93968 7.03083 6.89416 6.58789 6.53383 6.4107 6.36338 17*0 5.25346 5.2494 5.2381 5.2202 5.21149 5.21915
  5.19708 5.39436 5.27938 5.197 5.15424 5.13978 5.30963 5.26755 149*0 5.31685 5.30243 5.30321 5.30584 5.31023 5.33046 9*0 5.45439
  5.45525 5.47527 0 7.64696 7.6485 7.66503 7.67976 7.34341 7.40526 7.23584 7.36178 8.25584 9.03903 9.11903 9.14765 9.15623 9.19765
  8.79001 8.78833 8.83544 9.00996 9.32963 9.3607 9.42959 9.46771 9.43851 9.43486 9.5095 9.64281 9.69296 9.52791 9.86268 9.8641
  9.94953 10.0652 10.1638 10.0683 6.54556 7.25937 7.72651 8.31572 8.27476 9.02119 7.51509 7.82325 6.11455 4*0 5.4622 5.30379 7.21832
  6.11817 6.04605 6.62981 4.96703 4.89656 4.8356 6.87798 7.18082 7.11449 7.05702 5.49191 4.38859 6.04543 6.81216 4.02214 0 3.80813
  3.76739 3.69461 3.42587 3.39292 3.32332 3.26613 3.23731 3.22987 3.71185 7.16579 6.53381 9.97978 10.0143 10.0141 6.8845 7.53315
  7.46204 6.83929 7.12453 8.70586 8.61056 8.3858 7.29867 4*0 7.62032 7.64169 8.42178 8.30516 8.09818 8.03523 7.98802 7.81242 7.6969
  8.0978 7.83967 8.38646 8.19409 8.00762 7.95335 7.91391 7.64075 7.37608 7.12474 7.01499 6.94192 6.80142 6.64357 6.48914 20*0
  5.2548 5.33781 5.35151 5.34144 5.28298 5.25359 5.60392 5.48711 154*0 5.26946 5.27236 5.27243 5.27284 5.27382 5.27564 8*0 5.38122
  5.39523 5*0 7.45896 8.15093 8.57973 8.78955 8.35955 8.47288 8.41306 8.99971 9.08779 9.12033 9.16893 9.19394 9.21863 8.86664 8.8141
  9.10769 9.3008 9.33379 9.36685 9.44231 9.43273 9.45036 9.51269 9.58726 9.83542 10.0854 9.85378 9.80542 9.8916 10.0388 10.101
  10.0962 8.06078 8.29674 7.66039 7.6118 7.56246 6.99313 6.13282 6.06404 2*0 8.4861 7.71348 6.5351 5.35091 5.17113 5.12658 5.07605
  5.00489 4.93371 7.30077 7.24757 7.20489 7.16536 7.09459 7.03168 6.94865 6.67405 6.62258 6.44936 5.11403 9.33705 5.08247 4.62702
  3.62957 3.4328 3.32469 3.25757 3.21529 3.19599 3.14586 0 9.59241 8.28736 8.82853 9.09132 9.9224 8.04004 7.90658 7.19381 6.93635
  6.7812 8.14008 8.72803 8.51442 8.2643 3*0 8.06493 7.92466 7.66089 7.20042 7.91445 8.09567 8.08169 8.02267 7.93989 7.82367 7.59964
  8.04738 8.32549 8.19617 8.03623 7.91735 7.90181 7.80343 7.54712 7.1949 6.98939 6.95966 0 6.73805 23*0 5.25837 156*0 5.26704
  5.25636 5.24575 5.24646 5.24179 5.26312 5.26313 5.26371 5.26451 9*0 5.34 5.35941 5.36949 0 5.4527 0 8.64865 6.32641 6.31713
  8.67881 9.26902 8.68338 9.0038 8.98393 9.0098 9.06144 9.0908 9.13509 9.17659 9.20379 9.02275 8.92226 9.26679 9.28562 9.3045
  9.33936 9.37636 9.44388 9.43745 9.46498 9.44017 10.1638 10.0317 9.85071 9.8483 9.95676 10.0088 10.0272 10.0851 7.63507 7.11073
  6.30933 6.25481 6.18197 6.09295 6.02972 5.97742 7.9094 9.86977 9.00154 8.38078 6.83596 5.20684 5.08168 5.0497 4.98335 6.50582
  6.46329 6.42195 6.81864 7.1363 7.10566 7.03651 6.96175 6.881 6.83584 6.78146 5.99115 6.58568 5.05034 5.14001 3.64205 3.54854
  3.23318 3.18572 3.13898 3.09875 0 4.5723 4.0903 6.45843 7.06714 7.19656 7.61851 7.36882 8.44692 6.95105 6.52138 7.68003 7.59675
  7.66341 7.84143 9.10879 0 8.48519 8.25145 8.09871 8.03909 8.22186 8.61312 8.00288 9.10032 9.10539 8.96098 8.75305 7.99219 7.34912
  8.08923 8.32554 8.18667 8.01252 7.87931 4*0 7.1264 176*0 5.28695 5.28212 4*0 5.19065 5.17037 5.18669 5.17536 5.16849 5.15967
  5.15443 5.16397 5.17934 8*0 8.29484 7.6945 6.79693 5.31159 6.32171 5.93618 5.35723 8.56011 7.0096 7.01689 8.63832 9.20272 8.93168
  8.86064 8.88995 8.91406 8.94896 9.01631 9.04841 9.06624 9.09738 9.14368 9.1945 9.01246 9.03673 9.05192 9.27016 9.28815 9.3108
  9.43321 9.36444 9.39473 9.35839 9.21798 9.45014 9.69239 9.71221 9.9022 10.0038 9.92326 9.91435 8.73036 7.48432 6.24336 6.19847
  6.13085 6.04769 5.99034 5.93345 5.92774 9.79549 9.7989 9.77996 7.52257 5.2438 5.06922 5.00412 4.96875 4.89879 4.83064 5.73809
  7.14963 7.11463 7.08002 7.05245 6.98297 6.92294 6.84151 7.42384 5.84714 6.64159 5.19236 6.86699 9.24254 3.54026 9.22826 0 3.10327
  3.07147 3.05285 4.25303 4.16345 5.18272 5.28084 6.33339 6.48391 6.4231 6.49221 6.49668 6.71257 7.28496 7.085 6.60573 6.38833
  7.41459 7.92258 7.58448 7.6885 7.42586 8.09807 8.012 7.99182 7.88048 9.06276 9.07763 8.6165 9.03611 8.89995 6.81657 7.28524
  6.72599 8.28212 178*0 5.3989 5.37985 4*0 5.27302 4*0 5.16864 5.15397 5.13851 5.11705 5.09603 5.07795 5.06408 5.05522 5.0524
  5.05542 5.13685 6*0 6.74335 6.97747 5.87038 6.27749 6.78628 6.79381 7.71384 8.49695 9.06557 8.50244 8.46726 9.01468 8.77222
  8.91941 8.81124 8.69631 8.86923 8.92506 8.97412 9.01808 9.05392 9.07369 9.1116 9.17583 9.21049 9.13462 8.72459 9.06008 9.19394
  9.48804 9.64293 9.32591 9.35722 9.43595 9.44725 9.8225 9.96912 9.86361 9.8914 10.0004 9.77947 8.99949 7.63805 8.0454 7.74687
  6.83722 5.99652 5.94543 5.88869 5.85166 0 9.74663 9.72996 7.81675 7.45552 6.64831 4.96663 4.93744 4.88776 4.82107 4.7536 6.65216
  7.09338 7.06024 7.02608 6.9845 6.91789 7.69626 6.32631 6.38151 6.68324 9.29199 6.44563 5.68141 9.21689 9.1881 9.18381 9.17726
  3.0592 3.0138 2.99257 4.34399 5.30082 6.08373 6.29244 7.07638 7.59853 7.28277 6.44815 7.15721 7.18 6.50094 6.71046 6.34761 6.56638
  7.22123 7.26476 7.84432 8.52897 2*0 6.27714 6.38728 6.5413 6.61363 7.82113 7.99809 8.92554 6.33445 6.26788 6.05347 4.66986 101*0
  77*0 5.41988 5.38298 5.34601 5.3276 5.30215 5.27925 5.27123 5.26893 3*0 5.16716 5.10244 5.06707 5.04812 5.04079 5.03491 5.02899
  5.02533 5.02231 5.02043 5.01978 5.01366 5.02859 5.04021 5.04122 6.1099 8.23642 7.44512 6.90378 6.8369 5.20967 6.45085 7.6752
  8.10193 8.79409 8.67471 8.86627 7.90887 8.48674 9.56784 8.92568 8.56282 8.1492 8.91954 8.9492 8.02737 8.67235 8.97714 9.02421
  9.03798 9.08571 9.14432 9.19388 8.66736 8.69455 9.01442 9.24579 9.57336 9.57359 9.45611 9.36312 9.49853 9.77257 9.83725 9.74641
  9.74987 9.82291 9.8029 9.83324 8.5686 7.98553 7.32693 7.27132 5.93978 5.89573 5.84348 5.80619 5.77547 9.66632 9.67606 8.78555
  7.74813 7.38341 6.85751 6.48282 0 4.82679 4.75904 4.69993 6.26588 7.03743 6.94809 6.90877 6.92107 6.8616 6.78932 7.51746 8.07681
  9.28504 9.26132 6.8503 7.9523 7.30935 9.1298 9.36504 9.12024 7.17518 5.01393 5.11695 6.84361 6.69288 6.6162 6.77644 7.50169
  6.53004 6.54774 6.73929 6.82268 6.41441 6.2719 6.66521 6.25179 7.61703 7.31941 6.59618 6.31783 6.29787 6.26963 6.24808 6.30255
  6.65499 6.51842 7.36778 8.2547 8.92947 8.78967 6.55366 5.74094 4.81803 4.7281 179*0 5.35395 5.3288 5.29782 5.28448 5.26917 4*0
  5.05817 5.05438 5.03832 5.02769 5.01942 5.0136 5.00801 4.9926 4.96404 4.94339 4.93053 4.92533 4.9278 5.0076 6.64512 5.01727
  7.59156 7.15284 6.84675 7.14636 7.41107 8.01692 8.44316 8.10597 8.41895 8.14286 8.79125 7.94909 8.16146 8.81279 8.51749 7.82629
  7.84337 8.05619 8.09462 8.30075 8.1454 8.19204 8.93476 8.99938 9.00672 9.00634 9.07376 9.15415 8.62257 8.83351 9.15802 9.51368
  9.49467 9.65555 9.65783 9.50788 9.67986 9.69335 9.68726 9.6687 9.75263 9.8806 9.85788 9.83526 9.8125 8.2648 5.93285 0 5.8319
  5.79593 5.75983 5.73506 8.32388 7.21758 7.77042 8.15581 9.57911 9.56137 9.54433 9.51157 9.52988 4.7684 4.70758 6.24546 7.01776
  6.97524 6.85265 6.84995 6.85822 6.80535 6.73618 7.62163 8.22614 3.80033 9.19453 9.26666 9.14352 0 9.67885 8.98912 8.75642 7.69416
  5.12408 6.58212 6.93631 6.90005 6.9586 6.74539 5.54625 8.40417 5.65597 6.22049 6.56574 6.5723 6.98457 7.18162 7.39547 7.46727
  6.87731 6.53778 6.12558 6.27794 6.13363 5.94552 6.28785 6.63704 7.47185 8.94073 8.92544 8.81164 6.47585 4.55891 4.96826 4.81329 0
  174*0 5.49451 2*0 5.37996 0 5.32108 5.30314 5.28323 7*0 5.02427 5.01284 4.99107 4.93647 4.87941 4.82495 4.77997 4.74645 4.72813
  4.72105 4.71801 4.71152 4.81764 4.90892 6.04722 7.13933 7.12632 7.11838 7.17962 7.61209 8.5127 8.58934 7.85146 8.73505 8.75696
  7.96844 7.94049 8.13711 8.10438 7.81316 7.78244 7.80847 8.10952 7.89202 7.93037 7.95369 7.99929 8.41299 8.42354 8.96264 8.22022
  8.72605 8.79263 8.51722 8.89611 9.30847 9.51057 9.57757 9.58005 9.58008 9.58609 9.64531 9.60827 9.61546 9.75956 8.54421 8.16126
  8.49807 8.9921 7.53962 5.85521 5.84624 0 5.73681 5.71494 6.4594 5.58868 7.47135 7.4326 8.1125 9.53019 9.51537 9.49827 7.9073
  9.4708 6.62698 7.06523 7.02686 6.9871 6.95755 6.84908 6.73934 6.85704 7.15784 8.73285 7.74412 7.32856 9.17507 6.64942 6.77956
  7.75682 3.41185 9.15264 8.68444 8.47995 8.325 7.83981 7.67571 6.62795 6.90472 7.04164 7.44298 6.98139 6.88709 7.79759 6.5996
  6.18438 6.28952 6.59038 7.21272 7.52367 7.10314 6.5146 6.54283 6.57367 6.58715 6.01243 5.3546 5.72112 6.28108 6.39297 7.11538
  7.89895 7.21949 6.65665 5.14249 5.05478 4.99271 6.77007 167*0 9.12138 8.88417 8.73459 0 8.33463 0 5.74461 5.63284 5.45678 5.43762
  5.39603 5.36266 5.33416 5.30367 5.2707 5.26951 4*0 5.0317 5.02692 5.01295 4.97836 4.8864 4.78752 4.72886 4.70844 4.6836 4.64107
  4.62063 4.6056 4.59587 4.59134 4.59197 4.64964 4.71101 5.88744 7.03985 7.03382 7.27978 7.04897 7.28973 7.48847 6.85533 6.99775
  8.22837 8.12785 8.38409 8.41253 8.43179 7.88124 7.54248 7.65655 7.77933 7.80826 8.00698 8.06777 8.29957 8.81565 8.59539 8.61237
  8.129 8.1422 8.88044 8.38291 8.40631 8.83229 9.45335 9.50879 9.50215 9.50562 9.50799 9.50913 9.51671 9.52553 9.57137 9.06275
  7.82922 8.08985 7.78567 7.76168 7.73704 6.7447 0 5.66954 5.66993 7.28725 7.5409 6.79949 7.68497 9.48033 9.47578 9.46673 9.45376
  7.4582 7.07353 7.05544 7.0388 6.99944 6.96272 6.92679 6.89904 6.75114 6.68113 6.69137 8.23113 6.64778 6.27334 4.30341 7.12063
  6.72724 5.86053 5.265 7.04224 7.94694 8.2226 8.09658 7.971 7.25919 7.18595 6.9768 7.13006 7.90704 7.67106 7.56087 7.43832 7.08732
  6.35194 6.15886 6.33058 6.97687 7.46778 6.30175 5.77169 5.49222 6.49776 5.86944 6.56208 6.34753 5.68174 5.47251 5.6288 6.83445
  6.77939 6.9487 7.48187 6.3681 5.6704 4.31813 6.78326 6.75043 165*0 9.25636 9.2374 9.1974 8.13131 8.73086 8.55661 8.38179 3*0
  5.44547 5.40895 5.35431 5.33796 5.31258 5.27937 5.26919 5.25405 5.17191 2*0 5.0305 5.00994 4.97946 4.86592 4.77552 4.71443 4.67119
  4.63333 4.58534 0 4.57837 4.57414 4.57034 4.56841 4.56693 4.5671 4.58397 6.4323 7.01732 7.4658 7.08604 7.24077 6.73456 6.73329
  7.19374 7.12458 7.339 7.80467 7.62833 7.46711 8.3734 7.77509 7.33423 7.63707 7.88082 7.732 8.11753 8.62523 8.67112 8.7416 8.76334
  8.77301 8.81398 8.66585 8.14172 8.18846 8.46926 9.04999 9.71196 9.46304 9.44495 9.43434 9.43188 9.43637 9.43746 9.44 9.44758
  9.36142 9.46208 9.71324 9.69065 7.70758 8.21549 7.94374 8.81892 7.60479 5.62581 7.01004 7.29025 7.40795 8.39199 8.81252 9.39905
  9.39607 9.39552 8.50509 7.06377 7.01996 7.00148 6.97775 6.93771 6.90156 6.86994 6.81108 7.85754 6.68656 6.63391 6.48756 5.50146
  6.37938 4.9038 7.00811 7.25578 6.08546 5.64248 5.36398 6.2662 8.37677 6.83772 6.55804 6.79563 7.31407 7.2035 7.48092 7.1782
  6.84843 6.76192 6.61037 6.44017 6.17255 6.14908 6.69337 7.4299 6.25119 5.71283 5.22669 5.06304 5.3658 5.50108 5.5619 5.73456
  5.71621 5.74617 6.20521 6.45085 6.28981 6.14551 5.84229 5.39065 5.46191 5.53645 6.77343 6.74451 6.72345 0 4.5973 162*0 9.26001
  8.71697 8.68017 7.90733 7.52277 7.80225 8.38536 0 5.48761 5.45434 5.42806 5.37282 5.33645 5.32252 5.28569 5.2703 5.25945 5.19204
  5.14718 5.04437 5.02808 2*0 4.76574 4.70404 4.67486 4.62522 4.59182 4.57284 4.5551 4.53234 0 4.51047 4.49783 4.48946 4.48526
  5.96882 6.44882 7.02547 6.99598 6.40965 6.60738 6.66955 6.65902 6.87892 7.23266 7.18445 7.82507 7.33529 7.16943 7.17273 7.5387
  7.20612 7.56652 7.87288 8.27029 8.38072 8.39154 8.24476 8.25799 8.05711 8.11859 7.94972 7.3998 7.41485 7.95268 8.53128 8.70742
  9.22636 9.42259 9.40474 9.38599 9.37096 9.36304 9.36539 9.36859 9.36877 9.37952 9.08397 9.67248 9.63038 9.50086 8.8955 7.62842
  9.57654 5.59199 5.58245 6.06142 6.25851 7.74903 9.31934 9.32186 9.32161 9.32074 8.30895 7.71621 7.49905 7.22497 6.93366 6.91755
  6.89704 6.88006 6.81852 6.76772 7.47407 7.53528 5.12328 5.95513 6.94444 5.9429 9.07948 8.26744 6.49012 5.5379 5.67926 4.15203
  5.72745 6.58556 7.05425 6.48369 6.86753 7.18358 7.45867 8.0673 7.46871 6.7352 6.10933 6.99819 6.17657 5.56774 6.13197 6.16874
  7.46494 7.32075 6.08365 5.77921 5.62434 5.21018 5.32912 5.42003 5.47036 5.59049 5.68181 5.75006 5.85909 6.06773 5.71422 5.34189
  5.35397 5.37292 5.43703 6.26082 6.77664 5.52421 5.46964 5.402 4.65066 161*0 6.69613 6.64499 7.44887 9.23422 8.19455 7.91863
  6.16793 2*0 5.47962 5.44983 5.39791 5.34607 5.32049 5.28742 5.27295 5.26526 5.20929 5.15509 5.07263 5.0279 5.00729 4.89098 4.73559
  4.69834 4.64034 4.59341 4.57583 4.54563 4.5126 4.47699 4.38445 0 4.30886 4.31193 4.23583 4.22087 6.40476 6.67098 6.37622 6.97343
  6.62652 6.66998 6.65482 7.77796 7.80488 7.38325 7.30823 7.79659 7.15532 7.08505 7.23606 7.36465 7.47853 8.21097 7.68926 7.68269
  7.6947 7.68204 7.31001 7.11029 7.19521 7.26602 7.31888 7.34964 7.325 7.3489 8.66945 8.67177 8.84253 8.97767 8.8404 8.95638 9.24721
  9.30176 9.29738 9.30151 9.24607 8.91593 8.95287 9.35349 9.45155 9.56466 9.56982 3*0 5.48099 8.33002 6.84648 7.59022 7.9033 9.26058
  8.48601 8.2567 8.07482 8.05863 8.46399 8.65868 8.77134 7.16753 6.81386 6.75634 6.71489 6.6871 6.64765 6.58705 7.35672 6.44756
  6.63518 6.66936 9.05573 5.69601 5.98495 5.49734 4.83591 5.61558 5.99201 7.04312 7.70614 8.41899 7.54514 7.0556 7.60195 8.17228
  7.92391 6.59382 6.26776 5.75435 6.12344 6.23893 6.33938 7.007 7.97463 7.87048 6.65701 6.38756 5.70553 5.96249 6.53028 5.93103
  5.43422 5.55863 5.61822 5.63592 5.65393 5.97354 5.72495 5.46408 5.57131 6.34304 6.8264 6.01787 5.88103 5.8574 5.71057 6.19433 2*0
  160*0 6.69233 6.63896 6.59864 9.23403 7.31502 6.23257 2*0 5.62202 5.46129 5.42972 5.37075 5.33399 5.29529 5.27417 5.26794 5.23315
  5.16333 5.08263 5.03003 5.00825 4.88084 4.75662 4.68258 4.61668 4.57975 4.56265 4.52803 4.46188 4.36207 4.26634 4.17087 4.1337
  5.77102 5.76917 4.92526 6.33246 6.59604 6.86672 6.65812 6.90529 6.24039 6.82821 7.49846 7.53247 7.38828 7.01644 7.43998 7.24445
  6.85763 7.24449 7.45772 7.74062 8.30767 7.27488 7.37223 7.62747 7.39072 7.01753 6.99261 6.99183 7.02721 7.12145 7.19681 7.25066
  7.25652 7.89209 8.58045 8.59931 8.64529 8.6556 8.76362 9.20501 9.06801 9.24535 9.23639 9.23621 9.23935 9.33884 9.41886 9.3938
  9.42046 9.39555 9.10745 8.18258 3*0 5.2195 5.51683 6.65842 8.07243 8.22244 8.0487 8.03124 8.01513 8.00305 8.15326 8.35917 8.27483
  8.11273 6.75029 6.70251 6.66238 6.63393 6.59497 7.24643 7.06693 6.79187 5.94665 0 9.00894 6.61686 5.56111 4.98188 5.93462 5.91636
  7.64276 7.01131 7.11097 6.88944 7.0004 7.44166 7.64411 7.69747 7.43488 6.67168 5.76537 5.41215 6.30866 6.9092 6.72556 7.38124
  7.17853 5.9267 5.69282 5.45761 5.27065 6.24865 7.42163 6.50604 6.02812 5.62055 5.56149 6.22639 6.69565 6.97729 5.99919 5.73779
  6.43326 6.66255 6.32593 5.98083 6.24241 5.93819 6.75977 159*0 7.04763 6.98416 3*0 6.60585 7.25028 7.31606 6.32204 6.22928 0
  5.68066 5.55692 5.45239 5.40451 5.34716 5.318 5.27871 5.26903 5.25741 5.17947 5.11261 5.043 5.01248 4.9021 4.75626 4.67547 4.60493
  4.57542 4.54571 4.4797 4.33086 4.20617 4.14235 4.09823 4.90963 6.09198 6.08261 5.55727 6.42168 6.77343 6.21899 6.17855 6.88161
  6.62303 6.44593 7.65497 8.07318 7.0726 7.13067 7.16586 7.15 7.01478 7.06262 7.61834 8.0556 8.04016 7.84155 7.17975 7.39241 7.93951
  7.36671 6.96404 6.9393 6.91884 6.90323 6.98026 7.05872 7.13833 7.18678 8.33171 8.49583 8.52625 8.5627 8.58866 8.70564 8.71118
  8.85475 9.19546 9.18188 9.17369 9.25837 9.4329 9.37089 9.25983 9.09604 8.9576 8.21624 8.07121 2*0 5.13437 5.70818 6.98255 7.97882
  8.00611 8.00233 7.98792 7.97077 7.95779 7.94704 7.93481 7.90775 7.91301 7.19382 6.69592 6.65089 7.07611 6.77183 7.04457 7.12217
  6.74644 6.36578 6.53111 7.9498 6.50843 5.82963 4.66568 4.57286 6.36613 7.05962 6.39368 6.57606 6.66387 6.75205 7.19002 7.54102
  7.81891 7.95229 7.3742 6.81922 6.36743 6.18747 7.25695 7.57402 6.67669 6.93603 7.34054 7.91351 5.14276 4.96442 4.99065 6.93094
  7.22581 6.48491 5.38354 5.85189 5.86973 6.70683 7.26967 7.64693 7.63572 6.86014 6.54089 7.01193 7.00354 6.03279 161*0 7.34582
  7.07107 6.9737 6.85086 0 6.70406 7.36314 7.10997 6.45951 6.32022 9.04165 8.72489 7.10061 6.05552 6.39486 5.9478 5.3356 5.29624
  5.27125 5.26529 5.21446 5.14694 5.05649 5.02344 4.97144 4.7712 4.67894 4.6022 4.57192 4.51662 4.45676 4.24824 4.14833 4.08943
  5.60407 5.76019 7.10298 7.1504 6.47417 6.6814 6.86072 7.4119 7.63824 8.02141 7.59161 7.19257 7.33088 7.50159 7.45322 7.34294
  7.29104 7.29584 7.24276 7.33578 8.08335 7.91772 8.03034 7.7821 7.32557 6.76704 8.04118 7.49296 7.49146 7.41165 7.53063 6.40828
  7.63103 7.06565 6.48017 6.6479 7.63128 8.4106 8.41118 8.43832 8.48003 8.51205 8.53149 8.6493 8.96083 9.14989 9.12983 9.24773
  9.36433 9.34464 9.05786 9.06307 8.3617 7.85967 7.88292 5.12157 5.1093 5.09039 5.66524 6.43796 7.87814 7.91122 7.94136 7.94758
  8.33047 7.92241 7.54415 7.89362 7.88017 7.379 7.86153 6.68063 6.6465 6.81531 6.56145 6.88352 6.69293 6.85967 6.52769 6.91308
  7.66974 6.9229 6.86862 6.13958 4.66748 4.91114 5.88152 5.36762 4.45222 6.5205 7.3118 6.98112 7.02722 7.13866 7.23013 7.41428
  6.9033 6.57384 7.82909 7.61055 7.876 8.18982 8.06101 8.30344 9.48076 8.15903 6.16771 5.68635 6.21082 7.41369 6.09502 6.32719
  6.49324 6.03803 7.02443 7.56583 7.89456 7.63629 6.7846 6.70345 6.60305 7.01353 166*0 6.78681 6.72518 8.2506 8.818 9.37959 0
  9.23289 8.09202 8.7612 7.10572 6.18826 5.42285 5.35954 5.32345 5.28071 5.26733 5.24516 5.17467 5.09481 5.03868 4.99976 4.81962
  4.69213 4.6088 4.57199 4.51202 4.37723 4.20423 4.11545 4.05643 4.91175 5.76467 6.2501 8.68791 8.01878 7.38748 7.42786 7.82491
  8.41303 8.17583 7.47015 7.38486 6.85876 7.2735 7.25215 7.48758 7.1047 7.46892 7.09422 7.76803 7.75461 7.77472 7.6281 7.632 7.65596
  7.46275 6.8995 7.46678 7.86955 7.40422 7.64021 8.10097 7.41764 6.92448 6.40791 6.65275 7.04021 7.83167 8.20675 8.34375 8.36094
  8.39738 8.69676 9.12355 9.12736 9.11685 9.10036 9.20735 9.28598 9.30877 9.19814 9.27842 9.19383 8.71522 0 5.05458 5.81248 5.04755
  5.62365 5.01141 7.13502 7.62691 8.49864 8.99875 9.05139 8.58562 7.88357 7.22626 6.76314 6.7359 6.6927 6.44504 5.83221 5.39761
  6.33501 7.01151 6.84275 7.24954 7.23796 6.84764 7.21852 7.77168 7.44516 6.06453 6.04843 4.83785 6.18697 5.82608 6.10646 6.41662
  7.28252 7.46004 7.39103 7.20508 7.81085 8.01189 7.56163 7.18375 8.00784 8.48233 7.44042 8.789 8.29729 8.29278 9.42867 8.78972
  7.52571 7.17358 7.27519 7.453 7.41821 6.38947 6.86577 7.22072 7.69025 8.01552 7.9385 7.56821 8.01776 6.63808 6.44808 166*0
  7.03391 6.99837 6.89171 6.73173 9.12449 9.61013 9.4236 9.29433 8.48836 6.6785 5.76912 5.58386 5.45302 5.40327 5.34246 5.30757
  5.27266 5.25822 5.18334 5.1409 5.05777 5.01288 4.89926 4.71553 4.62524 4.57584 4.51671 4.38906 4.18779 4.09581 4.04794 4.04719
  5.07499 5.32444 7.4346 7.67129 7.47343 7.75173 7.67511 8.6596 8.13091 7.30317 7.11225 7.0855 7.01885 7.12642 7.51321 8.0571 7.9164
  7.71365 7.21778 7.75443 7.93425 7.91451 7.76891 7.59801 7.61519 7.50294 7.12079 7.16784 6.96687 6.24765 6.97322 7.3261 7.35629
  7.12124 6.71674 7.31974 7.37459 6.90544 7.62631 8.17347 8.44152 8.95189 8.9937 9.05552 9.07959 9.13336 9.4584 9.44538 9.43021
  9.25577 9.21783 9.15729 9.13874 8.52277 7.45231 6.61447 6.61627 6.24612 4.97497 4.96329 2*0 8.85701 7.995 8.55354 7.86118 7.49039
  7.27797 7.32979 6.71473 6.66683 6.62267 6.05792 5.36807 6.53523 7.1056 7.17456 7.42648 7.50043 6.94742 7.18932 7.86412 8.18957
  6.61461 6.27564 6.02122 4.76399 8.1363 7.85162 7.7414 7.87626 7.4051 7.73862 7.41162 7.89712 7.4592 7.5237 8.19392 8.39683 7.88852
  8.18737 8.26524 8.25181 8.24801 8.24127 8.2341 7.24022 7.33076 7.4676 7.03326 7.07772 7.61379 8.2633 8.19772 8.01035 7.65326
  7.72234 7.0661 168*0 7.26437 7.0658 6.96781 7.65193 8.06473 8.46981 9.05843 9.49852 9.32754 7.95175 6.62895 5.73444 5.54887
  5.44814 5.3823 5.3393 5.28455 5.26923 5.22611 5.14663 5.09612 5.87208 4.9825 4.76523 4.6565 4.57736 4.53429 4.40045 4.22958
  4.11147 4.04777 4.04718 6.47094 6.90019 7.30449 7.48661 7.39719 7.61008 7.62354 7.57901 7.46259 6.80341 6.9329 7.10707 7.56017
  7.62717 8.28624 8.39021 7.74017 7.72478 7.69468 7.66195 7.59204 7.57087 7.2145 7.39446 7.54393 7.14605 6.39888 6.82456 7.29271
  6.51806 6.19766 7.13103 7.44693 8.17188 7.37008 7.42859 7.46232 7.05943 7.49852 7.69947 8.29862 8.20826 8.65449 8.90195 9.01336
  9.3244 9.48836 9.55308 9.53392 9.24607 9.2083 9.1797 8.67875 8.61753 8.69302 7.76874 7.59124 7.08122 5.69408 6.189 4.91212 8.76752
  8.77335 8.38645 7.84258 7.05663 6.78755 6.75558 7.55368 7.75116 7.31272 7.27131 7.48744 7.52992 7.52744 7.48975 7.25273 7.44984
  7.75242 7.23218 6.78897 7.95105 8.00242 7.43669 6.70772 6.62559 6.83877 6.84486 8.31972 8.52983 8.32817 8.07878 8.57528 8.2451
  8.14276 7.78955 7.30752 7.40939 7.37097 7.77676 7.91167 8.12334 8.20006 8.21857 8.09668 8.08737 7.95249 7.02496 7.49323 6.87053
  7.52015 7.67543 7.30095 7.84174 7.21178 6.8969 9.11969 166*0 10.8687 3*0 7.30412 8.47156 8.64992 10.2643 10.0877 9.83531 9.72074
  9.5847 8.37524 7.7511 8.15535 5.6982 5.49923 5.43504 5.36748 5.32496 5.27986 5.26563 5.70422 5.97155 6.34754 6.11779 4.84348
  4.69406 4.60127 4.56078 4.45985 4.27373 4.1218 4.04783 4.04703 4.04318 6.4789 7.50829 8.41484 8.01377 7.1923 7.81385 7.71707
  7.58684 6.9622 6.42746 7.15591 7.45309 8.34295 8.75765 8.09885 7.76699 7.50657 7.49063 7.19149 7.30086 7.24214 6.69198 6.66295
  7.50416 7.48925 6.87983 5.98607 6.48364 6.6668 6.69161 6.6906 7.3516 8.09336 8.15942 7.91952 7.39566 7.26146 7.52709 7.81361
  8.20225 8.81456 8.80185 8.82328 9.50835 9.54635 9.40525 9.53718 9.34692 9.16273 9.15082 9.12291 8.60093 8.81112 8.1877 7.69357
  7.70985 7.53251 7.03228 7.13134 7.41747 0 9.33805 8.75211 8.75062 7.36444 6.77294 7.04254 7.7169 7.86873 8.02909 7.74547 8.48625
  7.5118 7.38898 7.46355 7.55373 7.80531 7.61471 6.94145 6.94795 6.75329 9.23528 7.62743 7.64869 7.77461 6.75103 8.17623 8.98127
  8.74539 8.5917 8.84014 9.55849 8.40299 8.09028 7.61388 7.92102 7.59361 7.18532 7.53352 8.02855 7.97768 8.06869 8.18744 7.87434
  7.77528 7.77065 7.74075 7.6482 7.65183 7.57767 7.65924 6.69017 6.7372 6.74322 166*0 10.9999 10.9755 10.932 4*0 8.45592 10.4193
  10.336 10.3189 10.1795 9.9865 9.76635 9.01309 9.45691 9.31223 0 5.67914 6.58258 5.42382 5.35521 5.314 5.27168 6.44126 6.67444
  6.57319 6.34346 4.99001 4.76432 4.64451 4.57619 4.52664 4.35312 4.14025 4.05638 4.04708 4.92341 5.16219 6.8157 8.58836 7.99143
  7.27909 7.11282 7.69141 6.89642 6.61987 6.47093 6.60438 7.22804 7.0764 7.58149 8.71955 6.86665 7.46592 6.88547 6.85451 6.80954
  6.75933 7.02404 7.1198 7.30137 7.2799 6.49346 6.16001 5.94145 6.54519 6.61416 6.96442 7.1229 8.03625 8.294 7.42384 7.26676 7.59475
  7.83196 7.92407 8.18645 8.48419 8.75635 8.88249 9.26804 9.48577 9.40389 9.04798 8.92625 8.92227 9.12838 9.06352 9.03025 8.94166
  8.95238 7.67474 7.41817 7.41029 8.1364 8.67201 8.83676 9.45617 9.62117 8.94522 8.71111 8.70999 6.9344 7.01136 7.63856 7.66914
  7.70586 7.70996 8.01099 8.37061 8.44015 7.90352 7.63937 8.5529 7.97546 8.00688 7.73687 8.27709 7.53807 8.07258 8.21304 7.90394
  6.83242 7.70382 8.34793 7.8644 8.28719 8.32939 8.83654 8.78241 8.21653 8.2344 8.1411 8.04701 8.21845 8.14445 8.16409 8.13511
  7.99713 7.73784 7.74801 7.74917 7.74227 7.73457 7.69689 7.62248 7.65658 7.88172 7.128 6.52776 168*0 11.0197 10.994 3*0 10.8376 2*0
  10.5042 10.3593 10.3338 10.272 10.0826 9.81863 9.70591 9.56396 0 5.86848 5.666 6.13799 5.4142 5.34369 5.29636 5.26968 5.92143
  6.67241 6.57037 5.01612 5.00089 4.69864 4.59996 4.57048 4.47115 4.18981 4.07165 4.94619 4.043 5.17051 6.63357 7.77199 6.93457
  6.68123 7.15187 6.59062 6.69879 6.37899 6.67618 7.10352 7.05507 7.44993 7.19468 7.07508 7.05006 7.46805 7.06493 6.8429 6.81137
  6.76572 6.70192 6.37819 6.37602 6.29692 6.11115 5.92876 5.90921 6.14976 6.59098 6.57465 7.44822 8.26685 8.11312 7.77824 7.71619
  7.08741 7.53358 8.35945 8.72339 8.80856 9.13527 8.87409 9.52686 9.48811 9.45508 8.873 8.83207 8.87636 8.8963 8.88225 8.94237
  8.94312 8.96683 9.01834 7.8485 7.26536 7.30071 7.36615 8.30086 8.17933 8.76638 7.35489 8.99888 7.81066 7.07554 7.20702 7.59555
  7.60348 7.62215 7.67868 7.68005 7.40381 7.74017 7.65182 7.80966 8.12649 8.36037 8.32151 8.02923 8.32971 9.13108 8.31711 7.73469
  8.1289 9.16332 8.2991 8.1211 8.20954 6.83696 8.87939 8.80083 8.7756 8.51431 8.39842 8.16639 8.15784 8.08061 8.04744 8.14616
  8.02634 7.8434 7.71743 7.80995 7.83576 7.75429 7.69192 8.29737 8.05067 8.02875 8.01825 7.6378 168*0 12.4453 11.1294 11.0846
  11.0375 10.9956 10.984 10.9098 10.8834 10.8334 9.99266 8.8254 9.28772 9.64776 10.3234 10.1818 9.91737 9.72309 8.49518 6.1833
  6.52759 7.43735 7.58398 5.4 5.33808 5.28902 5.26946 5.19023 6.6747 6.82897 7.66166 7.56214 6.56411 6.09868 5.55653 4.28762 4.10742
  5.43118 5.8371 5.80798 7.38927 7.51799 7.14589 8.17057 8.15836 7.42995 7.83499 6.30763 6.24252 6.86506 7.43891 7.50944 7.17458
  6.81247 6.75206 6.75417 6.81278 6.80907 6.77499 6.75962 6.7219 6.54753 5.95836 5.89606 6.0457 6.37201 5.87725 5.84901 6.38588
  7.31611 7.00101 8.30895 8.76745 7.09685 7.0478 7.33374 7.31683 7.50954 9.06447 8.8379 9.6245 9.57368 9.52963 9.50356 9.47363
  8.00967 8.71623 8.57631 8.8326 8.8687 8.79508 8.92168 9.03814 8.71616 7.26643 7.05777 7.55004 7.65486 7.89215 8.34537 8.7406
  8.44203 7.64096 8.17115 7.81226 7.6422 7.1822 7.56906 7.57745 7.60491 7.64507 7.65442 7.65585 7.58519 7.63753 7.64604 7.97662
  8.01089 8.04738 7.94771 8.01732 8.67143 7.87773 7.74112 8.07324 8.90135 8.52513 8.15409 8.17888 8.19594 8.44273 8.75239 8.70048
  8.49095 7.85614 8.02434 8.01163 8.11648 8.02022 7.88115 7.69963 8.16001 8.17332 7.79539 7.77128 7.74431 7.969 8.3648 8.27825
  7.68366 169*0 12.3959 0 11.1345 11.1299 11.1022 11.0114 10.9946 10.97 10.9131 10.8709 10.1128 9.44236 10.5138 10.3536 10.335
  10.281 8.31038 6.42554 6.27807 7.85049 7.55655 7.4281 7.30797 6.55186 5.33441 5.29144 5.26518 5.91395 6.20705 6.57392 6.70061
  7.56906 6.55326 5.90341 5.31582 4.19591 5.49854 5.42999 5.38413 5.36619 5.34161 5.87827 6.8971 6.75945 6.60165 6.49853 7.81104
  7.83435 8.17005 8.04616 7.73078 8.47755 7.20702 6.76778 6.6952 6.69461 6.74437 6.72581 6.67873 6.66526 6.65416 5.98786 5.90014
  6.22321 6.5797 5.96842 5.48326 5.95996 7.76391 7.9032 7.49904 7.77588 8.02681 7.60262 7.34976 7.39612 7.52799 8.39058 7.84776
  9.66746 9.60877 9.5565 9.5067 9.46151 2*0 8.46301 8.7298 8.73684 8.67834 8.56567 8.83354 8.66515 6.72332 6.46423 7.02929 7.48791
  7.6288 7.64978 7.31527 8.09459 7.82463 7.82832 7.86887 7.79865 7.70729 7.69276 7.69332 7.76626 7.64619 7.61888 7.63703 7.43196
  7.81117 7.91182 7.87571 7.90236 7.84227 7.7991 7.88675 7.96907 7.97963 7.8883 7.76061 7.81528 8.19191 8.32168 8.05206 8.05124
  8.19619 8.65827 8.58549 8.36169 7.9674 7.88623 8.11152 7.98144 7.99321 7.93076 7.75508 7.76414 7.76946 7.75179 7.80049 7.82153
  7.76145 7.76479 8.14767 172*0 11.2912 11.202 11.1372 11.1301 11.1189 11.0308 10.9918 10.9699 10.8964 10.8436 10.6724 10.5396
  9.69398 8.52592 8.10711 8.37759 7.60656 8.0142 7.87407 7.33653 8.0339 7.95692 7.71398 6.43469 5.27917 7.54057 8.63188 7.37206
  6.37666 6.69157 6.12884 5.5718 5.05922 5.70317 5.564 5.69771 5.42276 6.51615 5.35819 6.37497 6.9802 7.62137 7.46464 7.62307
  7.97628 7.60023 6.9789 7.49146 7.75012 7.69494 7.35361 7.01417 6.70094 6.63759 6.9907 6.94127 6.67254 6.61568 6.19547 6.47586
  5.88877 5.7302 6.26076 6.30594 5.15729 7.71134 7.93256 8.17008 8.88411 8.25221 7.55335 7.59149 7.2243 7.16074 7.5083 7.68073
  8.36257 9.27341 9.64618 9.59539 9.53903 9.4867 9.45095 8.62818 8.48844 8.66141 8.30214 8.16677 8.97444 8.91806 8.6868 7.59304
  6.44302 6.44335 6.76318 7.5574 7.48884 6.6322 7.47584 7.80857 7.82149 7.8186 7.85276 7.889 7.89214 7.87583 7.87595 7.69739 7.91086
  7.9573 7.66901 7.82028 8.01739 7.92678 7.88951 7.85664 7.81961 7.92366 7.88853 7.88356 7.87635 7.8887 7.95578 8.15668 8.17185
  8.11407 8.25312 8.02616 8.08764 8.37907 8.12914 8.04831 7.92918 7.80656 7.78749 7.81065 7.94773 8.12867 8.67799 8.09254 7.81757
  7.79389 8.26082 7.78789 7.78159 173*0 11.3894 0 11.3354 11.2239 11.1406 11.1302 11.0991 11.0167 10.9879 10.9402 10.8759 10.7752
  10.5851 8.68773 8.53825 9.41776 7.81089 6.44162 6.28306 6.17235 7.99743 8.55754 7.97596 7.5839 7.58906 5.27616 8.82182 9.9428
  7.37656 6.64621 6.21119 6.11953 6.05283 5.89018 5.87118 5.75017 5.4888 5.41596 6.66151 7.17496 7.06054 7.2483 7.79032 7.11985
  7.02808 6.76553 7.20914 7.35258 7.49709 7.69842 7.64421 7.14471 6.73556 6.67081 6.64138 6.50096 6.59373 6.67831 6.2886 6.38413
  6.38534 6.05113 6.46378 6.36793 6.35606 6.57464 8.23636 7.44305 8.27369 6.38815 8.53287 7.24332 7.26411 7.31502 7.09269 8.92696
  8.96744 9.00574 9.44439 9.20323 9.58235 9.31465 9.27136 8.98355 8.61989 8.62344 7.95746 8.03715 9.0153 9.09783 9.17237 8.65313
  7.69749 7.15366 7.34378 7.09021 6.5392 6.55793 7.52584 7.77308 7.80647 8.00801 7.82005 7.84138 7.88417 7.89876 7.88422 7.88193
  7.89389 7.94073 7.78798 8.04912 7.99858 8.08861 8.00513 8.10657 8.09107 7.99923 7.94287 7.90688 7.90137 7.88622 7.77353 7.93425
  7.96237 8.10108 8.17921 8.15085 8.09324 8.23062 8.2271 7.99957 7.87313 7.85416 7.84752 7.7847 8.07648 7.9267 8.34582 8.70966
  7.95339 7.86084 7.84874 8.12142 172*0 11.7392 11.6319 11.4514 11.3942 11.3894 11.3859 11.3529 11.2416 11.144 11.1301 11.0899
  11.009 10.9826 10.9183 10.8586 9.96374 9.32839 9.20718 9.10724 7.82635 6.43462 6.25708 8.50888 8.3166 8.60119 7.97843 8.38566
  7.39369 8.43052 8.38575 5.12595 6.5151 7.9875 7.83264 6.08885 6.03828 5.87507 5.62255 5.52823 5.48664 6.84606 7.24865 7.19082
  7.07421 6.95377 7.61628 7.11418 6.6 6.95641 7.30555 7.00568 7.27202 7.44533 7.27019 6.87842 6.72488 6.66736 6.66495 6.29565
  6.63578 6.60461 6.42081 6.3316 5.83314 5.97922 6.2378 6.30044 6.55214 6.54293 5.77862 5.76729 6.06107 6.56282 7.85737 7.28749
  8.5973 7.94929 7.06295 8.89612 8.92884 8.96186 9.21061 9.37397 9.57208 9.07006 8.96771 8.97709 9.40607 0 8.55978 8.92467 8.98714
  9.0882 9.15014 7.89726 8.23645 8.47752 7.61549 7.47977 7.8554 7.71513 7.73037 7.76995 8.07568 8.15196 8.14649 8.08812 7.88187
  7.90461 7.89785 7.89943 7.91738 8.12576 8.07288 7.83952 7.90452 8.08605 8.05166 7.9445 8.12084 8.01436 7.89226 7.92632 7.9301
  7.91355 7.90069 8.05544 7.91467 8.19541 8.1637 8.12165 8.05686 7.95146 7.96457 7.85937 7.89157 7.88125 7.72908 7.73756 7.79594
  7.9604 8.19279 8.32993 8.71762 8.38459 174*0 11.9342 11.9098 11.7756 11.5512 11.4239 11.3896 11.3875 11.3616 11.2504 11.144
  11.1299 11.0777 11.0012 10.9741 10.8974 10.8244 9.87315 9.2609 8.13142 6.57197 6.45653 8.1059 8.57818 8.37696 8.14218 7.98843
  7.93077 10.7883 11.1148 10.0122 7.51588 6.24648 6.15778 6.19794 7.53509 8.29838 6.6361 6.32268 6.19761 7.45203 7.34275 7.26446
  7.20375 6.93915 6.68274 7.15876 7.63844 6.90941 6.92715 7.31332 7.40676 7.24509 6.94777 6.80969 6.74225 6.59996 6.5457 6.42707
  6.03169 6.12143 6.12805 5.53013 5.70336 5.38607 5.83911 5.72863 5.85187 5.96925 5.76561 6.34762 5.74009 7.00671 7.06673 8.68085
  8.2793 7.23845 7.76172 8.82399 9.68863 9.04116 9.22757 9.61575 8.7065 9.01452 8.98806 9.03449 9.18901 2*0 9.23709 8.78264 8.89044
  9.05248 9.12669 9.15115 9.14339 9.15783 8.62366 7.65122 8.29711 9.21383 7.73074 7.96888 8.15142 8.16221 8.15784 7.83942 7.78403
  7.81588 7.91767 7.61891 7.77752 7.70567 7.75094 7.79641 7.82758 7.95649 7.94174 7.7205 7.765 7.90806 7.89976 7.90521 7.95865
  7.94798 7.92905 7.68391 7.91244 7.9918 8.01823 8.06783 8.0558 7.98656 8.02564 7.8856 8.00148 8.10625 8.08838 7.95743 8.48107
  8.50155 8.4884 8.33315 175*0 12.082 12.0197 11.9646 11.9392 11.8734 11.6596 11.4235 11.3921 11.3883 11.3644 11.2495 11.1407
  11.1294 11.0584 10.9943 10.9546 10.8793 9.80159 8.26839 6.67496 8.0946 9.0447 8.87074 10.3185 10.688 12.1381 9.98413 11.1909
  10.6669 10.2848 10.9088 7.2897 7.3076 8.42645 8.21307 8.50526 8.38058 8.17085 7.81343 7.6642 7.46406 7.3728 7.27573 7.21103 6.9369
  6.48187 6.81289 7.33067 6.87571 7.30559 7.36918 7.29131 6.94379 6.60155 6.18573 6.69026 6.57879 6.52561 6.32431 5.64689 6.00257
  5.69566 5.64293 5.42552 5.43717 6.03234 5.53913 6.24675 7.34917 6.12212 7.24917 6.59746 5.69169 5.93706 6.04584 6.8127 7.19432
  7.85424 9.69357 9.66118 9.63823 9.62684 0 8.76293 9.07233 9.30033 8.95086 9.02631 9.182 9.09222 8.35769 8.74893 8.83836 8.91432
  8.98801 9.03946 9.102 9.13939 9.14947 9.17181 9.19056 8.31881 7.73459 8.12672 8.09404 8.17262 8.08054 7.84879 7.6299 7.60387
  7.00848 7.12749 7.45226 7.58035 7.93284 7.87402 7.9172 8.11264 7.96004 8.05534 7.97204 7.94406 7.92961 7.94474 7.97382 7.98395
  7.96922 7.95418 7.93604 7.91344 8.06188 8.05265 8.02436 8.10099 8.23813 8.63333 8.15121 8.40882 8.76715 8.37075 7.98034 177*0
  12.1567 12.1058 12.1049 12.0787 12.0246 11.9617 11.9317 11.7161 11.442 11.3945 11.3887 11.3643 11.2383 11.1362 11.1228 11.0358
  10.2833 9.64966 9.1864 8.78631 9.27059 9.16273 9.05915 10.442 8.45922 12.5568 10.7302 11.3738 8.90698 10.3883 10.8463 9.79096
  9.11559 7.42677 7.24529 8.71125 8.57197 8.4324 8.22587 7.91985 7.70853 7.54719 7.67777 7.81447 8.13151 7.358 6.44107 6.54737
  6.97216 6.83423 6.79335 6.61151 7.0253 6.87057 5.66002 5.96777 5.95781 6.53294 6.48232 6.22148 6.18061 5.67995 5.63881 5.60331
  5.60223 5.41694 6.64462 6.81971 5.25694 5.67826 5.70359 5.68804 5.67411 5.66199 6.48127 7.1639 7.79029 7.30983 6.95546 9.33492
  8.50906 2*0 8.22657 9.14573 9.52519 8.96432 8.94236 8.75084 8.79704 8.31869 8.11593 8.52038 8.78997 8.88736 8.97312 9.06132
  9.09973 9.13272 8.45023 8.98996 8.30677 7.71707 7.85134 7.89635 7.83369 8.12006 8.09337 7.5591 7.22811 6.78004 7.14057 7.58276
  7.59633 7.73108 7.91918 7.94613 8.1246 8.08472 7.99556 7.97887 7.97416 7.97222 7.97234 7.96707 7.99003 8.01367 8.00871 8.06414
  8.59615 8.18943 8.00776 8.05471 8.01163 7.971 8.80995 8.79387 8.32549 8.21115 175*0 12.4074 12.3264 12.4266 0 12.2252 12.2383
  12.2195 12.1982 12.1598 12.1139 12.0763 12.0061 11.9465 11.7338 11.5024 11.3961 11.3887 11.3609 11.2663 11.1345 11.1129 9.86029
  9.54957 9.45816 10.0396 10.2129 11.3335 11.6874 11.6605 11.0467 12.7679 10.7771 10.6235 8.99509 10.4378 10.379 7.85245 8.38393
  8.7362 8.5541 8.79084 8.63195 8.53058 8.30023 8.00997 7.76686 7.63812 7.94134 8.23713 8.13118 6.92495 6.57432 6.70073 6.89281
  6.71677 6.8002 6.7506 6.48775 5.83728 5.20389 5.29228 5.87059 5.63963 5.5755 5.81693 5.65031 5.64348 5.61375 5.57114 5.92203
  5.94621 5.62864 5.49708 5.67597 5.6743 5.66284 5.64955 5.64466 5.63129 6.11199 6.46966 5.89429 6.63275 6.69077 8.08428 8.25714 0
  9.57018 9.55873 9.5379 9.14765 8.95361 8.67331 8.61287 8.78527 8.70228 8.13205 8.60904 8.8061 8.97406 9.06802 9.12929 9.1508
  9.17265 9.17968 9.17876 8.73714 7.71727 7.74596 7.7978 7.83928 7.7116 7.07785 6.76007 6.80512 6.84131 7.19362 7.46032 7.48558
  7.82343 8.09919 8.17521 8.22654 8.19643 8.16325 8.04949 8.01476 8.01139 8.00467 8.12108 8.00962 8.02713 8.17664 8.37906 8.27601
  8.25321 8.28656 8.10766 8.27065 8.42617 8.82031 177*0 12.6231 12.6519 12.703 12.6554 0 12.7024 12.552 12.4557 12.2582 12.2321
  12.2079 12.1598 12.1053 12.0489 11.9349 11.7804 11.5257 11.3897 11.3895 11.3466 11.7119 10.4496 9.77913 9.65947 11.1427 12.001
  11.9651 11.8837 12.4055 13.0812 12.2681 11.542 11.3891 10.2857 10.1881 9.62496 8.11324 6.92847 7.61455 8.20284 8.03823 7.81533
  8.73166 8.59495 8.43139 8.08673 7.87351 8.37478 8.39195 8.2486 7.93901 7.34349 6.97331 7.01769 6.84777 6.66495 6.5354 6.26938
  5.55239 5.20016 5.12005 5.06607 5.22715 4.99158 4.95566 5.19086 5.22111 5.61853 5.59878 5.54894 6.65953 5.32731 5.0718 5.17357
  5.28025 5.3269 5.62055 5.60855 5.6038 5.59399 5.58478 5.56898 5.58521 5.64395 5.7441 5.82348 6.55832 0 9.56483 9.54702 9.27875
  9.01285 9.27062 9.01264 8.61045 8.793 8.38295 8.29368 8.59325 8.8423 8.9525 9.05619 9.14301 9.19419 9.05862 9.17648 9.01422
  9.01056 8.32186 7.76754 7.60476 7.10791 6.73722 6.79152 6.82692 7.21606 7.49444 7.4973 7.21385 7.83177 7.95218 8.16937 8.31513
  8.36661 8.35648 8.08741 8.07268 8.06191 7.97084 8.1607 8.09877 8.03944 8.10441 8.49484 8.38233 8.32824 8.30429 8.09984 8.34166 2*0
  178*0 12.8118 12.8308 12.8343 12.8355 12.8337 12.832 12.8175 12.7575 12.7165 12.5633 12.3878 12.2517 12.1993 12.1344 12.0184
  12.2735 11.8657 11.5552 11.4119 11.3873 11.3323 10.4828 9.9757 11.3384 12.1327 12.6771 13.3543 11.9316 13.1992 13.1192 13.0975
  11.2679 11.4829 10.3368 10.2291 9.00826 7.21437 6.98639 6.75969 6.65208 8.08246 8.95314 8.83173 8.99863 8.71222 8.42212 8.64686
  8.61184 8.24843 7.6948 7.4358 7.30443 7.1478 6.99294 5.96918 5.75302 6.25723 5.40273 5.23015 5.12634 5.0649 5.02259 4.99474
  4.94538 5.01292 5.47914 5.46686 5.58985 5.53769 5.44306 5.2946 5.28811 5.0273 5.05403 5.0956 5.44707 5.58844 5.57567 5.56223
  5.55274 5.54742 5.53726 5.5482 5.87717 6.97352 7.1992 6.71815 3.90787 7.16293 9.2391 9.52563 9.50747 9.49357 0 8.40769 8.40702
  8.62878 8.56924 8.69623 9.12576 8.93057 9.04748 9.12902 8.77048 8.34136 8.87646 8.32384 8.31734 7.73916 7.7874 7.38544 7.03825
  7.11141 7.58917 7.3223 7.52295 7.53641 7.6166 7.57229 7.94811 7.79711 8.16852 8.21445 8.33622 8.4823 8.3426 8.25243 8.12896
  8.36135 8.17968 8.01718 8.63171 8.57832 8.54712 8.04086 8.15735 182*0 12.8377 12.84 12.8407 12.841 12.8407 12.8408 2*12.8401
  12.8381 12.8348 12.7868 12.7157 12.5785 12.3613 12.225 12.134 12.0466 11.9563 11.8773 11.5939 10.5554 10.8424 9.62677 10.0136
  11.0956 9.57555 11.6635 11.6319 12.5408 12.5071 13.1789 13.1233 11.6801 12.2143 10.3842 10.2816 9.65424 8.98175 7.0634 6.82122
  9.01993 9.24396 9.06993 9.0178 8.9496 8.55363 9.06654 8.51475 8.50873 8.02994 8.00883 7.86085 7.33447 6.75658 6.59406 6.14432
  6.42549 6.26207 5.55999 5.16666 5.67868 5.78945 5.32687 5.36834 4.84031 5.14538 5.37977 5.59966 5.58563 5.53592 5.43864 5.28227
  4.9739 5.03784 5.3222 5.52655 5.57045 5.55921 5.54554 5.53256 5.51968 5.51152 5.50947 6.70785 6.7491 7.72898 6.77502 5.77147
  6.52014 7.39697 7.68271 8.1453 3*0 8.41739 7.76361 9.2577 9.0635 8.76865 8.82858 8.91245 8.9208 8.34095 8.36319 8.3617 8.34682
  6.81559 7.77965 7.88212 8.02046 8.13067 7.93157 7.66282 7.50669 7.53548 8.17064 8.39734 8.23438 8.22088 7.98187 7.82851 8.06711
  8.29782 8.46694 8.58523 8.29139 8.76348 8.77584 9.05227 8.65125 8.71716 8.23141 186*0 12.8414 12.86 12.883 12.9169 12.8907 12.842
  2*0 12.8412 12.8408 0 12.8377 12.8236 12.7217 12.4966 12.248 12.1361 12.0651 11.9618 11.3463 10.4309 10.2413 10.5899 13.581
  10.0722 8.66619 12.6649 13.7983 14.2514 15.9649 12.3404 13.1994 11.3608 11.3095 10.2174 9.20823 10.2188 7.26486 7.15687 7.88758
  8.47268 8.35881 8.08537 8.98609 8.80668 8.81643 9.02104 8.33613 8.53719 8.18052 7.72117 7.25449 6.60873 7.13703 6.78385 6.30962
  5.91905 6.09053 5.88723 5.66368 5.81175 5.75798 5.72684 5.68123 5.42348 5.39477 5.61359 5.58563 5.56685 5.55385 5.53542 5.27438
  5.07747 5.40431 5.44199 5.49471 5.53999 5.53264 5.52021 5.50766 5.93696 5.48572 5.48709 6.96032 7.03379 6.91505 6.76472 6.32262
  6.61182 7.25806 6.42197 6.16217 2*0 8.42838 7.48991 7.55912 8.46148 8.43343 8.77193 8.83063 8.90561 8.22842 8.54428 8.69324
  8.78148 7.71435 7.84794 7.69169 8.11804 8.77021 8.59418 8.06597 7.75338 7.81745 7.52783 7.89503 7.90384 8.52145 8.44632 8.52969
  8.46091 8.51584 8.70187 8.60944 8.76539 8.99043 8.75927 187*0 12.407 12.5427 12.655 2*0 13.1226 13.0908 13.1519 4*0 12.0909
  12.9513 12.8532 12.8415 12.8406 12.8371 12.8017 12.6125 12.2908 12.1536 12.0676 12.7651 12.0818 10.9513 11.2151 11.2458 9.73524
  13.9109 15.962 15.0163 15.0774 14.0031 12.4651 10.5171 13.4983 12.6567 11.0352 10.2307 8.4986 7.28321 7.22225 6.9641 6.73309
  10.3018 9.88462 9.07443 9.35333 9.47923 9.24723 8.96278 8.37412 8.18929 7.99578 7.7224 7.58801 7.15523 6.60626 6.06747 6.27086
  6.22384 6.02658 6.00377 5.90893 5.72704 5.60321 5.47421 5.44475 5.67029 5.6168 5.57938 5.55631 5.53838 5.39755 5.34472 5.43789
  5.40573 5.42104 5.46967 5.51342 5.5063 6.29171 6.80903 5.47952 5.47271 5.47017 7.29147 6.74943 9.77443 7.46823 5.42316 5.85518
  5.9081 7.94883 3*0 7.51108 7.50928 7.56661 7.62694 7.80311 8.21608 8.54173 8.41025 8.23559 8.56328 8.71062 8.87049 8.4101 8.03678
  8.94625 8.8644 7.98831 7.80721 7.66908 7.73477 7.52439 7.92131 8.7674 8.34892 8.29967 8.36434 8.40348 8.57838 8.59562 197*0
  13.185 13.1758 4*0 12.2964 11.9542 13.1363 13.107 12.607 12.8668 12.8414 12.8398 12.8237 12.6836 12.2262 0 12.8763 13.4847 13.8105
  11.5716 15.8928 15.9199 15.347 11.4848 12.7657 10.9856 10.8906 10.8019 13.7317 13.5938 11.8158 11.1512 10.9244 7.47886 8.41031
  7.25334 9.0571 10.7744 10.6168 10.3944 10.1011 9.77457 9.51392 9.28436 8.34913 8.23288 8.23663 8.21283 7.9752 7.28517 6.98468
  6.64191 6.47586 6.46152 6.24427 6.41094 5.39544 5.76351 5.75499 5.37094 5.17724 5.4876 5.70127 5.64307 5.59181 5.55503 5.52727
  5.47966 5.47297 5.4519 5.42339 5.4298 6.25992 6.57551 6.80633 6.56143 6.55352 6.25973 5.46358 6.75584 7.62052 8.34666 8.70693
  8.37903 6.81157 6.85122 6*0 7.52077 7.56399 7.63676 7.8126 7.85158 7.95585 8.07399 8.20604 0 8.8823 8.80246 8.89628 8.93471
  8.98577 9.01621 8.47207 8.09087 8.03876 8.05656 8.06471 9.04102 8.37655 7.79353 208*0 12.8351 0 12.1118 12.7073 12.0825 12.2764
  12.976 12.8935 12.8406 12.8383 15.1124 14.2604 14.2372 13.5475 12.9397 9.04758 13.3015 11.4259 11.731 11.1385 12.4251 10.9971
  10.9499 10.8965 12.2297 12.0252 10.8416 11.2467 11.0307 10.8467 9.10729 10.9147 11.2184 10.9475 10.7047 10.489 10.1891 9.86821
  9.55355 9.31937 8.40672 8.22179 8.14442 7.62829 7.24824 7.11603 6.99587 6.85655 6.67218 6.51473 6.48252 6.22884 6.00903 5.53443
  5.20609 5.1775 5.16555 5.33629 5.7229 5.67591 5.62482 5.45977 5.14905 5.29492 5.45621 5.4507 5.44304 5.44907 6.79632 6.80085
  6.79245 6.78773 6.78168 5.89895 6.75704 7.61748 7.61835 8.76231 8.7133 8.74062 8.7731 7*0 7.53544 7.57352 8.35676 9.42088 3*0
  8.75604 8.76714 8.77797 8.69891 8.95092 9.00442 9.15914 8.88136 8.35278 8.68689 9.40299 8.09095 7.95645 8.80545 211*0 14.776
  11.6807 11.8927 12.188 12.5337 13.2073 13.0257 12.8425 0 15.126 15.3928 15.7262 14.2182 12.5242 12.6087 12.1439 12.1751 16.3266
  16.3382 16.3437 15.0497 11.0133 10.9522 12.3378 12.1879 11.5404 11.3204 11.1492 11.5528 11.142 11.39 11.2888 11.0982 10.759
  10.5242 10.2669 9.97519 9.25134 8.38957 7.61675 8.42454 8.28671 7.83434 7.2817 7.11978 7.0069 6.88763 6.71396 6.56378 6.40577
  5.95445 5.9739 5.25564 5.21276 5.19904 5.80408 5.78636 5.74894 5.89361 5.52906 5.00988 4.97936 5.29725 5.44509 5.44234 5.45892
  6.27396 6.80963 6.8037 6.78939 6.77624 6.53064 6.17608 7.61795 7.61706 7.61973 8.3998 7.65651 8.15158 7.83632 6*0 7.53955 8.51481
  8.54922 8.70242 9.04518 6*0 8.762 9.01703 9.02347 8.69637 8.43221 9.02959 9.47167 9.42082 213*0 12.7168 12.7773 11.134 11.451
  12.4969 13.2672 13.2472 2*0 14.8111 15.2656 15.5517 15.8234 15.8754 13.6977 16.0191 16.2262 16.3301 16.3415 16.3459 0 14.8746
  15.608 14.3602 12.2171 12.3992 12.7559 12.3994 11.2305 11.0998 11.3389 11.472 11.2946 11.1642 10.8402 10.5977 10.3996 9.9505
  8.67249 8.61032 8.71391 8.57294 8.75994 7.69653 7.33257 7.13227 7.0224 6.90709 6.77441 6.59583 6.327 5.48469 5.38486 5.29343
  5.23291 5.55181 6.10983 5.78848 6.46766 5.46271 5.16489 5.23638 5.34213 5.48322 5.45478 5.43857 6.26578 6.83361 7.70186 7.47487
  7.0959 6.53959 6.76344 7.62343 7.62216 7.62276 7.62536 7.64741 7.70233 7.78033 7*0 9.55063 9.53234 9.51214 9.04905 2*0 9.43484 2*0
  0 8.89617 8.85356 9.02338 8.39769 8.4109 9.35473 198*0 14.0974 17*0 11.1446 11.1417 11.1317 11.1351 12.5638 12.5532 12.2274 2*0
  14.9282 15.2712 0 15.8551 15.8961 15.975 16.1965 16.3298 16.3425 16.7446 16.8776 15.2921 17.2806 18.7129 16.079 12.6522 14.1099
  14.2315 11.9174 11.2915 11.305 11.6536 11.5215 11.3262 11.1616 10.9721 10.6345 10.4842 9.92745 9.70863 9.59593 8.71644 9.18885
  8.40621 7.61086 7.4501 7.18231 7.03521 6.9278 6.62052 6.66693 6.11569 5.54132 5.43138 5.35864 5.27931 5.39682 6.27194 6.44456
  5.90541 5.32018 5.65213 5.59405 5.54546 5.50938 6.33695 7.90515 6.91598 7.94913 8.65826 8.63307 7.30402 6.61971 7.72655 7.691
  7.65456 2*0 7.68903 7.78576 7.82695 6*0 9.57254 9.56462 9.54615 9.52738 9.50929 9.48207 9.46052 9.44357 10.5319 10.3815 0 9.12452
  9.20323 200*0 14.0276 14.0975 14.1121 14.1195 6*0 14.3033 14.2802 8*0 11.1604 11.1059 11.1344 0 12.765 11.1779 11.2176 11.2504
  11.2618 11.2637 0 15.8206 15.8703 15.9282 16.1378 16.3047 16.3228 16.3754 17.6471 16.5949 17.3347 18.7698 17.6173 13.4798 12.3858
  11.8468 11.6463 11.3737 12.0392 11.865 11.7375 11.545 11.3616 11.1808 11.0177 10.782 10.519 10.3231 10.0989 9.81036 9.53469
  8.83199 7.99442 7.63619 7.47092 7.29736 7.19672 7.02999 6.66958 6.71621 7.04593 5.57346 5.71674 5.81189 5.51482 5.19613 6.63744
  6.53573 5.9621 5.36624 5.68439 5.63687 5.97243 8.18689 8.55697 8.31351 8.45511 8.42277 8.40767 7.88718 7.88049 7.84733 7.8251
  7.77908 7.76247 9*0 9.59138 9.58537 9.57932 9.57463 9.55684 9.53772 9.51727 9.49654 9.47907 206*0 14.0982 14.1325 14.1948 6*0
  14.4217 14.3866 14.3637 0 14.2735 14.2414 10*0 11.1786 12.7073 11.2283 2*0 15.6971 15.7663 15.8142 15.9822 16.2133 16.243 16.303
  16.6368 18.6054 17.67 16.24 16.0048 14.6921 12.5584 12.2439 11.891 11.5303 11.1958 11.6235 11.9352 11.7958 11.5798 11.398 11.202
  11.0473 10.8829 10.5797 10.3531 10.1623 10.0972 9.2718 8.6315 8.20281 7.67277 7.63045 7.54954 7.33837 7.29753 7.44916 7.72396
  7.41025 7.11074 7.08094 6.49801 5.31637 5.34688 5.94362 5.5368 5.7097 5.70537 5.70439 5.67618 7.27716 7.19124 8.16246 8.0848
  8.01756 7.95926 7.93434 7.90332 7.89355 0 7.87943 12*0 9.59665 9.59121 9.58344 9.56541 9.5449 9.52583 9.50957 206*0 14.0988
  14.1384 14.2262 2*0 14.4116 3*0 14.4605 14.46 14.4498 14.4201 13.7594 14.3065 14.2379 2*0 13.8791 13.8834 13.8755 3*0 11.0197
  12.8722 12.5643 14.0513 11.166 14.7213 15.0942 0 16.3337 16.4068 15.9621 19.0935 16.2174 17.5144 18.6727 18.683 16.5989 15.9964
  14.4387 12.5061 12.1685 11.8721 11.6283 11.4833 11.6712 11.1021 11.5867 11.8307 11.6403 11.4421 11.2526 11.0682 10.9138 10.6809
  10.5741 9.67428 9.98867 9.13906 8.70142 8.73462 8.2921 7.80057 7.63189 7.40532 8.35042 7.40665 6.94881 6.10746 6.39458 5.45785
  5.41575 5.64376 5.83097 5.52895 5.58549 6.65698 5.70716 4.76584 5.30538 5.67787 7.25818 8.23647 8.15035 8.11339 8.04739 7.98937 0
  14*0 9.62106 9.61355 9.60315 9.59338 9.574 9.55377 9.53966 207*0 14.1482 14.2249 14.2847 14.3367 0 14.4605 14.4613 14.4647 14.4663
  14.4642 14.4455 14.1364 14.0682 13.9206 13.8163 13.8736 13.8919 13.899 13.9014 13.8965 13.8852 0 13.0663 13.8532 12.9827 13.9585
  14.6845 15.9494 13.5767 14.728 15.1553 15.5845 17.2495 16.8273 17.6095 17.6212 17.2371 19.1814 19.1877 18.027 16.0053 15.6751
  13.4343 12.4026 12.2452 11.976 11.6956 11.7544 10.3086 11.5673 11.9348 11.7367 11.7091 11.5406 11.1903 11.4676 11.1256 10.7571
  10.5326 10.2389 10.6716 10.9447 9.36 8.69024 8.24592 7.84197 8.28524 8.58408 8.4225 7.10949 6.75624 6.64285 6.24259 5.47933
  6.02961 6.41227 6.28029 5.93243 7.44592 8.55223 8.54108 7.18746 7.85481 8.50883 9.2218 9.39391 8.7003 8.18552 16*0 9.62408 9.62389
  9.61829 9.60847 9.60056 211*0 14.3065 14.3357 14.4477 14.4607 14.4646 14.4756 14.5076 14.5242 14.5114 14.1182 14.1422 14.2599
  14.0286 13.9614 13.8822 13.8783 13.8667 13.8668 13.0834 13.1737 13.3554 13.4084 13.5222 13.5692 15.0902 15.7023 15.9101 15.1269
  14.7134 15.1548 15.5357 18.8985 18.2491 17.5735 18.5354 19.1905 18.1539 18.1362 16.2624 16.4895 14.3083 13.1779 13.0747 12.8497
  12.4141 12.8503 12.4226 12.3119 11.9412 11.8602 12.3019 11.9517 11.6373 11.7077 11.2092 10.746 10.8623 10.5729 10.2851 11.6778
  9.2586 8.97938 9.23796 9.187 8.98773 8.8055 8.64486 8.2123 7.51364 6.80831 8.0429 7.145 6.46131 6.53728 7.08955 6.36967 6.38286
  7.60061 9.1221 8.5366 9.34964 9.32791 8.52466 8.51366 9.09532 9.37429 8.27456 0 8.11661 8.06814 11*0 9.6346 9.62879 9.62829
  9.62711 213*0 14.2614 14.3108 14.4054 14.4606 14.4684 14.5281 14.5855 14.623 14.6137 14.2893 14.5622 14.3822 14.171 13.8581
  13.8441 13.8464 13.8632 13.8834 13.8963 13.5035 13.4394 13.8803 13.546 13.6082 13.636 13.6327 15.516 16.0707 16.0543 14.6777 2*0
  16.0775 14.6417 16.1405 16.7429 18.5151 18.1884 17.5767 17.0584 16.6328 13.5979 13.4043 13.2607 12.9596 12.906 12.6369 12.3725
  12.2366 12.1413 12.3592 12.3741 12.4042 11.9545 11.4687 11.418 11.6738 10.6099 11.5347 12.0864 9.97691 9.30344 8.93419 9.56432
  8.48862 9.03537 8.84227 8.67783 8.51453 8.34947 7.42154 7.33616 6.90097 6.9545 7.40021 6.98077 5.38581 7.52647 9.45961 9.29041
  9.36807 9.35442 9.34581 9.31777 8.82926 9.6787 9.41115 9.83758 9.82003 8.1742 8.10797 9*0 9.7276 9.67321 9.65474 9.64362 212*0
  14.0943 14.1208 14.231 14.3042 14.3797 3*0 14.6123 14.6176 14.6139 15.0304 15.2737 15.4149 13.8319 13.849 13.8354 13.8469 13.8813
  13.8968 13.9024 13.9082 13.9097 13.9081 13.1685 13.3297 13.4297 13.6398 13.496 16.2174 15.8541 15.1472 14.3506 0 13.9476 15.1006
  15.1189 14.8269 17.1969 17.8795 17.6071 16.9244 16.6809 16.5981 15.1405 13.7671 13.4823 13.1066 14.6642 13.0966 12.4602 12.2878
  12.1044 12.5511 12.6973 12.8082 11.8797 11.676 11.947 12.2838 12.545 11.93 9.93442 9.53068 9.58875 9.55919 8.60837 8.2298 8.53295
  8.89224 8.72039 8.5786 8.16447 8.02581 8.14508 6.96413 7.38697 7.95809 7.12342 7.02605 8.33678 9.49931 9.5699 9.40519 9.36601
  9.3543 9.58745 9.91378 10.1891 10.1426 9.85293 9.84046 6*0 10.059 9.96179 9.91504 9.89177 0 9.7957 216*0 14.125 0 14.3406 14.4046
  6*0 13.0494 2*0 13.8443 14.0101 13.8326 13.8718 13.9038 13.9183 13.9308 13.1231 12.7739 12.9041 13.2667 13.2591 13.0765 13.1418
  14.8492 15.8421 15.4685 14.0776 15.5746 16.2705 15.484 15.5057 16.2571 17.1921 17.9519 17.6551 18.2324 16.6458 18.3407 16.1843
  16.2479 15.5216 16.1427 14.4659 13.4291 12.7869 12.5465 12.505 12.7155 12.5247 12.3317 12.4292 12.9335 12.0202 11.5102 11.6909
  12.4745 10.5011 9.66428 9.61995 9.73181 9.22606 8.2779 8.35415 8.671 8.92726 8.77518 8.62023 8.47475 8.3051 8.15931 7.60642
  7.64034 8.84898 9.80776 9.70047 9.60598 9.97634 9.71987 9.47326 9.63564 9.68464 9.83173 10.0855 10.2022 10.1176 9.87149 0 10.3194
  10.3057 10.2738 10.2496 2*0 10.0967 9.97261 9.92408 9.90256 231*0 14.0614 13.9402 13.8817 13.8994 13.9156 13.9657 13.9909 13.0737
  12.7397 12.8355 13.093 13.1122 13.2879 14.7605 15.5275 15.7896 15.28 13.6648 15.035 14.7797 15.2886 17.3666 16.911 16.3982 17.8232
  17.6645 17.6478 16.3322 15.9553 14.9973 14.7527 13.9345 13.4644 13.2915 13.1347 12.868 12.6414 12.3883 12.5166 12.1778 12.2672
  12.5319 12.4066 11.9289 11.4389 11.4899 12.6439 10.2102 9.77929 9.90567 9.79641 8.93858 8.06218 9.27557 9.30653 9.0183 8.81745
  8.66881 8.53044 7.24013 6.98021 6.9234 7.67158 9.44586 10.1329 9.90996 9.4814 0 9.86665 8.69256 9.15544 9.65217 10.0619 10.3086
  10.2273 10.1406 10.0685 10.1952 10.1339 10.209 10.3047 10.2613 10.2351 10.1851 10.1069 9.9882 229*0 10.0888 10.0759 13.8371
  13.9926 13.8025 12.1988 12.2385 12.807 13.3008 12.685 13.1987 12.4406 12.6461 12.7605 12.3401 12.3123 12.9425 13.8822 14.697 16.03
  16.1869 16.4432 14.7265 14.4551 15.3336 15.0739 15.9884 16.9852 17.4082 17.693 17.6617 15.9341 14.0669 13.5253 13.6824 13.7431
  13.5779 13.4203 13.2368 12.9664 12.6486 12.4351 12.4253 12.6178 12.6842 12.4061 11.9764 11.7005 11.5032 11.2039 10.9039 9.82841
  10.4674 10.47 9.80604 10.4413 9.29266 9.04046 8.52824 8.87339 8.87191 8.70749 7.82149 7.05844 7.1466 6.97004 8.0099 8.21554
  10.4084 4*0 8.71735 10.2137 10.1981 10.1781 10.3282 10.3299 10.2872 10.183 10.0042 10.2075 10.3637 10.3351 10.2779 10.2541 10.2021
  10.1274 229*0 9.97115 10.0527 10.0468 10.8343 10.4523 10.3101 13.0302 12.2114 12.8209 12.8515 12.3047 12.6956 12.4086 12.5581
  12.7444 12.8506 12.5829 12.518 14.3581 15.3912 15.6567 15.5125 15.254 15.0488 15.3246 15.6252 15.7468 15.8018 15.7581 16.0222
  16.0681 16.1388 15.5673 14.8133 14.347 14.2802 14.001 13.7264 13.4892 13.2933 13.0638 13.0773 12.9875 13.1375 12.911 12.3616
  12.5378 12.0805 11.5256 10.8153 10.3262 10.4829 10.2623 10.5812 10.499 10.2884 8.86471 9.19881 8.74645 8.58341 8.76512 7.99094
  7.04393 7.30482 7.52446 6.96438 7.575 6.18163 6.08925 6.02521 4*0 10.7952 10.7407 0 10.4328 10.5713 10.4844 10.3016 10.204 10.0902
  10.2817 10.3907 10.3607 10.2947 224*0 9.04722 7*0 9.83934 9.98313 10.9887 11.5727 11.8248 11.7705 12.1332 11.6019 12.2252 12.2339
  12.2765 12.3573 12.4549 12.5004 12.6981 12.8249 12.442 14.4155 14.9039 15.0409 15.2141 15.2303 15.1995 15.3109 15.6984 15.8212
  15.9214 15.812 15.4845 15.1818 15.0645 14.8556 14.4795 14.7298 14.5474 14.3533 14.103 13.7983 13.555 13.3405 13.1543 13.4161
  13.4276 12.9303 12.7013 12.0981 12.2217 12.047 11.4134 10.6438 10.9607 11.1892 10.8903 10.8542 9.8545 9.1702 9.32116 9.04229
  8.91452 9.17545 8.83988 8.44525 8.27885 7.28622 8.22624 7.54747 5.98639 5.33538 6*0 10.8106 10.309 10.3467 10.6952 10.6014 10.5078
  10.5121 10.3589 0 10.4163 233*0 9.40544 9.49409 10.2841 10.4889 11.4584 12.2386 12.2841 12.0115 11.9875 12.1628 12.1797 12.4571
  12.3003 12.3443 12.4354 12.4705 11.1033 11.959 11.7485 14.1251 14.7257 14.9721 15.4105 15.431 15.4656 15.9587 16.0497 15.8393
  15.4238 15.3079 15.1839 15.2161 15.1512 14.8442 14.8812 14.7686 14.5838 14.3792 14.1879 13.8769 13.6382 13.4015 13.4916 13.111
  12.8199 12.945 12.6787 12.6913 12.5479 12.2976 11.3341 10.8645 11.2128 11.0228 10.9534 10.3961 10.0086 8.98867 9.19357 9.03805
  8.57848 8.40815 8.31577 8.52933 7.97439 8.3366 9.11765 7.77609 7.88509 11.2858 10.7623 10.6888 10.4695 10.3769 10.297 10.0977
  9.90479 9.88106 2*0 10.641 10.5325 10.5293 225*0 8.14408 8.2814 8.42173 0 8.73003 8.84562 3*0 9.13568 9.24878 9.37564 9.42789
  9.56494 10.8232 11.4238 11.3828 11.3541 11.0231 11.8133 12.2699 12.1456 12.235 12.2735 12.3324 12.4062 12.2915 12.0337 13.0497
  14.2024 14.6776 14.8306 15.227 15.3929 15.4516 15.5764 16.0535 15.8143 15.3972 15.2807 14.7141 15.2706 15.3773 15.4106 14.862
  14.81 14.7335 14.6077 14.3921 14.2319 13.9517 13.8252 13.4493 13.3767 13.42 13.2793 12.9062 12.7245 12.3067 12.2138 11.9761
  11.6091 11.206 11.2446 11.4645 10.7388 10.2876 10.126 9.45864 9.53589 8.70663 8.2223 8.38329 8.67662 7.8698 8.39635 9.1517 8.59669
  8.5536 8.42097 9.18463 11.0105 10.7479 10.5712 10.4626 10.3358 10.2537 10.0386 9.88675 9.72998 229*0 8.11764 8.17651 8.35666
  8.43144 8.59288 8.7922 8.96495 8.99927 0 9.06935 9.17191 9.32507 9.37529 9.46214 9.70637 9.86525 9.93618 9.90255 13.3361 13.0025
  13.1197 13.0105 12.222 12.2593 11.7052 12.4954 12.9061 11.7346 11.1293 14.0019 14.9054 15.0813 15.473 15.5421 15.4723 15.5949
  15.5751 15.4703 15.353 15.3149 15.2788 15.3579 15.3543 15.0599 15.0598 14.7835 14.7086 14.5964 14.42 14.3704 14.4064 13.7465
  13.4905 13.2527 13.312 12.967 12.7276 12.4463 12.407 12.1908 11.8861 11.9831 11.545 11.1968 10.9846 10.705 9.51907 9.50148 8.90306
  8.98571 8.45677 8.09729 8.55706 8.05177 7.61905 9.00738 9.58687 8.85617 9.39343 12.1319 11.5477 11.2854 10.8228 9.34096 10.4997
  10.3872 10.3182 10.1854 230*0 8.0294 8.07821 8.11534 8.24941 8.3887 8.49178 8.69031 8.90618 8.98715 8.99143 9.0166 9.10892 9.24704
  9.34327 9.42507 9.57129 9.78156 9.90817 9.91743 12.679 12.6725 12.9016 12.0478 12.1885 12.2687 12.031 12.845 12.1861 10.7273
  10.8724 12.0518 14.5811 15.5834 15.885 15.5358 15.7375 15.8924 15.8847 15.3685 15.4467 15.349 15.2753 15.5052 15.6396 15.47
  15.2443 14.9989 14.8513 14.6721 14.6238 14.6337 14.6614 13.8776 13.6053 13.3701 13.4764 13.2466 12.393 12.3498 12.2711 11.8383
  12.2927 12.353 12.2253 11.7373 11.4911 8.45884 6.477 7.43061 7.85666 8.70977 8.98728 8.63267 7.88319 7.47856 7.09424 8.00386
  9.37202 8.50519 8.74576 12.2635 9.20611 9.96713 8.30604 6.22072 10.5513 10.4836 10.394 230*0 7.9961 8.0059 8.02885 8.07572 8.13374
  8.32791 8.42063 8.57796 8.78757 8.95027 8.97379 8.98145 9.05399 9.16702 9.30937 9.39082 9.52459 9.75091 9.90034 9.92241 0 9.93811
  9.96868 10.0757 11.0145 11.0609 12.7661 12.0884 10.4789 10.5498 12.6652 14.5014 15.1599 16.5529 15.8589 15.6487 15.8997 15.789
  15.7965 15.5645 15.2889 15.3502 15.2812 15.5086 15.7958 15.7392 15.1942 14.9613 14.9896 14.6936 14.5306 14.434 14.1889 13.905
  13.6076 13.4224 13.5762 13.3155 12.5785 12.6621 12.3282 12.3246 12.5334 12.9168 12.2198 12.4204 10.4758 8.65674 7.16651 7.81863
  8.0098 8.42857 11.8736 11.082 7.69454 7.38432 6.29221 7.54242 4.40486 8.62149 8.07469 8.90208 8.08857 7.85977 4.06265 3.97722
  10.8135 233*0 7.98339 7.99338 8.03809 8.07938 8.24498 8.35319 8.47716 8.66295 8.89308 8.94838 8.9555 8.99933 9.10163 9.2547 9.3484
  9.48063 9.72974 9.88568 9.93422 9.93561 10.0063 9.93568 9.97655 10.1582 11.0633 12.4571 11.2235 10.4078 10.5059 12.1173 14.303
  15.192 15.9484 15.7907 15.7079 15.6935 15.7978 15.4308 15.2196 15.3476 15.3637 15.5018 15.8241 15.7816 15.479 14.9716 15.0389
  14.8726 14.5196 14.3415 14.2635 14.1604 13.8286 13.2757 13.0622 12.981 12.6564 12.573 12.7272 12.6904 12.5821 12.7973 12.4739
  11.8984 11.6405 10.543 10.2561 8.53717 7.96502 7.69635 7.89444 7.67956 7.11666 5.92001 4.68379 4.62053 4.55039 7.47883 8.82952
  8.66588 12.6224 7.57011 4.16277 236*0 7.96838 7.97524 7.99841 8.0512 8.13943 8.31992 8.40156 8.57104 8.78775 8.92116 8.9292 8.9528
  9.04538 9.18233 9.30335 9.4066 9.66174 9.83676 9.94114 9.94497 10.0248 10.1126 11.4781 11.5509 12.2009 11.828 11.8105 10.4145
  10.5227 12.8249 14.9252 15.1422 15.6611 15.8092 15.7359 15.8635 15.6416 15.7333 15.4519 15.4681 15.5514 15.7567 15.8641 15.4834
  15.4035 15.2237 14.9405 14.6258 14.5851 14.786 14.5458 13.8731 13.6145 13.4408 13.2227 12.9591 12.74 12.6247 12.6759 12.3985
  12.5677 12.7268 12.0127 11.2935 11.3092 10.1442 9.80692 8.77161 7.55933 7.50749 7.48376 7.35624 7.32366 6.55684 4.79994 0 8.37566
  9.10322 10.2988 9.96272 9.53484 239*0 7.95779 7.96962 8.02194 8.07144 8.26341 8.34175 8.49183 8.69717 8.87595 8.90431 8.91971
  8.99452 9.11279 9.26572 9.3691 9.56568 9.78576 11.4105 9.95553 9.98499 10.8317 12.0225 12.2594 10.1879 10.2763 11.5525 10.4464
  10.6059 13.8585 15.1341 16.0332 15.9301 15.4279 15.4922 15.3455 15.7408 15.8397 15.8404 15.5586 15.6069 15.5455 15.5786 15.5258
  15.4115 15.2821 15.0388 14.8564 14.6133 14.4889 14.2377 13.8865 13.5375 13.3002 13.12 13.3408 13.0304 12.9861 13.1911 12.1275
  11.7383 11.6913 11.6659 11.6329 10.6551 9.87626 8.02292 6.36283 7.32234 7.35237 6.97384 7.14707 7.1219 5.91042 4.84734 4.83916
  4.77848 6.41593 9.53757 241*0 7.94266 7.9492 9.13292 8.03534 8.19353 8.30168 8.42412 8.6099 8.8239 8.88221 8.89343 8.94641 9.05755
  10.7118 11.5883 11.0169 11.9516 11.8041 10.8756 9.96731 11.0978 12.158 10.9649 10.2981 10.289 10.3811 10.4779 10.6296 14.7857
  15.5301 15.8744 16.1553 15.6116 15.7155 15.7671 15.8302 15.8502 15.5327 15.5173 15.3931 15.6952 15.6112 15.4903 15.2006 15.041
  14.8686 14.7614 14.6403 14.4897 14.2726 13.9674 13.8042 13.4828 13.503 13.2671 12.8626 12.6078 12.0007 11.8976 12.1197 12.0133
  12.0228 11.1256 6.08484 5.98119 5.83039 5.68917 7.12624 6.1048 7.03774 5.49877 6.01606 4.94089 4.89845 4.89044 4.86614 243*0
  7.92763 10.6996 9.09761 8.01714 10.621 8.28066 10.8676 11.0308 9.64751 10.3249 10.1409 10.854 12.0736 12.0657 11.6051 11.9642
  11.59 10.7629 9.9604 9.97011 10.0525 10.4487 9.93954 10.1478 10.2911 10.3927 11.7137 13.2549 15.069 14.9304 15.3636 15.6289
  15.9548 16.4033 16.2474 15.8128 15.8616 15.5197 15.5224 15.6552 15.6908 15.6309 15.8623 15.7095 15.2975 15.2133 14.814 14.6621
  14.4996 14.2893 14.0489 13.8376 13.671 13.4847 13.1786 12.8607 12.9293 12.5675 12.641 12.427 13.0498 14.9463 6.24619 6.18224
  6.10894 5.99702 5.85726 5.69945 5.93248 5.78834 5.11444 5.07168 5.02745 4.97687 246*0 10.6594 7.92953 9.15138 10.9832 11.1529
  11.2203 10.2148 11.9399 12.1601 11.6971 11.7698 11.8959 11.4249 11.812 12.0757 11.4673 10.4316 9.95769 9.96939 9.99278 10.148
  10.225 10.4361 12.9431 13.803 14.1639 14.3498 14.3405 15.0964 16.249 17.0091 16.8453 16.3943 15.9145 15.7962 15.763 15.6697
  15.7631 16.1108 16.0252 16.1894 17.6625 17.5434 14.421 15.4362 15.3186 14.7377 14.5425 14.2159 14.1487 14.0169 13.2395 13.4396
  12.8208 12.6397 12.8568 12.8224 12.7204 12.5338 12.2758 14.0757 6.34187 6.28242 6.21375 6.13968 6.02319 5.89139 5.63362 5.43963
  5.33366 5.15793 248*0 10.6388 10.434 11.1715 11.1345 11.5003 11.6052 11.6705 11.5146 10.9292 11.042 11.1107 11.8462 11.3881
  12.1154 11.8087 10.4069 9.70316 9.83747 9.97047 9.97858 10.1439 10.2177 10.4351 13.4469 13.8193 14.4271 15.0839 13.2775 13.7069
  15.2652 16.7913 16.1452 16.1671 15.7376 15.7878 15.835 15.8582 15.8485 16.4032 17.0052 15.9544 15.4819 15.9925 14.927 16.1779
  15.5475 15.7051 15.3943 14.2631 14.1576 14.0311 13.8571 13.6942 13.0476 13.2376 13.09 12.9349 12.7872 12.6154 11.9071 11.4408
  6.47746 6.36725 6.31059 6.22201 6.15088 6.06201 253*0 11.1378 11.239 11.0895 11.6277 11.6231 11.727 11.525 10.6656 9.71375 8.85085
  9.80808 11.5743 12.0637 10.2039 9.50645 9.77084 9.82118 11.2125 9.97899 10.1317 12.405 13.6236 13.7165 13.8095 13.1157 14.1851
  14.5128 17.043 15.1758 16.3769 16.2269 16.3639 15.8517 16.0709 15.8114 15.8385 16.0058 17.5953 16.3134 16.577 15.5057 15.1328
  15.4609 15.8201 16.6946 18.6448 18.6363 18.6113 18.5743 17.5102 18.5064 15.3487 15.1557 17.0405 18.2949 18.2633 18.1446 17.9731
  7.19856 6.72722 6.66625 0 6.3695 6.33704 255*0 11.1432 11.1459 11.2389 11.5704 11.6962 10.991 9.99339 9.59664 8.83341 8.84462
  8.88479 10.5429 10.0834 10.6154 10.765 10.916 12.2037 13.0725 12.6708 13.4507 13.5232 13.6474 13.7238 13.7862 12.8187 12.89
  13.1738 14.0371 14.7115 16.9555 16.5096 16.3642 16.6394 16.5425 16.0677 16.0396 17.0309 17.17 16.7985 16.3582 14.736 15.8635
  16.1709 16.1896 16.1867 274*0 11.0188 11.1962 11.359 10.7544 10.5041 10.235 10.5624 9.53797 8.82665 8.84086 8.86651 8.97337
  9.13246 9.28259 11.6296 12.7139 13.1329 13.2799 13.3267 13.4448 13.5431 13.6619 12.944 12.7086 12.9936 13.2271 13.5262 15.2375
  16.8809 16.7097 16.4057 16.6506 16.2921 16.7448 17.2232 16.9735 17.3157 17.5955 282*0 11.0795 11.2574 10.2935 10.4725 10.9295
  11.706 11.3013 11.3338 10.6269 10.9996 10.1165 9.77471 9.26588 11.7944 12.3559 13.1026 13.1562 13.2667 13.4154 13.5146 12.3498
  12.4105 12.8975 14.5463 15.1901 15.3768 16.6311 16.837 16.5073 16.0196 16.2859 16.3242 16.4804 16.5762 17.2095 284*0 10.9762
  10.7691 10.4033 10.8129 11.4062 11.1714 11.3156 11.5658 11.8132 11.9794 11.2941 9.06846 11.3809 12.6647 12.6481 13.077 13.1197
  13.1808 13.3753 13.4737 12.3258 12.5547 14.7895 15.575 16.2356 15.8571 15.7913 16.3747 15.1058 291*0 10.6674 10.7539 10.8458
  10.9961 11.3714 11.4885 11.5094 11.7347 11.8875 12.152 12.3053 12.5036 12.3728 12.3395 13.0448 13.1774 13.0238 13.2145 13.0032
  12.6367 14.704 15.6175 16.1581 16.2035 295*0 10.6395 10.7147 10.5509 10.9529 11.0945 11.1963 11.4279 11.6357 11.8328 12.0586
  12.306 12.4748 12.1303 12.275 12.9814 13.1192 13.0845 13.089 12.8382 16.5706 16.1935 298*0 10.0505 9.71851 10.2178 10.9105 11.0532
  11.1776 11.3312 11.5704 11.7458 11.9464 12.2354 12.4218 11.9252 12.4463 12.8792 12.5354 12.4656 13.0589 14.8458 301*0 10.3613
  10.7502 10.8968 11.0393 11.1463 11.2779 11.5205 11.6338 11.82 12.1335 12.31 11.735 11.8445 12.1937 12.2997 304*0 10.4204 10.7096
  10.8798 10.802 10.9511 11.2394 11.4226 11.5791 11.7124 11.9539 11.6203 11.8115 11.6895 307*0 10.6945 10.5055 10.7756 11.0711
  11.1965 11.357 11.5214 11.6321 11.7897 12.1045 309*0 10.6492 10.2204 10.9382 11.0298 11.1908 11.3549 11.4762 312*0 10.3152 10.3606
  10.7303 10.7817 11.1524 315*0 10.6601 524*0 72.2222 315*0 72.2189 72.2249 72.2437 72.265 72.286 311*0 72.3102 72.1487 72.233
  72.2556 72.2784 72.2978 72.3146 72.3252 309*0 72.203 72.331 72.2352 72.2691 72.2884 72.3082 72.3222 72.3314 72.3394 72.3452 11*0
  295*0 72.219 72.2312 72.2608 72.3694 72.2976 72.3043 72.3179 72.3269 72.3352 72.3451 72.3533 72.3565 304*0 72.3283 72.3691 72.3931
  72.4226 72.4004 72.403 72.3887 72.3229 72.3334 72.3434 72.3509 72.3559 72.3628 72.3762 72.3916 304*0 72.2055 72.29 72.3754 72.2762
  72.3029 72.3223 72.3336 72.3447 72.3335 72.3609 72.3703 72.3773 72.403 72.4172 72.4253 303*0 72.2174 72.2364 72.2676 72.2968
  72.319 72.332 72.3438 72.2048 72.1488 72.1521 72.2148 72.4172 72.4209 72.4436 72.474 72.4972 303*0 72.2511 72.2858 72.3129 72.223
  72.2132 72.2613 72.2003 72.1687 72.1683 72.1674 72.1794 72.3902 72.4961 72.5109 72.5483 72.612 3*0 72.0206 71.9967 298*0 72.209
  72.2748 72.206 72.1586 72.1658 72.1724 72.18 72.1897 72.1931 72.202 72.2359 72.3838 72.5755 72.6166 72.8622 73.1574 2*0 72.0814
  72.0284 72.0044 72.0458 296*0 72.1502 72.1607 72.162 72.1691 72.1681 72.1788 72.1898 72.1932 72.2099 72.2251 72.2514 72.3305
  72.4611 72.661 72.6936 72.7494 72.855 2*0 71.9824 71.943 71.9394 71.9599 71.9739 295*0 72.1623 72.1643 72.169 72.171 72.1817
  72.1927 72.2041 72.2248 72.237 72.2605 72.3289 72.5534 72.7196 72.7184 72.6859 72.8711 73.0519 0 71.8423 71.9366 71.9717 71.9636
  71.9679 71.9338 294*0 72.1293 72.1522 72.1629 72.1543 72.1143 72.1369 72.2019 72.2226 72.2325 72.269 72.336 72.5841 72.7705
  72.8254 72.7905 72.7513 72.1024 71.8395 71.8698 71.9043 71.9483 71.9855 72.002 71.9918 71.9854 71.9903 293*0 72.1186 72.1493
  72.125 71.9898 71.9964 71.9995 72.0418 72.1313 72.1892 72.24 72.4255 72.8005 72.848 72.9024 72.6021 71.7371 71.8521 71.8872
  71.8887 71.9438 71.9993 72.0043 72.0006 71.998 71.9952 71.9923 71.9907 291*0 72.0829 72.0945 72.0648 71.9799 71.9848 71.9948
  72.0088 72.0181 72.036 72.0446 72.0526 72.0882 72.5541 72.593 72.4402 71.6827 71.8314 71.8835 71.8803 71.9205 71.988 72.004
  71.9993 72 72.004 71.9982 71.9764 71.9566 291*0 71.9703 71.97 71.9703 71.9725 71.987 71.9984 72.0155 72.0311 72.06 72.079 72.1024
  72.1895 72.4041 72.2994 72.3433 72.0711 72.0077 71.9807 71.9163 71.9493 71.9926 72 72.0073 72.0148 72.0042 71.9543 71.92 71.9363
  71.9312 290*0 71.9673 71.9734 71.9598 71.9675 71.9827 72.0116 72.01 72.0582 72.1167 72.0269 72.0863 72.2829 72.3042 72.3047
  72.2406 72.5138 72.6632 72.4019 71.9235 71.9654 71.9961 72.0042 72.0146 72.0211 71.9903 71.9278 71.8988 71.9434 71.984 72.3648 2*0
  286*0 71.9782 71.9737 71.9695 71.9859 71.9898 72.0694 72.0755 72.0887 72.1166 71.9877 71.9615 72.1073 72.2442 72.2613 72.3892
  72.5269 72.5397 72.5538 71.9207 71.9073 72.0024 72.0083 72.0091 72.0211 72.0197 71.9729 71.9361 71.925 71.9677 72.204 72.252 2*0
  286*0 71.9896 71.988 71.9801 71.9883 72.0423 72.1046 72.1121 72.1181 72.0272 71.9482 71.9492 72.0625 72.1715 72.2409 72.3772
  72.4041 72.3966 72.0699 71.839 71.8374 72.0005 71.9948 72.0001 72.0123 72.0112 71.9893 71.9552 71.9553 72.4221 72.3 72.2521
  72.4646 72.6374 285*0 71.9335 71.9391 71.971 71.953 71.9547 72.0245 72.0781 72.0633 71.9753 71.9265 71.9426 71.9356 71.9865
  72.0166 72.1735 72.3708 72.431 72.2643 71.932 71.9213 71.9191 71.9997 71.9988 72.0012 72.0063 71.9998 71.963 71.9484 72.3403
  72.6175 72.2762 72.4268 72.5679 72.5922 72.4718 284*0 72.0258 71.9363 71.9371 71.931 71.9278 71.9574 72.0016 71.9405 71.9302
  71.9482 71.9638 71.9756 71.9913 72.0122 72.0551 72.4443 72.5622 72.4849 71.9909 71.9559 72.1335 71.9926 71.9966 72.0007 71.9956
  71.9885 71.9312 71.9342 72.5668 72.5805 72.4057 72.5496 72.5463 72.5706 72.4469 72.3624 72.5437 281*0 72.2068 72.097 71.9201
  71.9216 71.9209 71.9201 71.9206 71.9175 71.9325 71.9164 71.9562 71.9736 71.9797 71.9921 72.0158 72.0795 72.4774 72.5747 72.6205
  72.5117 72.4881 72.3391 72.1795 72.0126 72.0101 72.0107 71.9743 71.931 71.9987 72.2978 72.512 72.5387 72.5402 72.5976 72.5204
  72.3576 72.2767 71.9497 71.7178 280*0 72.2169 72.1044 71.9144 71.9158 71.9219 71.9025 71.9388 71.8978 71.8936 71.9158 71.9579
  72.042 72.0628 72.0826 72.1508 72.2054 72.5369 72.6046 72.6488 72.6848 72.6204 72.6261 72.2443 72.0072 72.2563 72.4068 72.4456
  72.2465 71.9612 72.0923 72.4608 72.397 71.9312 72.3077 72.4061 72.2309 72.1083 71.5474 71.6275 72.4196 72.5922 278*0 72.3337
  72.2633 71.9235 71.9192 71.8998 71.9621 71.9531 71.9442 71.8894 71.9274 72.065 72.1284 72.1452 72.1641 72.1772 72.2949 72.5971
  72.6157 72.6651 72.6985 72.6441 72.6119 72.6648 72.5546 72.6585 72.7386 72.8619 73.0867 72.4589 71.948 72.0056 72.1834 72.0573
  72.0972 72.8118 71.8647 71.6316 71.7363 71.694 72.4316 72.7233 73.0037 274*0 72.3582 72.2627 72.2853 72.2961 72.2969 71.9647
  71.8966 71.9675 71.9523 71.9428 71.936 71.9426 72.0359 72.1019 72.1175 72.1339 72.1481 72.181 72.3964 72.6038 72.6452 72.6692
  72.7143 72.7217 72.6772 72.7803 72.871 72.9078 73.0846 73.1929 73.4192 72.5881 72.205 72.2532 72.4174 72.7147 72.7018 72.6845
  71.8855 71.8236 71.7187 72.0662 72.9107 72.8998 73.1559 73.4004 73.5713 270*0 72.3282 72.3691 72.3734 72.3224 72.3046 72.2973
  72.2819 71.9664 71.9473 71.993 71.979 71.9426 71.9371 71.946 72.0804 72.0998 72.0942 72.1233 72.1661 72.2241 72.5242 72.573
  72.6302 72.7164 72.7767 72.8236 72.8541 72.8625 72.9051 72.9234 73.0093 73.2546 73.3638 72.5712 72.2204 72.1975 72.2447 72.9508
  73.0013 72.8343 72.3928 72.066 71.7496 72.7668 73.0677 73.191 73.5532 73.5328 72.0786 38.185 5.23339 266*0 72.3248 72.3154 72.3537
  72.3867 72.3894 72.3847 72.2958 72.2999 72.1722 71.9842 71.9862 71.9916 71.9723 71.9846 71.9593 72.0384 72.0862 72.0908 72.0971
  72.1769 72.3544 72.503 72.5292 72.5526 72.6167 72.7272 72.8195 72.8699 72.9053 72.9327 72.9198 72.9345 73.0155 73.187 73.1227
  72.878 72.8712 72.386 72.323 72.8228 72.7624 72.7594 73.1639 73.1737 72.931 73.1884 73.2422 73.6182 73.7915 73.7077 73.6608
  49.9435 5.16647 5.21836 5.13128 261*0 72.3072 72.3312 72.2886 72.2783 72.3015 72.3941 72.3749 72.4036 72.4034 72.3887 72.1677
  72.0069 72.0021 71.9947 71.9785 71.9772 71.981 72.0459 72.1058 72.0847 72.0826 72.2291 72.4554 72.4877 72.5046 72.5484 72.6235
  72.7106 72.777 72.8375 72.8366 72.887 72.9289 72.9657 72.982 73.0042 73.0769 73.0339 72.8844 73.3838 72.9515 72.9252 72.722
  72.7495 72.8212 73.785 73.8006 73.7738 73.912 73.7953 73.9509 73.8931 73.7599 73.6339 59.5092 5.34862 5.23193 5.21025 5.43233
  5.65055 5.60886 256*0 72.2599 72.3014 72.3553 72.3529 72.3096 72.382 72.4509 72.4778 72.396 72.41 72.4124 72.3871 72.1973 71.8544
  71.9489 71.9815 71.9793 72.014 72.1279 72.2318 72.199 72.1473 72.3174 72.484 72.473 72.5163 72.584 72.6059 72.6784 72.7669 72.8279
  72.8619 72.8524 72.9401 72.9991 72.9866 72.9953 73.0738 73.1498 73.2058 73.3452 73.5231 73.3418 73.4885 72.7592 72.6686 72.5745
  74.2342 74.2363 74.3221 74.3332 74.1651 73.9464 73.9249 73.7918 73.6446 67.57 7.0809 5.34787 5.46369 5.62332 5.85402 5.73767
  5.3038 5.18573 251*0 72.9614 72.2853 72.3132 72.3263 72.3731 72.4136 72.455 72.5068 72.535 72.4053 72.4398 71.988 72.1207 72.3815
  72.4482 72.4445 72.3676 72.0473 72.1223 72.1353 72.1525 72.2432 72.2585 72.3548 72.4121 72.4525 72.4996 72.501 72.5534 72.6047
  72.6597 72.7239 72.7486 72.8098 72.8655 72.9133 72.9829 73.0082 73.0247 73.0818 73.1526 73.1952 73.3469 73.5097 73.1714 73.4938
  72.3198 72.2273 72.881 73.8528 74.2771 74.0861 73.9475 73.8959 73.9733 73.9488 73.8958 73.8037 73.7626 70.5879 9.30183 5.50848
  5.58295 5.60079 5.67699 5.50702 5.55833 5.25721 5.02842 5.2899 250*0 72.2143 72.3269 72.3852 72.4298 72.4785 72.4912 72.4242
  72.021 72.031 72.0726 71.9368 71.7817 72.1061 72.5718 72.3552 72.3381 72.1919 72.1001 72.1564 72.1792 72.3246 72.4602 72.4909
  72.5439 72.5691 72.4985 72.5096 72.5755 72.6582 72.7242 72.7514 72.7697 72.8426 72.9196 72.9523 72.995 73.0525 73.1009 73.1752
  73.2289 73.2761 73.566 73.3317 73.0734 72.9966 72.6009 72.8728 73.2434 74.1181 73.965 73.938 73.8697 73.8322 73.9746 73.9006
  73.8505 73.8953 73.9216 70.2917 9.19499 5.7349 5.778 5.69611 5.5861 5.52312 5.53807 5.44486 5.44488 5.41193 5.31614 243*0 71.862
  71.8615 4*0 71.9806 72.3272 72.1469 71.9829 72.0008 72.0244 72.0182 72.0201 3*0 71.7601 71.674 72.3526 72.3209 72.4018 72.3793
  72.299 72.326 72.393 72.4296 72.4642 72.5044 72.5975 72.6533 72.5384 72.5366 72.616 72.7298 72.771 72.7772 72.8014 72.8886 72.9162
  72.9672 72.9757 73.0648 73.1158 73.2464 73.2584 73.2822 73.66 73.7797 73.204 72.8825 72.8133 73.2678 73.9899 73.7655 74.0458
  74.0642 73.9632 73.9305 74.0491 74.0474 74.0521 74.0593 74.1598 56.1975 6.74649 5.95598 6.02748 5.78083 5.70119 5.62645 5.76544
  5.58071 5.53384 5.6953 5.87257 5.80944 5.77501 240*0 71.8601 71.8534 5*0 71.9758 71.9774 71.9803 71.982 71.9841 72.001 72.0178
  72.0191 0 72.421 72.4337 72.0112 71.8529 72.4527 72.4112 72.438 72.3739 72.3704 72.2804 72.3505 72.4097 72.4878 72.5737 72.6334
  72.6845 72.5603 72.5849 72.6796 72.7597 72.7663 72.7569 72.8586 72.9062 72.9455 72.9852 73.0069 73.0917 73.1975 73.2361 73.2787
  73.2168 73.6345 73.978 73.5308 72.9026 73.643 74.0322 73.8747 73.785 74.174 74.1386 73.9677 74.1555 74.1544 74.1104 74.1281
  74.1951 58.9408 13.2844 5.99464 6.05906 6.82968 6.23841 6.23539 6.34751 5.98524 5.69383 5.66207 5.77617 6.01188 5.88647 5.75716
  5.48343 235*0 72.8001 72.826 73.2457 8*0 71.9699 71.9718 71.9762 71.9806 71.9825 71.9922 72.0149 72.1133 72.2331 72.3642 72.1581
  72.0017 72.0926 72.4297 72.3937 72.3052 72.3311 72.3056 72.265 72.3062 72.3513 72.478 72.6082 72.6644 72.704 72.5858 72.6128
  72.6979 72.7629 72.784 72.8277 72.895 72.9504 72.9799 73.0074 73.0718 73.1599 73.2515 73.277 73.3085 73.2103 73.4309 73.6533
  73.7819 73.5242 74.0811 74.1275 74.098 73.8219 74.0255 74.0408 74.0956 74.0729 74.2125 74.229 73.7646 40.4012 7.2974 6.10995
  6.21404 6.05419 6.19358 6.37792 6.94531 7.13998 6.06632 5.95069 5.7339 5.84594 6.09597 6.05845 5.94645 5.70968 5.27278 5.54164 2*0
  230*0 72.7806 72.7458 72.7326 72.9382 8*0 71.9658 71.968 71.9712 71.9764 71.9814 72.0112 72.0493 72.068 72.0911 72.1607 72.0634
  72.1707 72.2924 72.399 72.3377 72.255 72.2472 72.2516 72.2854 72.3252 72.3837 72.5331 72.6384 72.6889 72.7287 72.5811 72.619
  72.6682 72.7413 72.7901 72.758 72.8772 72.9721 73.0136 73.0251 73.1295 73.1855 73.2344 73.2939 73.3393 73.2171 73.3326 73.4389
  73.5823 73.7168 73.7696 73.9382 73.8288 73.7394 73.9977 74.1432 74.037 74.0451 74.1684 74.3154 34.6564 5.91482 6.02442 5.94093
  6.17135 5.9581 5.73068 5.87598 6.46671 6.46935 5.94845 6.0591 6.02736 6.11444 6.20183 6.178 6.08004 5.90694 5.61273 5.38731
  5.18813 228*0 72.0461 71.9776 0 72.8716 72.7892 72.8641 3*0 72.54 72.4422 5*0 71.9645 71.9682 72.3476 72.4614 72.321 72.333
  72.3633 72.2576 72.1894 72.2675 72.301 72.2972 72.3136 72.2362 72.2389 72.2559 72.2784 72.3076 72.4022 72.5484 72.5915 72.6225
  72.6594 72.5807 72.5859 72.6408 72.6749 72.7404 72.8115 72.9321 73.1033 73.0639 73.0644 73.0951 73.2167 73.279 73.2085 73.2895
  73.33 73.2896 73.3437 73.3175 73.3882 73.583 73.8194 73.8935 73.9186 73.794 73.8845 74.1488 74.0682 74.0695 74.1517 59.6077
  6.03938 5.90161 5.83193 5.58925 5.63466 5.8098 6.03949 6.00925 6.09633 6.21709 6.21452 6.3148 6.38434 6.34746 6.35856 6.26805
  6.0623 5.52929 5.86826 5.67988 5.64295 5.73856 224*0 72.0943 72.0925 72.0791 72.0505 2*0 73.4766 73.4863 73.4833 2*0 72.4369
  72.4778 72.3878 6*0 72.9226 72.7397 72.4881 72.4239 72.339 72.2882 72.2156 72.2228 72.2599 72.2897 72.319 72.2888 72.2262 72.2461
  72.2574 72.2862 72.3158 72.3528 72.3981 72.4386 72.4759 72.5163 72.5434 72.594 72.6579 72.6995 72.7182 72.8885 73.0529 73.1116
  73.0762 73.2081 73.2484 73.3728 73.1962 73.2213 73.2565 73.3217 73.4056 73.4494 73.4408 73.5025 73.6746 73.8014 73.9148 73.8561
  74.0056 74.1104 74.1362 74.1097 74.1972 74.3237 39.5852 5.88162 5.88384 5.64896 5.52368 5.50803 5.65941 5.81665 6.54843 6.32892
  6.33609 6.53066 6.50752 6.4554 6.31849 6.33269 6.35342 5.7561 5.92661 5.9198 5.94611 6.43328 5.83298 224*0 72.0873 72.0666 72.0482
  5*0 72.6327 0 72.4886 72.5377 72.6892 72.5466 72.985 72.7455 72.3207 0 72.4361 72.7035 72.602 72.5623 72.4681 72.3892 72.2928
  72.2011 72.1824 72.1889 72.2202 72.214 72.2117 72.2156 72.2369 72.2449 72.2583 72.2859 72.3211 72.3581 72.4087 72.4452 72.4752
  72.507 72.5428 72.6064 72.6617 72.7032 72.743 72.9667 73.0378 73.042 73.0133 73.1313 73.1897 73.1879 73.2129 73.2815 73.2968
  73.3431 73.4222 73.4507 73.5842 73.7259 73.7187 73.9365 73.9706 73.961 73.9827 74.2172 74.1774 74.0507 74.1626 74.3057 27.4762
  5.92704 5.91486 5.95753 5.77851 5.60506 5.51893 5.60131 6.33011 6.37669 6.54284 6.70642 6.67407 6.24101 6.20246 6.32709 7.0221
  6.95861 7.08322 6.98652 7.41876 7.61623 232*0 72.6983 72.5907 72.547 72.5073 72.6838 72.7038 72.6137 72.7749 72.7344 72.5013
  72.4296 72.7074 72.4865 72.5496 72.5059 72.3262 72.2406 72.209 72.1907 72.1946 72.1901 72.1984 72.2077 72.214 72.2269 72.2387
  72.2457 72.2579 72.282 72.3142 72.3593 72.3967 72.4287 72.4586 72.4957 72.5454 72.6131 72.6328 72.7105 72.7592 72.8106 72.8502
  72.8579 72.8611 72.9327 73.1043 73.1484 73.2579 73.3447 73.3315 73.3821 73.4558 73.4728 73.6146 73.7433 73.7616 73.8783 73.9242
  73.9063 74.0231 73.9449 74.1511 74.1823 74.213 74.2541 22.0428 5.87846 5.95978 6.096 6.14069 5.83461 5.76046 5.75226 6.47895
  6.48525 6.8766 6.78108 6.54804 6.18009 6.28511 7.23466 8.5134 8.44652 8.05103 7.9743 8.69032 231*0 73.0233 72.7999 72.7482 72.6136
  72.5636 72.7468 72.7771 72.7345 72.5943 72.8115 72.7803 72.4954 72.5808 72.5741 72.5156 72.4366 72.365 72.2465 72.2112 72.1975
  72.1858 72.1773 72.1726 72.1752 72.185 72.2116 72.2171 72.2165 72.225 72.2173 72.2425 72.2616 72.3171 72.3617 72.3921 72.4257
  72.4702 72.5447 72.6089 72.6018 72.7318 72.7762 72.817 72.8559 72.8944 72.969 72.9756 73.0848 73.1696 73.2865 73.3682 73.3574
  73.4337 73.4764 73.5215 73.6136 73.7331 73.7666 73.7185 73.8065 73.9227 74.0102 74.1574 74.3018 74.1771 74.0617 73.4885 11.6356
  5.99828 6.00697 6.10234 6.12498 6.144 6.08621 5.99834 6.60536 6.64644 6.68257 6.53193 6.41846 6.40843 7.06924 8.5709 8.62227
  7.57292 7.31226 9.98514 10.6371 219*0 73.5597 73.5056 10*0 72.9295 72.8387 72.7099 72.7311 72.8126 72.8282 72.803 72.6372 72.6464
  72.2957 72.348 72.5371 72.5289 72.4332 72.3521 72.3219 72.2587 72.2377 72.2236 72.2029 72.1836 72.174 72.1795 72.1883 72.1836
  72.2051 72.1994 72.194 72.2102 72.2094 72.2305 72.2639 72.3021 72.3342 72.3752 72.4151 72.4534 72.5185 72.5568 72.6528 72.7057
  72.769 72.8125 72.8437 72.8952 72.9912 73.0303 73.0516 73.189 73.3304 73.3895 73.4211 73.4303 73.4646 73.6128 73.6667 73.7563
  73.9322 74.0189 74.0579 74.056 74.138 74.2191 74.3076 74.2582 74.0963 74.3202 7.82195 5.96609 6.03006 6.18539 6.27199 6.25167
  6.24065 6.1982 6.53925 6.65176 6.44021 6.73318 7.16478 7.64766 8.04878 7.16121 6.52794 6.13802 6.46527 2.67146 2.69561 214*0
  73.6553 73.6571 73.6544 73.6622 73.6342 73.6147 73.5569 10*0 72.9682 72.8324 72.9463 72.9498 72.8264 72.8124 72.7456 72.6753
  72.4226 72.254 72.3702 72.408 72.3394 72.2976 72.2723 72.2715 72.2596 72.2478 72.2339 72.2109 72.2042 72.1891 72.1892 72.1925
  72.1952 72.2169 72.2019 72.1946 72.2 72.2143 72.2168 72.247 72.2965 72.3282 72.3673 72.4003 72.4656 72.5281 72.5164 72.6641
  72.7063 72.7507 72.8212 72.8723 72.9258 72.9615 73.053 73.0513 73.1893 73.3504 73.4133 73.3452 73.4387 73.4953 73.6329 73.7032
  73.7644 73.892 73.9703 74.0517 74.1058 74.3189 74.2467 74.2572 74.23 74.3153 74.1883 74.2874 6.15021 6.19445 6.32412 6.19819
  6.2779 6.33067 6.34556 6.76569 6.60991 6.63163 6.64458 5.61197 4.78463 5.70349 5.08919 3.66638 2.63865 2.63732 2.66742 2.6926
  2.72671 2.74747 4*0 5.72899 5.66079 5.63154 0 6.79906 201*0 73.7127 73.7157 73.7133 73.702 73.7029 73.7055 73.6965 73.6537 9*0
  72.0201 72.0639 72.6521 72.9636 73.0396 72.8806 72.8164 72.7045 72.4727 72.3233 72.2481 72.3269 72.3577 72.3163 72.3014 72.2989
  72.2898 72.2816 72.2646 72.259 72.2516 72.2263 72.2096 72.193 72.1882 72.1892 72.1943 72.2069 72.1978 72.1851 72.1931 72.2081
  72.2186 72.2443 72.2767 72.3025 72.355 72.3999 72.4715 72.529 72.527 72.5775 72.6926 72.5149 72.8293 72.8895 72.9337 72.9783
  72.8864 73.0606 73.1335 73.266 73.3676 73.3167 73.4516 73.5632 73.6414 73.718 73.7699 73.844 73.9438 74.0811 74.0901 74.2524
  74.2582 74.2601 74.2762 74.3287 74.3926 74.4324 74.4926 74.4566 74.721 6.08251 6.31288 6.35343 6.33064 7.15037 7.17077 6.34536
  5.76597 5.17978 4.93487 5.16027 5.09693 4.96795 2.17338 2.63974 2.6697 2.6986 5*0 6.03918 6.15685 6.02915 5.63873 0 7.77012
  8.31818 5.41312 196*0 73.7487 73.774 73.7805 73.7822 73.7941 2*73.7977 73.7887 73.7624 73.7298 7*0 72.2188 72.1957 72.1753 72.1287
  72.4176 72.4733 72.8217 72.889 72.6057 72.5427 72.4005 72.2892 72.2561 72.3623 72.3561 72.3396 72.344 72.3319 72.3144 72.3056
  72.2958 72.2793 72.2671 72.2496 72.2334 72.207 72.18 72.1727 72.1832 72.2014 72.2041 72.1989 72.1885 72.1893 72.2128 72.2567
  72.2548 72.2742 72.3017 72.3395 72.3791 72.4573 72.5397 72.4306 72.312 72.2127 72.2281 72.2802 72.5992 72.5993 72.2968 72.3103
  72.8337 73.0148 73.1199 73.2708 73.458 73.4317 73.5432 73.6529 73.7255 73.7873 73.8857 73.9611 74.0422 74.1309 74.2162 74.264
  74.4289 74.3137 74.329 74.4122 74.5009 74.4993 74.5314 74.5843 74.5996 74.5312 74.5712 6.11162 6.79442 7.84256 5.98576 5.40105
  5.91767 5.43315 5.34851 5.20193 5.23435 5.42016 2.33336 2.67483 2.69265 4*0 7.21754 7.54513 7.53613 5.99483 2*0 9.27274 7.58257
  5.5516 5.2918 5.30233 192*0 73.7779 73.8167 73.8369 73.8591 73.8706 73.7006 73.2521 73.1309 73.0697 72.9178 72.8862 72.5865
  72.3602 72.3478 72.3219 72.3035 72.2956 72.2777 72.2521 72.237 72.2005 72.1864 72.3466 72.4655 72.5921 72.3758 72.2926 72.2714
  72.2988 72.2469 72.4193 72.4202 72.3806 72.3706 72.3727 72.36 72.3483 72.3303 72.3184 72.306 72.2905 72.2758 72.2524 72.2424
  72.219 72.1855 72.1794 72.1812 72.1866 72.1862 72.1975 72.1896 72.204 72.2275 72.262 72.2671 72.2648 72.2743 72.2627 72.3345
  72.4056 72.5013 72.1966 72.0988 72.161 72.136 72.1675 72.1248 72.0922 71.9686 71.9696 72.0517 72.1715 72.5332 73.1256 73.3143
  73.4549 73.5323 73.6275 73.6759 73.7614 73.8609 73.9791 74.1054 74.2091 74.3134 74.3349 74.2823 74.3532 74.3931 74.4375 74.495
  74.566 74.5255 74.6273 74.6572 74.6607 74.3529 74.0399 74.2287 74.8681 73.4181 5.54944 5.38766 5.58185 5.78567 5.2443 7.48118
  5.51993 0 2.69127 4*0 12.6067 10.7912 10.1604 9.93107 3*0 7.73964 6.12523 5.81414 5.35252 5.45954 5.08489 188*0 74.0088 74.0356
  73.8351 73.8307 73.9246 73.9377 73.9532 73.9513 73.2034 73.0375 72.9996 73.016 72.6994 72.3327 72.1941 72.1793 72.1559 72.2208
  72.3235 72.2493 72.2005 72.3156 72.7042 72.8736 72.6722 72.4131 72.4087 72.3133 72.2323 72.242 72.2506 72.2876 72.4751 72.4922
  72.4461 72.4134 72.393 72.3811 72.3737 72.3661 72.3429 72.3415 72.319 72.2984 72.2818 72.2594 72.242 72.2086 72.194 72.1811
  72.1734 72.1791 72.1927 72.185 72.1688 72.2111 72.2163 72.2403 72.2564 72.2781 72.2951 72.2938 72.3344 72.3796 72.5059 72.1118
  72.0768 72.0942 72.0943 72.0406 71.9666 71.8837 72.2591 72.1653 72.1547 72.1758 72.3972 72.3864 72.8264 73.155 73.8133 74.0486
  73.8815 73.7793 73.9156 74.0363 74.0417 74.1474 74.3817 74.4316 74.4331 74.468 74.3776 74.4899 74.5974 74.5819 74.622 74.6115
  74.6069 74.5362 74.0348 73.5891 74.1004 74.4225 73.8199 73.8381 73.57 73.7931 75.3248 74.2575 3*0 2.70226 2*0 5.63874 9.4601
  11.2744 10.5595 10.3933 10.0763 2*0 5.20391 6.1565 6.04391 5.52728 5.27078 5.37972 5.1555 4.91751 185*0 74.0179 74.0394 74.0512
  74.0643 74.0811 74.0977 74.1113 74.122 74.1266 74.1181 73.7993 73.1187 72.8227 72.2642 72.1921 72.1793 72.1672 72.1529 72.1409
  72.1166 72.1576 72.0919 72.0322 72.2492 72.512 72.5342 72.5153 72.5977 72.5125 72.403 72.3023 72.3097 72.421 72.561 72.5424
  72.5092 72.4853 72.4454 72.4322 72.402 72.39 72.3779 72.364 72.3522 72.3382 72.3123 72.2916 72.2697 72.25 72.2173 72.2014 72.1778
  72.167 72.1722 72.1914 72.1832 72.1899 72.1827 72.1998 72.2219 72.2326 72.2455 72.2472 72.2976 72.3643 72.3916 72.4538 72.0545
  71.9518 71.9574 72.2207 72.097 72.3833 72.6136 72.6614 72.8878 72.8092 72.6855 72.6365 72.5459 72.474 72.5033 73.8405 74.4125
  74.0079 73.8338 73.8906 74.0389 73.9821 74.0477 74.1623 74.4125 74.6052 74.398 74.3567 74.6084 74.6116 74.3379 74.1658 74.2684
  73.9434 74.1196 74.3682 74.8378 75.4602 75.262 75.8745 76.1035 76.6907 78.0627 77.9421 71.6294 0 71.0368 71.0976 71.1243 71.1333
  74.0724 75.3809 77.1605 79.3036 10.5255 10.5241 3*0 4.13992 3.99188 5.04225 5.22306 5.58914 4.98678 5.34046 5.28399 4.82346 11*0
  171*0 74.0062 74.0398 74.0556 74.0784 74.113 74.1777 74.2163 74.2581 74.2722 74.2056 74.1167 74.086 74.123 73.2489 72.588 72.2062
  72.1972 72.1728 72.1605 72.1469 72.5031 72.6975 72.756 72.4637 72.3479 72.5386 72.4737 72.6581 72.9722 72.8887 72.7542 72.5995
  72.6041 72.6292 72.6057 72.5889 72.5739 72.5404 72.5183 72.4873 72.4612 72.4291 72.4137 72.396 72.3638 72.3463 72.3431 72.325
  72.2882 72.2622 72.2329 72.2147 72.2009 72.1918 72.1637 72.1636 72.1647 72.1502 72.149 72.1628 72.1753 72.181 72.1981 72.1836
  72.2101 72.2373 72.3437 72.3629 72.1093 71.9067 71.914 72.1156 72.5006 72.4384 72.4706 72.8117 73.8947 73.411 73.8674 73.2607
  72.4781 72.1788 72.2099 72.309 72.9285 73.653 73.9318 73.7879 73.801 73.8613 73.9266 74.2234 74.3515 74.5475 74.9464 74.2724
  74.1928 73.6147 73.0156 73.5926 74.0728 74.0909 74.0346 74.6877 75.284 77.0327 78.0025 79.1734 79.4966 77.433 77.1374 78.414 2*0
  4*0 74.1055 76.6634 78.7251 77.4252 79.5976 79.3464 79.0018 2*0 71.6008 72.2088 72.4664 73.4281 73.3654 5.28827 4.98721 5.15552
  5.22039 4.77692 4.57432 178*0 73.8757 73.9652 74.0331 74.0516 74.0797 74.1373 74.2162 74.2768 74.3081 74.3391 74.3515 74.2917
  74.1685 74.1883 73.6062 73.3688 72.9234 72.5589 72.2113 72.2018 72.19 72.1688 72.6068 72.8287 72.77 72.7041 72.5576 72.6606
  72.5615 72.7979 72.9669 73.0015 72.9349 72.784 72.7167 72.6773 72.6539 72.6447 72.6242 72.6096 72.5963 72.5667 72.5091 72.492
  72.4479 72.4124 72.3957 72.3729 72.3448 72.3164 72.3191 72.2927 72.2593 72.2348 72.2057 72.1959 72.1819 72.1694 72.1525 72.1377
  72.1066 72.1052 72.118 72.1788 72.1671 72.1759 72.216 72.231 72.2854 72.3175 72.3337 71.9714 71.9128 72.0022 72.4526 72.7324
  72.7858 73.1925 73.8769 73.8377 74.063 73.7352 73.2332 70.3574 70.1496 70.8162 72.2704 72.4823 72.9208 73.4236 73.9776 74.4076
  75.6857 74.1426 73.0726 71.3583 74.412 74.6195 74.0258 73.4299 72.1792 73.8149 77.5574 77.6103 76.2462 76.8885 76.7956 77.5291
  78.8311 80.3997 80.3955 79.6046 78.7222 8*0 75.4123 79.6808 79.5891 77.5968 81.6241 81.5657 3*0 72.6132 72.755 72.7833 73.6102
  73.3311 71.4162 24.0507 5.29549 5.49571 4.76377 4.63212 4.68358 175*0 73.7941 73.8995 73.9969 74.0428 74.0667 74.1238 74.2219
  74.2905 74.338 74.3776 74.3963 73.9321 73.4769 73.3634 73.3 73.359 73.3217 73.1619 72.7946 72.5529 72.4786 72.4478 72.4161 72.6119
  72.7597 72.8673 72.731 72.6083 72.5748 72.6066 72.8359 72.9819 73.0006 72.8891 72.8712 72.8411 72.7776 72.744 72.7307 72.684
  72.6403 72.6317 72.615 72.5772 72.5179 72.4881 72.4545 72.4272 72.4006 72.3852 72.3702 72.3291 72.3134 72.2724 72.2372 72.2366
  72.2065 72.1814 72.1692 72.1615 72.1388 72.1181 72.1038 72.0965 72.1353 72.1595 72.1367 72.1729 72.2105 72.2451 72.3028 72.3159
  72.3668 72.279 72.0184 72.0301 72.4937 72.8953 72.882 73.465 73.7563 73.8362 73.5437 73.3404 71.587 70.2097 70.1101 71.0281
  71.6112 72.5024 73.5801 75.059 75.8505 77.1815 4*0 77.0694 77.4108 75.3998 72.1849 2*0 78.0902 77.6135 79.4813 79.0684 78.3997
  78.4172 78.1617 12*0 75.3218 79.5852 77.7268 76.1837 4*0 73.7998 72.8663 72.5267 73.2477 73.6902 73.309 73.2831 51.8286 6.68919
  4.97067 4.89245 4.87578 4.76721 172*0 73.6186 2*0 73.9229 74.0199 74.0465 73.9297 74.0055 74.2556 74.3422 73.4626 73.8523 74.4212
  73.5262 73.2301 73.4937 73.4724 73.3249 73.2227 73.1154 72.8986 72.6149 72.6211 72.726 72.8024 72.8895 72.861 72.8508 72.7577
  72.6606 72.6038 72.7485 73.048 73.0705 73.0148 72.9086 72.9033 72.894 72.8628 72.8689 72.8528 72.8086 72.747 72.7069 72.6766
  72.6319 72.5894 72.5258 72.4928 72.4573 72.4248 72.3984 72.3937 72.3761 72.3519 72.3144 72.2759 72.2448 72.2293 72.2249 72.1995
  72.1712 72.1454 72.1432 72.1369 72.1216 72.1274 72.1444 72.1544 72.1259 72.182 72.1966 72.2356 72.2717 72.2961 72.3136 72.3248
  72.2081 72.2017 72.8374 72.8689 72.8768 72.8745 73.3969 73.5298 73.504 72.2836 70.9442 70.1988 70.1883 71.0072 71.2991 72.1873
  74.3568 74.4151 12*0 77.2121 77.3023 79.3601 77.8511 77.3922 77.5955 13*0 74.1767 74.1458 74.1171 74.0863 71.2501 0 74.5615
  74.2991 73.6513 72.6404 72.472 73.5081 73.6091 73.4696 73.2973 73.3152 55.8065 7.44006 4.95407 4.82563 4.95664 5.15073 5.39294 2*0
  167*0 73.596 72.8924 73.1894 73.5076 73.5655 73.6573 73.7104 73.8174 73.7833 73.7788 73.1788 73.1775 73.1711 73.1319 73.1971
  73.2897 73.3073 73.422 73.3402 73.4268 73.1586 72.9752 72.9541 72.9693 72.8965 73.1005 73.1936 72.8506 72.7037 72.6718 72.6309
  72.9364 73.1575 73.1632 73.0958 72.9606 72.9496 72.9346 73.0134 73.0746 73.0633 72.9728 72.8988 72.7851 72.7681 72.7385 72.6781
  72.5933 72.5479 72.4871 72.4635 72.444 72.4245 72.3969 72.3707 72.358 72.3402 72.2997 72.2608 72.2376 72.203 72.1986 72.1712
  72.1454 72.1244 72.1131 72.1068 72.1209 72.1479 72.159 72.1609 72.1776 72.1827 72.2146 72.2463 72.2895 72.3447 72.3924 72.1937
  72.0757 72.4309 72.5747 72.9105 72.8844 73.233 73.4922 73.5092 70.8119 70.3042 70.182 70.1675 71.1517 71.9876 83.834 8*0 85.5514
  85.5786 85.6601 22*0 74.2065 74.1644 74.1298 74.1068 0 73.9933 74.0085 73.7133 72.8777 72.5219 73.019 73.4719 73.6867 73.2375
  72.2815 72.2592 72.3631 52.4174 7.65269 4.93952 5.39185 5.64291 5.35549 5.13025 4.82654 5.01255 162*0 72.7736 73.4846 73.5061
  73.5763 73.3209 72.9797 73.1972 73.3133 73.3838 73.695 73.7422 73.3607 73.4928 73.1225 73.0682 73.2274 73.2134 73.2461 73.2747
  73.3259 73.3405 73.4622 73.6249 73.4394 73.2091 73.1561 73.0892 73.033 73.2448 73.3146 73.2769 72.9571 72.9757 72.9408 72.9561
  73.0732 73.2066 73.1649 73.0974 73.0094 73.0682 73.137 73.2807 73.2236 73.1553 73.0329 72.8675 72.8017 72.7675 72.7368 72.6658
  72.5976 72.5424 72.4911 72.4532 72.434 72.4171 72.3819 72.3724 72.3456 72.3245 72.3013 72.2508 72.2339 72.1815 72.1906 72.183
  72.1583 72.1255 72.1145 72.1195 72.13 72.1436 72.1505 72.1513 72.1608 72.1671 72.1993 72.2615 72.2909 72.345 72.4032 72.3069
  72.2898 72.4027 72.5226 72.456 73.0464 73.7088 73.4797 72.8056 70.1986 70.1919 0 70.6507 10*0 85.5602 85.5656 85.6401 85.7744 2*0
  20*0 74.2218 74.1854 74.1414 2*0 74.1617 73.6268 72.8507 72.5077 72.3598 72.7296 74.1085 73.8371 72.0995 72.0661 72.0425 72.3456
  72.4911 37.753 5.3835 5.56048 5.55251 5.00575 4.88285 5.02988 4.96323 4.82794 4.73631 4.58902 157*0 72.3006 72.6057 72.804 72.9329
  73.2825 73.6351 73.2963 73.0584 72.9564 73.0167 73.0521 73.1693 73.4222 73.3178 73.2424 73.2483 73.3834 73.374 73.4892 73.3724
  73.3929 73.457 73.6271 73.6168 73.6307 73.5471 73.3629 73.3149 73.2161 73.2921 73.4269 73.4137 73.369 73.1204 73.0641 73.0146
  72.9247 73.0812 73.2746 73.201 73.1706 72.9899 73.1336 73.2108 73.2771 73.2097 73.0976 72.9657 72.8691 72.7988 72.7199 72.686
  72.648 72.5914 72.5375 72.4967 72.4367 72.4279 72.3891 72.3779 72.3657 72.3409 72.3105 72.3009 72.2741 72.2414 72.1901 72.178
  72.1796 72.1697 72.1351 72.114 72.1187 72.1186 72.1218 72.1332 72.1404 72.1489 72.1756 72.213 72.2576 72.299 72.3385 72.4199
  72.4525 72.5305 72.5929 72.9399 72.607 72.7786 73.2924 73.1318 70.1986 14*0 84.2398 82.872 83.0255 83.5833 26*0 74.081 73.6668
  73.63 72.4545 72.2055 72.1514 72.2448 73.033 72.5293 72.0849 72.0818 72.3667 72.7599 73.851 72.7106 23.8627 7.055 5.88843 5.17021
  5.03862 5.07465 5.04957 4.85987 4.64949 4.61221 4.67748 4.53742 153*0 72.4817 72.3183 72.3209 72.6744 72.8573 72.916 73.03 73.4707
  73.3867 72.9406 73.0063 73.0321 73.0381 73.0189 72.7473 72.7244 73.1951 73.3745 73.4393 73.5432 73.6714 73.7024 73.6256 73.631
  73.6798 73.549 73.5453 73.4478 73.3742 73.3626 73.3594 73.4353 73.4788 73.4667 73.2913 73.0037 73.0185 72.9353 72.9547 73.0802
  73.3011 73.3406 73.1772 73.0587 73.242 73.1616 73.0831 73.0265 72.9699 72.9156 72.8478 72.7849 72.761 72.7033 72.6459 72.5968
  72.5697 72.5179 72.4671 72.4244 72.3868 72.3758 72.3703 72.3485 72.3036 72.284 72.2776 72.2602 72.1937 72.1813 72.1774 72.1756
  72.1494 72.1166 72.1152 72.1187 72.1112 72.1198 72.1229 72.138 72.2043 72.2097 72.2278 72.2796 72.3598 72.3439 72.4112 72.4983
  72.5666 72.9235 73.3821 72.4355 72.8309 72.2655 71.8955 6*0 15.8223 16.029 6*0 81.5484 81.9735 81.0301 2*0 80.59 80.7797 80.2668 0
  20*0 73.0447 73.5772 73.4132 73.2101 72.2647 72.1977 72.1924 72.497 73.012 72.4659 72.1559 72.5848 75.04 76.0872 74.4116 74.3252
  68.9111 7.72461 6.21751 5.62541 5.18337 5.11419 5.03709 4.76681 4.70471 4.80801 4.41964 3.92632 3.78525 3.98848 148*0 72.3941
  72.4604 72.5739 72.6279 72.7191 72.7111 72.8329 72.9056 72.9814 73.0088 72.9943 72.8991 73.0105 73.0082 73.0208 73.0438 73.02
  72.9908 73.0973 73.3326 73.4387 73.5375 73.5921 73.7204 73.8005 73.7974 73.5921 73.5223 73.5627 73.5559 73.5405 73.5366 73.4839
  73.4858 73.5146 73.5185 73.5046 73.1914 73.3061 73.1254 72.9374 73.1627 73.0659 73.0322 73.1196 73.0501 73.2977 73.2926 73.2542
  73.14 73.0692 73.0086 72.9403 72.8722 72.8284 72.7802 72.7238 72.6675 72.588 72.5907 72.5594 72.5153 72.4555 72.4047 72.4107
  72.4138 72.4576 72.4235 72.2844 72.261 72.2354 72.2077 72.1677 72.1606 72.1743 72.1828 72.1593 72.1046 72.0944 72.0935 72.1236
  72.1064 72.1196 72.1605 72.1804 72.2125 72.2775 72.3378 72.3167 72.3719 72.4403 72.5068 72.761 73.3674 73.2558 72.5608 72.3457
  71.4076 4*0 15.3273 15.5079 15.8453 16.063 3*0 3.05706 3.06305 0 12.0312 10.6503 10.9778 11.5755 11.567 11.707 11.8648 11.5184 2*0
  13*0 71.7593 71.8568 73.4579 0 71.2305 73.1965 73.0892 73.4668 73.7136 73.5805 72.8515 73.3463 73.4335 73.9111 73.8714 73.2253
  72.2993 75.3278 76.332 76.1757 75.1677 74.6408 75.1726 40.5692 6.50673 6.0035 5.4948 5.36204 5.25348 4.88698 3.98483 3.71781
  3.21059 3.35493 3.53151 4.03432 3.81789 145*0 72.3159 72.3643 72.4352 72.5125 72.5919 72.6635 72.7183 72.7993 72.8603 72.9301
  73.071 73.0161 73.03 73.0355 73.073 73.034 73.0874 73.1367 73.1727 73.3366 73.3977 73.4576 73.5018 73.5391 73.5594 73.5878 73.5647
  73.527 73.4982 73.5412 73.586 73.6134 73.6438 73.5831 73.5171 73.5679 73.5898 73.6078 73.5066 73.3082 73.3643 73.3121 73.2424
  73.2961 73.0275 72.8852 72.8482 73.0238 73.2306 73.2877 73.2518 73.1813 73.1096 73.154 73.0851 72.9184 72.8696 72.8076 72.7416
  72.6879 72.5319 72.4071 72.5666 72.5167 72.4786 72.5734 72.5305 72.4904 72.4777 72.4467 72.2971 72.2685 72.2172 72.1928 72.1703
  72.1618 72.1954 72.2083 72.1834 72.1226 72.0793 72.0956 72.0997 72.073 72.125 72.1419 72.1329 72.1801 72.2422 72.3049 72.3342
  72.3596 72.3987 72.4516 72.5535 71.7831 61.2399 40.3935 21.3815 12.9703 6.385 6.54322 2*0 15.3311 15.517 15.8662 3*0 2.9983
  3.02168 3.04547 3.04585 10.0142 10.3567 10.7989 10.9574 11.3218 11.1043 11.5521 12.191 10.0124 5.31222 5.33151 3*0 2.81919 3*0
  5.3177 5.26642 2*0 3.36618 3.04118 0 73.4711 73.4649 0 73.2867 72.4214 72.3802 72.694 74.0693 72.9142 74.0391 74.0259 73.9337
  73.8622 73.7338 76.0832 76.5367 76.4934 76.1473 75.3665 75.0533 75.2184 72.2314 7.18187 6.27281 6.1284 5.45859 5.42692 4.06056
  3.33745 3.0571 3.031 3.05823 3.44097 3.56781 3.67252 3.55079 3.41729 140*0 72.1265 72.1634 72.2617 72.3404 72.3967 72.4881 72.5841
  72.6428 72.7125 72.833 73.0265 73.0906 73.2143 73.2333 73.1166 73.2012 73.2566 73.2156 73.1416 73.2322 73.2595 73.338 73.3767
  73.4897 73.5238 73.5622 73.5936 73.5596 73.5263 73.5248 73.6097 73.7012 73.6284 73.6604 73.6234 73.5709 73.5416 73.569 73.621
  73.6449 73.5999 73.5389 73.3256 73.2596 73.2007 73.0936 73.0785 73.0985 72.9601 72.9916 73.2137 73.2631 73.2928 73.2437 73.2101
  73.1396 73.0862 73.0292 72.9585 72.9012 72.8384 72.766 72.7251 72.6287 72.4173 72.6433 72.6028 72.5704 72.6077 72.5742 72.5329
  72.4875 72.4241 72.3144 72.2676 72.2141 72.1847 72.1678 72.163 72.1653 72.1607 72.115 72.1024 72.078 72.0576 72.0453 72.1457
  72.1481 72.0889 72.0989 72.1728 72.2117 72.2778 72.3292 72.3696 72.3747 67.9312 41.6071 15.5447 4.81264 4.48925 4.68205 5.71108
  6.24424 7.12748 1.73837 0 15.3261 10.1507 8.04377 8.0662 9.39974 2.92694 3.1695 3.47667 3.01331 10.279 10.0967 10.3255 10.6438
  10.8072 11.2011 11.3755 10.0769 9.54933 9.9052 9.85072 8.45744 3.96062 2.08698 4*0 4.36784 4.82673 5.21706 3.75691 3.17363 2.84143
  2.4604 3.92156 5.06807 5.06417 0 3.7043 4.17569 4.30784 72.7595 72.5842 72.5822 73.0263 72.8787 72.7073 73.4512 73.2045 73.9117
  74.8598 75.8627 77.6507 75.932 76.1179 76.9319 70.4477 8.30145 7.43485 6.94594 5.52078 5.33972 4.6987 4.27855 3.70875 3.57685
  3.4478 3.49244 3.45094 3.41992 3.56988 3.71304 3.58588 137*0 72.0953 72.1118 72.1458 72.2104 72.3188 72.3736 72.4434 72.539
  72.6138 72.7102 72.8453 73.0157 73.1138 73.1905 73.2868 73.144 73.185 73.2541 73.2767 73.2323 73.2882 73.257 73.3153 73.3792
  73.4848 73.5599 73.578 73.6203 73.6845 73.6449 73.6054 73.59 73.6553 73.7322 73.6447 73.5051 73.4872 73.523 73.6916 73.867 73.8667
  73.7979 73.749 73.6263 73.4261 73.2235 73.0741 73.0103 72.9621 72.9395 73.2312 73.3186 73.2881 73.2643 73.2399 73.2616 73.2546
  73.1923 73.1249 73.048 72.9902 72.9458 72.8765 72.8074 72.7592 72.7145 72.4604 72.5356 72.617 72.5966 72.6344 72.5977 72.5437
  72.4788 72.3555 72.2936 72.24 72.2174 72.1779 72.1278 72.1687 72.1432 72.0872 72.0752 72.0678 72.0508 72.0244 72.1164 72.2556
  72.1669 72.0518 72.0744 72.1199 72.19 72.2455 72.2627 72.294 51.4168 13.3166 4.13695 4.24256 4.3189 4.53021 4.53544 4.61151
  5.20899 6.21259 6.15402 0 13.0799 7.06677 8.66774 9.00612 7.656 5.38502 4.50985 6.23096 9.20962 10.2648 10.5457 9.19885 8.91495
  7.71173 8.66912 9.24341 9.26263 9.44331 9.82891 8.59136 7.82168 7.35406 4*0 11.5854 9.08701 6.8043 5.2026 5.14588 4.08317 3.31048
  3.49672 3.87358 5.27528 3.40189 3.26228 3.86725 4.184 4.06514 4.82407 4.30267 5.79021 6.79611 4.65742 72.5916 72.8624 72.7636
  72.5934 72.8843 72.4479 74.1286 77.2815 77.4171 65.0831 74.261 2*0 8.34468 6.3725 5.72764 4.57635 4.28156 4.03121 3.67409 3.54039
  3.56938 3.56299 3.51512 3.59734 3.59922 3.48706 3.51654 134*0 72.1013 72.0997 72.1053 72.124 72.1651 72.242 72.3413 72.403 72.4911
  72.511 72.5352 72.6047 72.8735 73.0789 73.1536 73.1582 73.1488 73.2176 73.2777 73.2926 73.2021 73.2626 73.2244 73.288 73.3688
  73.4477 73.5934 73.6885 73.7131 73.696 73.7579 73.6322 73.6005 73.6962 73.6704 73.7383 73.6137 73.5468 73.5314 73.6097 73.5822
  73.5912 73.5926 73.6087 73.5626 73.5654 73.5482 73.4974 73.4665 73.4385 73.2621 73.2668 73.3359 73.3357 73.3137 73.2929 73.2694
  73.2595 73.2572 73.1978 73.1301 73.0574 73.0298 72.9759 72.9497 72.9172 72.8537 72.7796 72.6623 72.6377 72.6237 72.6588 72.6671
  72.5591 72.5232 72.3862 72.3169 72.2731 72.2544 72.1962 72.1397 72.1842 72.1427 72.1056 72.0607 72.0435 72.0979 72.0176 72.0179
  72.2278 72.2909 72.1013 72.0206 72.0498 72.0894 72.1567 72.1987 71.733 36.4159 4.57325 4.0347 4.12472 4.14982 4.25364 4.42659
  4.49921 4.53532 4.85542 5.97 12.094 15.0204 12.9689 9.46016 8.10948 7.98972 7.6213 5.13063 9.28285 7.61853 5.09932 5.35751 4.5922
  4.64568 7.31066 8.44954 8.53383 8.24294 8.12254 8.68397 8.74522 8.52482 8.0403 7.84729 6.70322 12.5189 18.3793 9.67658 9.94907
  7.89057 8.08982 6.79439 4.92064 5.14025 4.86605 4.39668 4.86246 4.5022 3.51814 3.8611 4.10631 4.08633 4.09004 3.79333 5.8063
  5.96279 6.3921 5.81081 4.94882 4.09818 5.51732 4.95126 3.91001 4.23699 72.5818 74.2824 41.812 5.21187 3.96703 5.04376 5.06386
  4.56451 7.14829 6.01443 4.03969 3.97783 3.90678 3.71294 3.57768 3.51869 3.44418 3.5482 3.79703 2*0 3.42591 3.43272 3.5117 129*0
  72.0979 72.091 72.1015 72.1098 72.1119 72.1224 72.1389 72.1725 72.225 72.3681 72.4379 72.4841 72.4519 72.5057 72.6008 72.681
  73.1035 73.0774 73.0994 73.1963 73.2768 73.3218 73.2332 73.2108 73.1934 73.2695 73.3437 73.4325 73.5759 73.6897 73.7771 73.7748
  73.7055 73.5826 73.6403 73.646 73.6519 73.6799 73.6528 73.6258 73.6134 73.6208 73.694 73.6697 73.6394 73.6269 73.6119 73.6256
  73.6297 73.6015 73.5557 73.5267 73.5029 73.4256 73.3912 73.3624 73.3502 73.3321 73.302 73.263 73.2424 73.2133 73.1832 73.1401
  73.0649 73.0401 72.9983 73.0018 72.9258 72.8847 72.8323 72.7749 72.7207 72.648 72.6976 72.6332 72.5227 72.4059 72.3727 72.32
  72.285 72.2639 72.202 72.2027 72.1478 72.0892 72.0581 72.0234 72.0102 72.073 72.0599 72.0549 72.1225 72.165 72.097 71.9874 72.0008
  72.0278 72.0905 70.0932 31.1523 3.90006 3.93329 4.03702 4.07517 4.16499 4.24358 4.30822 4.36268 4.51247 4.79968 5.28082 6.19763
  12.6149 15.2346 8.07883 7.70019 7.18135 7.10799 6.18895 5.17935 4.80775 5.22344 4.23376 3.43411 6.39786 7.62398 7.49954 7.58249
  7.81146 7.66848 7.10691 6.94685 7.06585 7.23775 7.28801 7.54345 8.402 12.1874 9.65627 9.42638 8.27515 7.87897 6.68868 4.27329
  4.92903 4.83698 3.95017 3.99107 4.25779 4.27291 4.30446 4.27167 4.19785 4.15675 5.20004 5.71053 5.06414 5.16023 5.70651 5.40131
  5.46719 5.41219 5.75638 5.19881 4.26297 4.49715 5.33292 4.63034 5.02264 4.64528 4.85621 4.94517 4.50854 5.27981 4.63257 3.76258
  3.78047 3.65126 3.77217 3.79886 3.5295 3.29671 3.25023 2*0 3.37787 3.20016 3.73939 33.8583 69.5887 71.7356 125*0 72.0869 72.089
  72.1049 72.1031 72.1118 72.1204 72.1249 72.1444 72.1933 72.2488 72.2645 72.3123 72.392 72.4196 72.4588 72.517 72.6313 72.7871
  72.9767 73.0592 73.1421 73.1837 73.2258 73.2847 73.228 73.1812 73.2323 73.3037 73.4275 73.4848 73.6076 73.7456 73.7434 73.7326
  73.6217 73.6405 73.6546 73.7002 73.7075 73.6713 73.6654 73.6716 73.674 73.7445 73.7147 73.7165 73.6948 73.6742 73.6713 73.6809
  73.6524 73.6373 73.6136 73.5897 73.5644 73.5117 73.4465 73.3942 73.3734 73.3228 73.2788 73.2725 73.2548 73.2039 73.1803 73.1053
  73.0686 73.0507 72.8755 72.8751 72.9142 72.9055 72.8478 72.7883 72.7037 72.6498 72.7651 72.6002 72.4505 72.3996 72.3868 72.3424
  72.2676 72.2404 72.2339 72.1676 72.1181 72.061 72.0281 71.9913 72.136 72.3407 72.2332 72.1357 72.0891 72.153 72.1729 72.1789
  72.0404 71.9811 63.239 19.2129 3.79146 3.83165 3.90796 3.94792 4.04423 4.0596 3.90649 4.02189 4.25526 4.4172 4.55556 4.7831
  5.17148 6.22267 7.77114 7.54524 6.88779 6.03965 4.71499 4.28119 4.07713 4.50809 5.0838 4.43298 3.44965 7.31304 7.69154 7.13772
  7.17602 8.57178 7.26542 6.90992 6.94008 7.01341 7.33137 7.48131 7.47066 8.46605 8.73856 8.04452 8.44473 8.62171 7.38955 5.45379
  4.36147 4.18329 4.11274 4.0199 4.12678 4.49673 4.9823 4.37514 4.14496 4.3159 4.61637 5.73437 4.84787 5.4767 5.15249 5.0472 5.09475
  5.136 5.07668 5.2108 5.37212 5.62305 4.88819 4.23338 4.00012 5.57142 5.46217 5.11561 4.5334 4.46861 3.79935 3.648 3.63076 3.66463
  3.51461 3.9537 3.43158 4.06489 3.08455 3.96363 3.8788 2.96756 3.08708 3.20842 23.864 71.61 71.4032 71.5417 71.7116 71.7359 71.7702
  120*0 72.08 72.0725 72.0848 72.0979 72.1116 72.1321 72.1362 72.1537 72.1311 72.1787 72.2452 72.283 72.2973 72.3264 72.3745 72.4017
  72.4813 72.557 72.6829 72.959 73.019 73.0661 73.126 73.1893 73.1952 73.2349 73.2409 73.2631 73.2941 73.3388 73.4694 73.5814
  73.6451 73.7094 73.726 73.621 73.6611 73.6582 73.7186 73.7477 73.757 73.784 73.7823 73.7865 73.785 73.8042 73.799 73.8131 73.7555
  73.7464 73.7223 73.7178 73.6993 73.6713 73.6509 73.6199 73.587 73.5556 73.46 73.398 73.3749 73.3444 73.3055 73.3034 73.2567
  73.2227 73.1854 73.1408 73.0886 72.9017 72.7858 72.8185 72.8908 72.9627 72.8964 72.7965 72.6188 72.5215 72.6987 72.5818 72.4
  72.3838 72.3295 72.2908 72.2251 72.2167 72.2406 72.2058 72.1552 72.1591 72.2199 72.385 72.2829 72.2646 72.1376 72.1316 72.1105
  72.111 72.1228 72.1363 70.8186 42.3811 8.02893 3.7092 3.73916 3.78979 3.87299 3.90121 3.73573 3.89576 3.92012 4.1641 4.2329
  4.30203 4.39303 4.41308 4.47372 5.11892 5.995 6.64895 5.95295 4.75277 4.05805 4.10701 4.09805 4.67491 4.55572 4.56078 4.49048
  6.06742 5.68158 5.86831 6.58282 7.42727 6.84034 6.98829 7.24698 7.4571 7.63444 7.72339 7.92104 8.97221 8.83312 8.86378 8.53948
  8.44046 8.6083 5.34818 4.54657 4.34561 4.36931 4.32959 6.31516 6.58143 6.29801 5.76537 4.13815 4.68144 4.52398 4.57734 4.46114
  4.84621 5.57156 5.37019 5.083 5.21278 5.50575 5.50665 5.62712 5.02941 5.44615 5.25096 4.98907 4.86621 4.61732 4.4288 3.59574
  3.76601 3.66201 3.44932 3.45581 3.56486 3.56575 3.25593 3.39736 3.33169 2.97163 3.02079 3.01963 2.99372 3.02495 2.99383 2.95918
  2.96921 71.4029 71.9224 72.0552 71.8959 71.8046 71.7417 0 71.9833 114*0 72.0786 72.074 72.0838 72.084 72.0909 72.1041 72.1197
  72.128 72.1503 72.1632 72.1665 72.173 72.2356 72.2863 72.3039 72.3338 72.3536 72.3949 72.4512 72.54 72.608 72.7819 72.9373 72.9906
  73.0756 73.0735 73.123 73.1625 73.2169 73.3026 73.3046 73.3433 73.3781 73.4844 73.5988 73.6857 73.6622 73.6178 73.6697 73.6867
  73.6749 73.7209 73.8292 73.8485 73.8412 73.8385 73.8762 73.892 73.8687 73.8898 73.8607 73.9128 73.9224 73.7841 73.7825 73.7731
  73.7432 73.7008 73.628 73.5801 73.5596 73.5226 73.4373 73.402 73.3504 73.3361 73.339 73.3055 73.2692 73.2409 73.1377 72.959 72.841
  72.8683 72.8074 72.9936 72.9856 72.9236 72.81 72.5352 72.306 72.6604 72.5841 72.4819 72.3684 72.3107 72.3835 72.3004 72.3382
  72.2873 72.2471 72.2029 72.3383 72.3106 72.4031 72.2428 72.0987 72.094 72.0995 72.0988 72.09 66.2622 42.0934 13.5739 3.66001
  3.59561 3.63177 3.67804 3.73546 3.74682 3.66779 3.8565 3.90388 4.15119 4.10317 4.15475 4.23908 4.2688 4.29831 4.51603 5.05666
  5.509 6.11932 6.50889 4.76454 3.89297 3.76516 4.27405 4.41952 4.46428 4.43254 4.35157 4.4599 4.61612 5.5001 6.97527 7.14991
  6.79291 6.99978 7.22499 7.49744 7.87897 8.97965 11.383 9.35945 9.00098 9.29245 8.77412 9.29996 9.66741 8.56675 6.56138 5.8165
  5.24441 6.21689 6.05748 6.07448 5.90779 4.93241 4.48057 4.65985 4.7006 4.70592 4.70199 5.32274 5.1952 5.11839 5.17182 5.01498
  4.99665 4.98627 5.0485 4.89992 5.41788 4.93387 4.56085 4.53948 4.52572 4.26068 3.73946 3.42027 3.30522 3.58494 3.33432 3.46677
  3.18261 3.1669 3.16508 3.07269 3.00251 3.02235 3.03209 3.0836 3.56715 3.57845 3.09965 3.01829 3.09684 3.22946 3.63181 3.63583
  3.57954 3.67407 0 71.9833 71.9863 111*0 72.0879 72.0862 72.0832 72.0865 72.0902 72.0883 72.1015 72.1099 72.1289 72.1521 72.171
  72.182 72.2433 72.2693 72.2968 72.3166 72.3259 72.3584 72.4018 72.4207 72.511 72.5842 72.5409 72.7378 72.7777 72.9171 72.9603
  73.0285 73.1406 73.1696 73.2045 73.2812 73.2745 73.3498 73.402 73.4691 73.5171 73.57 73.6305 73.6792 73.664 73.599 73.5538 73.5625
  73.8554 73.9312 73.9334 73.9181 73.9417 73.9395 73.9492 73.9816 73.9704 73.9334 73.8778 73.836 73.8155 73.8357 73.7865 73.7217
  73.6633 73.6443 73.6229 73.5833 73.491 73.445 73.4092 73.3863 73.3689 73.3704 73.2733 73.1507 72.9821 72.9139 72.9478 72.8817
  72.8084 73.042 72.9972 72.9289 72.7995 72.6636 72.6449 72.6873 72.6189 72.5504 72.4228 72.4378 72.4106 72.4317 72.441 72.4194
  72.3118 72.3367 72.2629 72.1585 72.1346 72.1251 72.0695 71.7848 57.8413 36.6723 15.3463 3.73417 3.59275 3.60707 3.61208 3.54465
  3.54944 3.57608 3.47995 3.83811 3.73357 3.9727 4.02807 3.89393 4.06177 4.13702 4.19253 4.24292 4.25753 4.71653 5.15354 5.31332
  5.59955 5.92146 5.98095 5.22296 4.30031 4.22517 4.20187 4.35336 4.29611 4.26843 4.26152 4.90129 6.55892 7.03068 6.83298 7.43393
  7.65376 7.6101 7.94182 9.40993 11.6931 11.0278 11.3902 10.5554 10.4596 10.3922 10.4753 10.503 10.1746 8.87602 5.64496 4.90271
  6.10236 6.16358 6.03488 5.16223 4.573 4.58255 4.70515 4.71467 4.99602 5.66108 5.61126 5.46798 5.30223 5.3033 4.98208 4.89873
  4.94267 4.9987 4.92256 4.86305 4.69185 4.63093 4.63708 4.35899 4.40728 4.05846 3.32892 3.23236 3.26378 3.38139 3.26086 3.02393
  3.18526 3.19816 3.18823 3.19671 3.1427 3.13336 3.04717 2.85968 3.58523 3.88913 0 3.63295 3.92265 3*0 3.68626 4.19528 39.9757 2*0
  108*0 72.09 72.092 72.0888 72.089 72.0886 72.0986 72.1025 72.1047 72.1094 72.1153 72.1369 72.1669 72.1817 72.2708 72.2871 72.3071
  72.3225 72.3431 72.3768 72.4082 72.4387 72.4623 72.5613 72.622 72.6158 72.6546 72.7296 72.835 72.9731 73.0911 73.2025 73.2274
  73.2574 73.3119 73.3273 73.4063 73.457 73.5167 73.5711 73.6272 73.6896 73.5779 73.5432 73.5718 73.5974 73.6277 73.7987 74.0011
  74.0059 73.9843 73.9977 73.9925 74.0071 74.0032 74.0263 74.0122 74.012 73.9434 73.8839 73.866 73.8618 73.8044 73.7362 73.7211
  73.6973 73.6504 73.5484 73.4786 73.4619 73.441 73.4359 73.3843 73.1125 73.0375 72.9985 73.0544 72.9776 72.9028 72.8239 72.8962
  72.9996 72.8994 72.7908 72.8816 72.8104 72.714 72.6217 72.541 72.4949 72.4802 72.4632 72.4443 72.4658 72.3976 72.3364 72.3025
  72.2274 71.9537 72.091 59.8448 34.8273 10.1492 3.75583 3.68745 3.6041 3.64519 3.55491 3.58505 3.57977 3.39529 3.62999 3.63657
  3.5776 3.68814 3.77736 3.80565 3.62164 3.74468 4.02816 4.08113 4.12085 4.17489 4.26383 4.56915 4.85049 5.08845 5.29534 5.44608
  5.50652 4.93626 4.10364 4.12797 4.12901 4.23828 4.20194 4.16733 4.24696 4.89058 6.61104 6.65098 7.9755 9.0199 9.28027 9.54335
  10.8038 12.6144 13.942 14.77 15.2023 11.6321 10.8495 10.702 11.2771 10.2497 10.26 10.2213 5.00872 4.31606 6.69205 8.02415 7.82797
  6.49738 6.06757 6.03389 6.28308 6.14692 6.47984 6.59158 6.02338 6.2229 5.9258 5.46833 5.05315 4.87148 5.22539 5.26197 4.8815
  4.74245 4.57815 4.53978 4.74133 4.36897 4.38113 3.65448 3.42826 3.32621 3.33401 3.37037 3.2246 2.98457 2.91564 3.03322 3.20184
  3.17529 3.16084 3.13258 3.10192 3.04485 3.50037 3.61316 3.62121 3.64013 3.99225 2*0 3.67971 3.68815 4.07501 19.4218 107*0 72.0668
  72.1142 72.0974 72.102 72.0996 72.0929 72.0891 72.0913 72.1027 72.1051 72.115 72.1552 72.1799 72.2015 72.1897 72.2408 72.3066
  72.3411 72.3525 72.3738 72.3868 72.4085 72.4379 72.452 72.4946 72.6098 72.7505 72.6951 72.6468 72.868 72.9649 73.0567 73.1613
  73.2525 73.2847 73.3081 73.3523 73.3834 73.4425 73.5019 73.5524 73.6307 73.6486 73.5419 73.5491 73.5991 73.6152 73.6581 73.701
  73.7697 74.0097 74.0898 74.092 74.0872 74.0775 74.0644 74.0648 74.0753 74.091 74.1136 73.9746 73.985 73.9816 73.9009 73.758
  73.7363 73.7886 73.7689 73.711 73.6493 73.5858 73.5368 73.5174 73.4674 73.2507 73.1163 73.0811 73.0635 73.0935 73.0177 72.918
  72.8496 72.8218 72.6749 72.5768 72.9453 72.9301 72.9003 72.7618 72.6458 72.5311 72.4843 72.479 72.5018 72.6014 72.4743 72.2818
  72.2421 72.237 69.8383 31.162 17.0879 3.80548 3.7799 3.75566 3.72754 3.69802 3.66974 3.58421 3.49894 3.50792 3.4477 3.2912 3.52925
  3.58487 3.56306 3.53207 3.65288 3.57913 3.62608 3.85444 3.98507 4.05077 4.04865 4.1213 4.184 4.34954 4.6919 4.9381 5.19083 5.30823
  5.34807 4.8467 4.12408 4.14034 4.1262 4.12333 4.11252 4.0712 4.08549 4.68181 6.59203 7.83115 9.10523 9.53993 9.10312 9.89099
  12.0138 15.6952 15.7141 15.7534 15.7858 11.4412 10.7714 10.3332 10.6661 10.4926 10.7307 9.65072 7.36389 8.13542 9.13704 7.98126
  7.48178 7.27503 6.3429 6.31176 6.99004 6.86164 7.40687 6.85861 6.55436 6.23723 5.96874 5.69962 4.97568 4.95835 4.87389 5.09977
  4.86116 4.79784 4.61355 4.64316 4.56598 4.67813 4.51403 4.12487 4.15007 3.78412 3.62714 3.53588 3.23721 2.92588 3.0352 2.92027
  3.17851 3.21235 3.12361 3.08755 3.25999 3.01031 3.49843 3.6098 3.61872 0 4.16446 3.65117 0 3.67701 3.68751 3.86532 4.21787 72.3745
  104*0 3*72.0194 72.1143 72.1208 72.1136 72.1087 72.1093 72.1054 72.1117 72.1541 72.1782 72.2183 72.2193 72.2162 72.2132 72.2191
  72.291 72.3507 72.3847 72.3972 72.4551 72.4663 72.5111 72.5579 72.5231 72.6084 72.8012 72.8816 72.7959 72.8514 72.8834 72.9389
  73.067 73.1227 73.121 73.1643 73.2529 73.3814 73.4247 73.478 73.5631 73.5923 73.639 73.5177 73.4719 73.5325 73.5687 73.6033
  73.6454 73.7158 73.8383 73.9459 74.1602 74.1634 74.1714 74.1374 74.1128 74.1301 74.1404 74.1302 74.0975 74.0662 74.06 73.9963
  73.839 73.7267 73.6465 73.7727 73.8409 73.7779 73.7366 73.7053 73.5509 73.5033 73.3137 73.2222 73.2026 73.207 73.1465 73.0708
  73.0543 72.9587 72.8516 72.8614 72.7016 72.7566 72.9828 72.928 72.8999 72.9309 72.8717 72.6076 72.5273 72.5194 72.5509 72.4367
  72.2942 72.191 61.5916 25.008 10.7506 3.77964 3.81584 3.76367 3.57712 3.66831 3.69949 3.64126 3.55639 3.46328 3.43092 3.35376
  3.37516 3.35997 3.34492 3.38318 3.47839 3.54449 3.6139 3.64907 3.76791 3.806 3.89537 3.97955 3.96674 4.02236 4.09708 4.21474
  4.53704 4.96842 4.99826 5.22524 4.84163 4.1122 4.1125 4.04123 4.0037 4.04199 4.00842 3.99901 4.04615 4.08751 5.95009 7.79123
  8.02781 7.86402 5.37682 5.21774 15.4155 15.4602 15.5551 15.6542 0 4.82976 4.99448 5.08629 9.33951 10.609 11.482 8.83832 6.00756
  7.3206 7.3441 6.93827 7.2194 8.11552 7.88037 7.55249 7.66485 7.77137 7.73366 7.52871 6.89193 6.32286 5.98889 5.83748 4.95546
  4.86556 4.87686 4.82008 4.69201 4.61911 4.52137 4.46789 4.3846 4.31901 4.28629 4.26717 4.15366 4.08587 3.82331 3.56176 3.50789
  3.36546 3.35083 3.14974 2.95411 3.08792 3.07118 3.09638 3.28894 3.15713 3.61599 3.63465 4.24026 3.65677 3.65751 4.19791 0 3.67835
  3.68597 3.80625 3.70444 102*0 6*72.0194 72.0657 72.1376 72.1324 72.1203 72.1159 72.1162 72.1729 72.2476 72.2387 72.2444 72.2429
  72.232 72.2258 72.2346 72.3739 72.387 72.4142 72.3177 72.3531 72.4738 72.5096 72.5688 72.614 72.7748 72.9997 73.1225 72.8982
  72.8653 72.9077 72.9398 73.0257 73.0982 73.1689 73.2178 73.199 73.2125 73.4116 73.5655 73.6088 73.6528 73.5355 73.46 73.4296
  73.5968 73.7574 73.7972 73.7202 73.6845 73.8302 73.9584 74.2269 74.2403 74.2503 74.2143 74.1984 74.198 74.2027 74.1943 74.1812
  74.1269 74.0261 73.9069 73.8714 73.8132 73.6791 73.6712 73.7676 73.8908 73.7509 73.5253 73.3726 73.3164 73.2745 73.2537 73.22
  73.2628 73.1839 73.0856 73.0842 72.9732 72.9444 73.0265 72.9475 72.8538 72.9708 73.0346 72.9102 72.8251 72.8888 72.8474 72.7244
  72.5957 72.5187 72.4412 72.2539 52.472 5.99108 3.72959 3.83716 3.84083 3.66482 3.55389 3.62601 3.53984 3.56679 3.46895 3.45966
  3.3148 3.19358 3.20586 3.22011 3.28942 3.26921 3.365 3.41997 3.47899 3.5365 3.61992 3.67003 3.71552 3.78691 3.83852 3.905 3.95852
  4.04658 4.21793 4.38309 4.5458 4.89236 5.12876 4.44492 4.04787 4.00921 3.87933 3.95573 3.90701 3.91299 3.95759 4.05798 4.67075
  5.95489 6.06958 5.24146 5.29411 4.9623 4.72633 5*0 4.92129 5.09108 5.42423 5.51805 10.5843 8.71542 6.73771 4.75122 7.0799 6.97017
  6.89616 7.42782 8.68905 8.67303 8.55232 8.74998 9.23243 8.27957 7.85676 7.27462 6.31606 5.94659 5.76522 5.09324 4.80808 4.84994
  4.80885 4.67531 4.59395 4.52644 4.47862 4.4495 4.41254 4.24098 4.19132 4.12855 4.14693 3.97882 3.58952 3.53834 3.46863 3.4007
  2.86873 2.95417 3.06218 3.09523 3.0338 3.38196 3.80231 0 3.65579 4.24214 3.66955 0 4.42363 0 3.70342 3.70724 3.69851 101*0
  8*72.0194 72.1763 72.2175 72.2136 72.1405 72.1301 72.2068 72.2601 72.2319 72.2368 72.2649 72.2566 72.245 72.2535 72.2558 72.3601
  72.3616 72.3229 72.3369 72.3659 72.4267 72.4937 72.5658 72.6635 72.9188 73.0524 73.0462 72.9176 72.8931 72.9551 73.0212 73.0874
  73.1515 73.3065 73.3084 73.2539 73.2569 73.3669 73.5219 73.416 73.4352 73.4481 73.4586 73.5387 73.8148 73.8667 73.9389 74.0465
  73.9943 74.0424 74.1373 74.2981 74.3214 74.3206 74.2847 74.2613 74.2511 74.2483 74.2502 74.2246 74.0194 74.0046 73.9339 73.882
  73.8299 73.7058 73.6965 73.7156 73.6264 73.561 73.5291 73.4631 73.3917 73.3684 73.2874 73.2151 73.336 73.1599 73.1061 73.0407
  72.9562 73.1689 73.0724 73.0636 73.0058 73.0102 72.9364 72.9078 72.8487 72.8174 72.6425 72.7352 72.7609 72.5418 69.099 40.5914
  3.8151 3.73897 3.6331 3.54612 3.52142 3.53569 3.5231 3.69945 3.68984 3.39268 3.3671 3.27835 3.17477 3.25681 3.27031 3.18488
  3.22343 3.27947 3.31064 3.36577 3.42773 3.47109 3.53017 3.55983 3.62093 3.70453 3.77092 3.85185 3.88013 4.01403 4.18365 4.34255
  4.54567 4.95171 5.20815 4.80133 4.19207 3.94408 3.88951 3.91601 3.89658 3.92178 3.97436 4.21948 5.96773 6.57173 6.13109 4.83901
  4.5668 4.66686 6*0 5.10336 6.69356 6.8428 7.28962 9.50148 5.49601 4.63005 5.06751 6.9597 6.96775 7.25027 8.6389 8.58897 8.62957
  9.22536 9.57659 9.84105 9.74517 9.58698 9.22191 7.2406 6.43839 5.98736 5.23925 4.80161 4.844 4.73783 4.66757 4.57001 4.52464
  4.4927 4.46794 4.47433 4.24295 4.17844 4.10169 4.1347 4.01862 3.97858 3.99795 4.20806 4.23668 3.72011 2.93085 3.01826 3.1335
  3.07797 3.14489 4.38589 3.64228 3.65281 4.11929 4.0166 0 4.28673 0 3.72881 0 3.71988 3.71835 3.15144 96*0 73.1714 73.011 72.0194
  7*72.0194 72.0651 72.3405 72.2855 72.2712 72.2645 72.2666 72.266 72.2359 72.2157 72.2287 72.266 72.2661 72.2643 72.2747 72.2786
  72.2757 72.2887 72.2939 72.3479 72.3983 72.4377 72.4769 72.5885 72.7961 72.9517 73.0836 72.9304 72.9811 72.9622 72.9847 73.056
  73.1276 73.262 73.4157 73.4525 73.3105 73.3349 73.3924 73.4272 73.4924 73.5028 73.4709 73.5174 73.6239 73.8109 73.8861 73.9234
  73.9512 74.1113 74.0862 74.1667 74.3033 74.3652 74.3655 74.3161 74.3072 74.2954 74.3031 74.2904 74.1471 74.0817 74.0426 73.9824
  73.8927 73.8411 73.7955 73.7483 73.7261 73.6648 73.5755 73.5316 73.471 73.435 73.3976 73.4708 73.3274 73.245 73.1684 73.0673
  73.0167 73.0935 73.4341 73.1546 73.1643 73.1468 73.0048 72.8193 72.647 72.657 72.6723 72.7196 72.8996 72.8589 68.9337 7.07753
  4.03398 3.86566 3.63531 3.51531 3.50888 3.50939 3.57026 3.55702 3.50072 3.43486 3.36466 3.17652 3.16987 3.16287 3.20104 3.23352
  3.13413 3.18798 3.24781 3.27758 3.32405 3.35956 3.41202 3.47253 3.53954 3.57777 3.63669 3.7034 3.77528 3.85718 4.00519 4.08012
  4.17654 4.63341 4.7787 5.32077 5.06921 4.75243 3.88411 3.95973 3.97661 3.97131 3.83106 3.96506 5.14587 6.18649 6.00549 5.44016
  4.51911 8*0 7.39286 7.38678 7.36006 0 9.40768 6.55496 4.43364 6.17143 7.0081 7.22034 8.55573 8.52002 8.5361 8.95123 9.63491
  10.6439 10.3116 10.0553 9.42701 9.23023 8.2889 7.20303 6.10012 5.33457 4.76994 4.57324 4.53826 4.67407 4.50316 4.56827 4.44877
  4.40885 4.31987 4.23427 4.14838 4.17472 4.07605 4.01853 4.04046 4.0586 4.28609 4.24621 3.52847 2.95972 3.00904 3.17586 3.20832
  2.96218 4.1188 3.64369 3.65238 3.93307 4.02902 3.68036 4.2021 0 3.72472 3.73883 3.74437 3.73396 95*0 73.2895 73.3369 73.3317
  73.3579 72.8193 5*72.0194 72.0872 72.1146 72.0775 72.2745 72.323 72.3041 72.2894 72.2793 72.2835 72.2508 72.2095 72.2556 72.269
  72.2707 72.2839 72.2901 72.2948 72.2888 72.2818 72.3359 72.3898 72.4127 72.4444 72.4945 72.5596 72.6251 72.9265 73.0961 72.8541
  72.9217 72.9374 72.9548 73.0714 73.1649 73.2487 73.3595 73.3359 73.3418 73.3904 73.4328 73.5191 73.5799 73.6067 73.5903 73.6149
  73.7454 73.8485 73.8706 73.7771 73.7132 73.9697 73.9934 74.1346 74.0388 74.2778 74.3867 74.3515 74.3393 74.3392 74.3552 74.3376
  74.1474 74.1174 74.0715 74.0205 74.0336 74.1286 74.127 73.8281 73.7693 73.6747 73.6035 73.5959 73.5421 73.6257 73.4962 73.6421
  73.3824 73.3102 73.221 73.19 73.0648 72.994 73.1482 73.1353 73.252 73.1806 72.985 72.8467 72.8155 72.8079 72.8326 68.1697 43.4473
  35.6792 6.9588 4.0311 3.96042 3.81148 3.80239 3.48614 3.53108 3.42112 3.38753 3.42997 3.39523 3.30745 3.33376 3.24914 3.1712
  3.15002 3.22398 3.11422 3.03925 3.14636 3.20858 3.24015 3.27601 3.31647 3.36508 3.43069 3.47528 3.41312 3.39393 3.76461 3.60998
  3.82666 3.92007 4.06718 4.27825 4.3911 4.61317 4.81277 4.95877 5.13568 3.87459 3.75571 3.58112 3.74693 4.0438 4.18544 4.19908
  5.14445 5.85954 11*0 2.69309 2.72942 2*0 5.31965 4.94377 6.97622 7.11819 8.31339 8.95297 8.85547 8.8584 9.59291 9.8111 10.4749
  10.3247 10.0164 9.28006 8.70541 7.73678 6.54104 5.81267 5.07793 4.66591 4.63542 4.62086 4.56165 4.50197 4.48775 4.465 4.24937
  4.28299 4.28143 4.24588 4.11688 3.9986 3.98938 4.0638 4.10216 3.99593 3.68994 3.17597 2.98562 3.03184 3.05949 3.07168 3.13356 2*0
  0 3.66836 5.2929 0 4.18535 3.05407 3.73072 3.35618 3.3652 4.10574 92*0 72.8447 73.2734 73.2751 73.308 73.3577 73.3918 73.195
  72.7255 72.6005 72.0391 2*72.0194 72.1129 72.1092 72.1162 72.1297 72.2598 72.3248 72.2821 72.273 72.2929 72.2621 72.2453 72.2471
  72.2608 72.2799 72.2775 72.2884 72.2966 72.3009 72.2806 72.2906 72.3454 72.358 72.3958 72.4746 72.5333 72.566 72.6143 72.6301
  73.0121 73.0523 73.0147 73.0705 73.0756 73.0801 73.1347 73.1724 73.268 73.3181 73.3814 73.4571 73.5574 73.606 73.6653 73.7002
  73.7437 73.7965 73.8215 73.87 73.8354 73.7564 73.7233 73.9517 74.0358 73.9043 73.7913 74.044 74.38 74.4175 74.4003 74.3891 74.4195
  74.4336 74.2555 74.1445 74.1194 74.0918 74.2787 74.2776 74.2442 73.8845 73.8346 73.7218 73.7098 73.6873 73.6348 73.63 73.5104
  73.7696 73.4447 73.4108 73.1378 73.2451 73.0915 73.0707 73.1672 73.239 73.128 72.8593 72.6416 24.7564 14.1133 7.11801 4.68349
  4.47553 4.2789 4.40778 4.19585 3.93367 3.96969 3.89516 3.76646 3.64136 3.44931 3.38566 3.43316 3.36144 3.37965 3.28997 3.32804
  3.28847 3.14233 3.06687 2.98904 2.9996 3.12764 3.14521 3.16293 3.20726 3.22741 3.25852 3.28049 3.1713 3.29186 3.5658 3.34607
  3.65918 3.69049 3.83091 3.97984 4.071 4.16793 4.26767 4.28616 4.60103 4.82514 4.89444 5.22359 5.19789 5.25235 4.42274 4.01608
  3.92558 3.10522 2.45244 8*0 9.47713 2*0 1.69687 1.80272 1.15687 4.79262 7.41091 6.92836 6.86026 7.40268 8.66352 10.1101 9.34287
  9.32342 9.18342 9.54483 10.3473 10.5667 10.3188 9.95968 9.55177 8.58815 6.48339 5.64321 5.20344 4.89859 4.83218 4.74315 4.81985
  4.77161 4.56611 4.55056 4.39576 4.33108 4.26756 4.16883 4.13642 4.08499 4.04388 3.99133 4.45524 4.17832 3.92006 3.73062 3.09122
  3.09295 3.0424 3.10548 3.10193 4.88273 3*0 3.72281 5.3186 4.54739 4.6086 3.06586 3.19826 3.10712 3.76001 4.0138 92*0 72.4159
  72.4185 72.421 73.3472 73.7094 72.7774 72.5561 72.6616 72.6168 72.5789 72.1075 72.1119 72.1221 72.1121 72.1204 72.1353 72.3213
  72.3106 72.2716 72.294 72.2585 72.2618 72.2626 72.2677 72.2837 72.295 72.2993 72.3094 72.3074 72.248 72.2497 72.2766 72.3281
  72.3559 72.4196 72.5346 72.5904 72.6489 72.566 72.5915 72.6679 72.9269 72.9916 73.0506 72.9402 73.0123 73.2686 73.2916 73.2177
  73.3619 73.4858 73.6247 73.7149 73.6803 73.6855 73.7291 73.7728 73.8344 73.8158 73.8058 73.7851 73.7577 73.8727 73.9862 73.6508
  73.6113 73.7124 74.0444 74.4872 74.5121 74.4848 74.4826 74.4956 74.4611 74.4534 74.3233 74.2895 74.3141 74.4309 74.386 74.2346
  73.9463 73.8657 73.7747 73.743 73.7201 73.6882 73.8634 73.6737 73.7018 73.2555 73.5085 73.1317 73.0856 73.2147 73.0111 70.3029
  46.9092 34.1304 15.1337 4.54683 4.58913 4.61367 4.52801 4.4478 4.25892 4.13946 4.23839 4.16785 4.04361 4.07141 3.95232 3.86276
  3.6813 3.5779 3.54322 3.46307 3.37477 3.26537 3.1915 3.19837 3.19381 3.09313 2.99051 3.02911 3.04762 3.07499 3.09992 3.08444
  3.14976 3.16498 3.04864 3.1138 3.06347 3.40083 3.50671 3.4083 3.59192 3.75272 3.85614 3.85325 4.23018 4.00292 4.22687 4.37808
  4.93028 4.68641 4.85805 4.73489 5.06555 5.06692 4.12517 3.5819 2.87778 1.29657 1.28613 10*0 1.50388 2.34921 3.56349 5.87884
  8.35425 8.83556 8.68217 10.5059 9.84598 9.92563 10.0023 9.75443 9.55135 9.4658 10.4174 10.5481 10.3675 10.1301 9.84435 8.43292
  6.8648 5.94233 5.12421 4.91608 4.89683 4.91617 4.92197 4.89777 4.83393 4.63755 4.61017 4.45662 4.26338 4.21688 4.14285 4.07155
  4.09575 4.15948 3.86226 4.81069 4.33041 3.76445 3.86922 3.97741 4.77794 3.06517 3.08149 5.23211 5.90667 4*0 5.3523 4.69705 0
  3.07953 3.20639 3.23865 4.24191 96*0 72.0194 72.2773 72.6046 72.5162 72.5051 72.561 72.5256 72.1364 72.1187 72.1221 72.2141
  72.4081 72.4018 72.332 72.3218 72.3283 72.3466 72.2761 72.273 72.2748 72.2783 72.2227 72.1645 72.2269 72.2808 72.2297 72.2379
  72.2535 72.2801 72.3308 72.3697 72.4237 72.482 72.5555 72.5106 72.3922 72.3739 72.3338 72.74 72.8768 72.8865 72.9091 72.9839
  73.2428 73.2565 73.3718 73.4983 73.6158 73.6715 73.7529 73.768 73.7158 73.7613 73.811 73.8207 73.7757 73.7693 73.7538 73.9778
  74.1767 74.0973 74.0756 73.9247 74.0599 74.0607 74.5638 74.5783 74.5585 74.527 74.5189 74.4976 74.4629 74.4549 74.4492 74.4682
  74.483 74.4362 74.2411 74.018 73.9476 73.8455 73.7772 73.7452 73.7123 73.878 73.5974 73.505 73.3909 73.5026 48.617 33.8461 16.9019
  6.65913 4.81324 4.61572 4.4885 4.63344 4.64638 4.64919 4.54005 4.48117 4.37895 4.24664 4.2864 4.28524 4.17028 4.02354 4.01294
  3.91135 3.829 3.78741 3.71676 3.54332 3.42252 3.37102 3.20585 3.07458 3.10054 3.05817 3.0068 3.01602 3.01284 3.01753 3.01824
  3.03205 2.89473 3.11175 3.01297 3.10027 3.28047 3.20591 3.38193 3.2767 3.45299 3.61111 3.75334 3.83408 3.81437 4.10629 3.98276
  4.03805 4.2688 4.48361 4.58752 4.56532 4.76965 4.97332 5.40274 3.05443 2.36398 2.49964 2.2571 6*0 3.34298 2.59715 2.77987 2.66164
  3.16673 6.88329 7.5034 8.79095 10.1662 14.2913 12.0961 10.5915 10.3941 9.63699 9.80492 9.88449 9.88481 9.82277 9.73221 10.2442
  10.2626 10.1139 9.99078 7.99418 6.82933 6.24932 5.42804 5.01294 4.94983 5.01881 4.96023 4.96202 5.00472 4.80773 4.47161 4.40518
  4.29913 4.19821 4.2215 4.38576 4.17578 4.30992 4.01927 4.05222 4.75495 3.86472 3.62317 3.82282 4.15572 3.19361 3.08187 4.50908
  4.9981 5.96086 5.86755 0 5.64002 0 4.5337 2*0 3.78014 3.76633 4.21211 95*0 4*72.0194 72.6046 72.5267 72.5141 72.3589 72.14 72.141
  72.229 72.3692 72.4363 72.4371 72.427 72.3573 72.3532 72.3754 72.3541 72.3374 72.3144 72.2809 72.1468 72.1569 72.1767 72.1994
  72.2306 72.2466 72.26 72.2772 72.3092 72.3589 72.3959 72.4524 72.4864 72.5169 72.4295 72.421 72.4347 72.5639 72.7255 72.8819
  72.8479 72.7641 73.0638 73.2989 73.1908 73.2987 73.5304 73.9527 73.8752 73.7579 73.7357 73.7539 73.7872 73.7611 73.7065 73.7168
  73.637 73.6317 73.9548 73.98 73.9951 74.008 74.0729 74.0944 74.0876 74.5068 74.5942 74.5713 74.5558 74.54 74.5255 74.5073 74.5222
  74.4979 74.4963 74.5148 74.5108 74.2015 74.0322 74.0516 73.9023 73.8507 73.8629 73.9564 74.5671 64.4694 47.849 43.446 16.7006
  5.09204 5.25033 5.3509 5.22112 5.0711 4.95976 4.94406 4.92448 4.75992 4.66039 4.57611 4.42278 4.36426 4.17613 4.50916 4.30562
  4.21331 4.03399 3.90061 3.88247 3.82421 3.62743 3.50999 3.36947 3.28987 3.18151 2.98488 2.91738 2.89876 2.91361 2.93076 2.97133
  2.97592 2.96466 2.95007 2.84967 2.86931 3.112 3.07155 3.18415 3.23036 3.06931 3.13444 3.25448 3.42791 3.52133 3.62637 3.69532
  3.73961 3.81025 3.86183 3.97628 4.12376 4.28966 4.49065 4.53144 4.62376 4.58114 4.11176 3.72218 2.94571 2.35 3.81534 5.83993 2*0
  2*0 2.83249 2.32665 2.28829 2.26593 2.82747 6.19572 7.30223 7.45719 8.19231 13.9654 14.008 11.2397 11.2962 9.55486 9.48576 9.58657
  9.58137 9.61774 10.36 9.56663 10.2404 10.0438 9.21732 7.90757 7.356 7.11609 5.55859 5.43371 5.15462 5.06735 4.98677 5.07891
  5.25475 5.05782 4.61675 4.46952 4.41421 4.26322 4.16376 4.61957 4.58244 4.19944 4.15258 4.1327 4.77982 4.52782 3.68897 3.91105
  4.0318 4.11542 3.12287 4.15917 5.21743 6.09149 2*0 5.8356 0 4.1995 2*0 3.81823 4.23981 3.80181 92*0 72.0214 72.0209 72.0204
  72.0201 72.0196 3*72.0194 72.7663 72.7963 72.1391 72.0194 72.4624 72.4569 72.5366 72.5227 72.4729 72.2874 72.3028 72.3948 72.4177
  72.3793 72.365 72.3745 72.3193 72.132 72.152 72.1861 72.3279 72.2779 72.2481 72.2562 72.2707 72.2933 72.3413 72.3867 72.4324
  72.565 72.5658 72.5628 72.5429 72.4674 72.5526 72.5827 72.6777 72.8922 72.8855 72.9105 73.1663 73.33 73.3865 73.553 73.7541
  73.9249 73.7438 73.6932 73.7483 73.7846 73.7382 73.7093 73.6895 73.6679 73.4113 73.5663 73.9582 73.7932 73.6543 73.6901 73.7924
  74.1091 74.1295 74.2947 74.5143 74.5457 74.5845 74.6057 74.6021 74.58 74.5678 74.5375 74.5348 74.502 74.3841 74.1352 74.242
  74.3181 73.9148 74.0945 59.5204 50.4217 14.3247 6.08549 5.68674 5.19259 5.14261 5.12527 5.75475 5.60649 5.56451 5.3992 5.25435
  5.07459 4.91562 4.73176 4.41574 4.06879 3.9757 3.94636 4.19341 4.46361 4.49834 4.22068 4.01776 3.84595 3.70336 3.52236 3.38078
  3.30063 3.17395 2.99286 2.93516 2.82984 2.7747 2.84972 2.84303 2.85669 2.88268 2.93067 2.93926 2.9185 2.95465 2.90974 3.0617
  3.03195 3.04218 3.0012 3.16522 3.13449 3.21634 3.32663 3.44423 3.52739 3.62389 3.67278 3.76563 3.91854 4.08616 4.20403 4.35612
  4.28162 4.49551 4.05676 3.65795 3.45476 3.5909 3.73114 5.74572 5.7773 5.82599 5.83286 2*0 2.21058 3.07826 3.00867 3.19141 3.43727
  4.76426 6.79705 7.18675 7.26184 10.8231 13.8597 12.066 11.026 10.0437 9.37967 9.38718 9.38041 9.96965 10.1954 10.1515 10.1376
  10.0442 8.18811 7.57037 7.38988 7.21652 7.01678 5.84324 5.30097 5.0572 5.18465 5.39663 5.59565 6.40797 6.72604 4.93141 4.68494
  4.21376 4.19954 4.63511 4.95418 4.38465 4.02821 4.58732 4.8398 4.21327 3.69526 3.6967 3.62609 3.54113 3.11643 3.14276 6.52832
  6.60039 2*0 6.01125 2*0 4.51571 96*0 72.0392 72.029 72.0225 72.0209 4*0 72.8321 72.0555 72.0194 0 73.5625 73.5536 72.8453 72.4721
  72.3921 72.182 2*72.0194 72.1957 72.4071 72.3584 72.3854 72.3804 72.2913 72.1254 72.1621 72.2732 72.3328 72.3304 72.2685 72.2644
  72.2803 72.3014 72.3631 72.3983 72.6374 72.6849 72.8583 72.8348 72.6276 72.625 72.7118 72.6421 72.7823 72.9206 72.9399 73.0609
  73.2911 73.5626 73.6578 73.7168 73.8322 73.7534 73.6779 73.6842 73.7034 73.725 73.7082 73.6409 73.5358 73.4344 73.6211 73.7616
  73.6974 73.6673 73.6886 73.7074 73.7135 74.0934 74.1678 74.1283 74.1372 74.1086 74.1767 74.4887 74.5979 74.6326 74.6015 74.547
  74.4884 74.3925 75.347 74.888 74.4433 74.087 73.2249 34.0079 6.01212 7.18056 5.6248 5.53195 5.5057 5.46949 5.51842 5.41926 5.77165
  5.62824 5.55071 5.33083 5.19374 5.15694 4.86512 4.04888 3.70583 3.5922 3.48888 3.47221 4.32475 4.55126 4.40162 4.09358 3.70218
  3.53235 3.42357 3.27803 3.1945 3.15445 3.10406 3.03263 2.92976 2.98426 2.88382 2.81513 2.80688 2.77183 2.80073 2.88087 2.89503
  2.88956 2.88937 2.90748 2.93871 2.98101 2.84135 2.97248 3.10455 3.17172 3.21847 3.28268 3.36754 3.45629 3.54252 3.71667 3.77318
  3.80674 4.01012 4.19868 4.251 4.23642 4.47825 3.21227 3.26524 3.4305 4.44905 8.3518 9.98668 9.25427 8.89743 5.82852 0 2.1808
  3.3624 3.68214 3.81928 3.40001 3.84596 5.60327 6.69841 6.98425 6.99288 10.6009 9.09215 6.99027 6.26623 7.4923 9.17177 9.241
  9.72988 9.91505 8.61182 7.69804 8.20829 8.71837 7.50269 7.43933 7.35378 7.17873 6.87614 6.18488 6.48367 6.76045 6.55671 6.35981
  6.79091 10.7093 6.77188 4.65123 4.44058 5.28569 5.45962 5.30076 4.59411 4.42342 4.61338 4.06969 4.09659 3.78454 4.65461 3.74038
  3.39264 3.24156 3.15045 3.14342 92*0 72.7296 72.3598 72.3616 10*0 72.0414 72.0534 72.0804 3*0 73.2823 73.17 72.0882 0 73.6214
  73.6216 73.617 4*0 3*72.0194 72.2537 72.3605 72.3924 72.3959 72.1377 72.1442 72.2402 72.3507 72.3449 72.3384 72.3367 72.2801
  72.2853 72.311 72.3701 72.5996 72.6535 72.6654 72.7887 72.856 72.6103 72.7053 72.7417 72.7886 72.8963 72.9353 73.0123 73.0681
  73.5175 73.6261 73.6785 73.7524 73.9595 73.5882 73.3448 73.5891 73.5983 73.6071 73.5155 73.4669 73.5086 73.8229 73.905 73.9265
  73.9454 73.6881 73.6738 73.6906 73.9844 74.1709 74.2017 74.1668 74.1689 74.1366 74.0804 74.4675 74.4769 74.7382 74.6089 74.8143
  75.3139 74.8078 74.5015 74.1455 74.0368 52.0695 14.3503 5.87212 6.04813 6.1512 5.63448 5.53983 5.57676 5.96803 5.66979 5.58794
  5.86658 5.72655 5.6521 5.4587 5.20326 5.03819 4.88592 3.72435 3.65384 3.60999 3.46111 3.60209 4.54243 4.64646 4.45569 3.76298
  3.57763 3.39928 3.30735 3.08372 3.15007 3.10673 3.02325 3.02798 2.98125 2.98684 2.76127 2.70666 2.72648 2.7301 2.73275 2.78505
  2.79789 2.84687 2.86591 2.87825 2.90072 2.90827 2.84103 2.97133 3.04859 3.13685 3.18982 3.26028 3.33081 3.41977 3.58924 3.68758
  3.76733 3.78727 3.89275 3.86426 4.15099 4.3565 4.47667 3.29025 4.18072 4.9682 6.79232 9.16198 8.9598 8.98491 9.65898 10.3028
  3.18059 3.39446 3.72292 3.77699 3.61389 2.48881 2.54411 5.76079 6.67815 6.79458 6.82857 6.73644 6.14014 6.17221 6.46826 8.1116
  9.34685 9.48759 9.66343 7.80707 7.54158 7.69706 7.65004 7.51557 7.38449 7.20139 6.99803 7.26639 7.73279 8.33171 8.16504 10.1672
  11.9124 10.6954 11.4718 9.1646 7.35163 5.72348 4.55301 4.44535 4.27068 4.70413 4.53659 4.45348 4.0931 4.29888 3.9243 97*0 73.0305
  73.0763 73.0995 72.4032 72.3906 10*0 72.4265 72.3287 72.3858 72.3957 0 72.3558 72.9178 73.0179 8*0 3*72.0194 72.2875 72.4412
  72.4251 72.4222 72.4178 72.2939 72.1518 72.2098 72.356 72.3549 72.3523 72.3467 72.3165 72.2951 72.4043 72.5259 72.6393 72.7112
  72.6974 72.7225 72.7409 72.7638 72.8255 72.8621 72.8879 72.9362 72.9939 73.0326 73.1729 73.6009 73.6195 73.679 73.6426 73.6128
  73.6291 73.5768 73.6508 73.6559 73.746 73.7948 73.628 73.7548 73.9321 74.028 74.0723 73.8275 73.8924 74.0667 74.1649 74.177
  74.1654 74.1578 74.1701 74.1628 74.1349 74.0695 74.4331 74.5712 75.6428 75.1414 74.6399 75.0536 74.6221 61.8872 39.9832 8.82644
  5.87589 5.85066 5.73269 5.75742 5.66518 5.78658 6.01114 6.00953 5.85651 5.81245 5.80094 5.90006 5.77272 5.73656 5.55484 5.31636
  5.08378 4.92734 3.70205 3.63341 3.57203 3.67544 4.30961 4.4354 4.42649 4.36089 3.77327 3.5284 3.33565 3.05018 3.06838 3.15549
  3.07927 2.98014 2.98517 2.73223 2.72831 2.65442 2.65664 2.6502 2.65411 2.69349 2.71029 2.76245 2.80638 2.8187 2.8291 2.83717
  2.87584 2.8962 2.9191 2.97588 3.0917 3.16784 3.26773 3.33692 3.35782 3.49764 3.5251 3.51295 3.63063 4.00352 3.96996 4.30225
  4.27588 4.54899 4.82115 4.84946 6.20923 6.7423 8.66525 8.76354 9.17173 9.7476 9.94356 7.45766 4.38239 3.92534 3.68382 3.33898
  2.87413 4.41657 6.1846 6.58544 6.62545 6.67955 6.21315 6.22069 6.51077 6.93394 8.54712 9.52373 9.79555 8.26803 7.25298 7.37585
  7.49921 7.39366 7.36627 7.35133 7.58301 7.74619 7.85038 7.93157 10.1525 12.189 11.999 11.7783 11.5097 11.2953 7.79437 7.43726 2*0
  102*0 73.117 73.1378 73.0573 73.0758 73.1254 73.137 72.9878 72.4105 9*0 72.5064 72.4062 72.3919 72.3924 72.3927 2*0 72.1329 72.225
  72.3637 2*0 72.4261 72.4064 72.3966 72.425 0 72.0194 72.3233 72.5011 72.4809 72.4721 72.4484 72.4356 72.4518 72.3674 72.1568
  72.2111 72.3602 72.5147 72.4925 72.473 72.3164 72.2959 72.4161 72.6479 72.7256 72.8254 72.7672 72.7901 72.791 72.8067 72.8376
  72.8886 72.9928 73.0431 73.0708 73.0516 73.3749 73.6111 73.6217 73.6334 73.6506 73.6775 73.8095 73.8819 73.8965 73.9318 74.0393
  74.0121 73.9788 74.1102 74.2112 74.2181 73.9733 73.8802 74.1808 74.4709 74.4245 74.2484 74.265 74.283 74.1903 74.1957 74.2926
  74.3049 74.6003 74.8956 72.6792 51.0407 38.6807 28.3631 10.5133 6.33628 6.5545 5.96368 5.7642 5.81037 5.77548 5.77567 5.86617
  6.24667 6.21857 6.05292 6.08108 5.84571 5.86533 5.92295 5.81505 5.75354 5.55844 5.40728 5.16186 4.88378 3.9861 4.36995 4.78332
  4.71107 4.53485 4.35532 4.49911 3.99109 3.57571 3.52888 3.16836 3.15499 3.27045 3.12489 2.96869 2.83742 2.79578 2.58461 2.54205
  2.51717 2.56575 2.6145 2.60102 2.60913 2.63256 2.69056 2.7252 2.75396 2.77736 2.79158 2.81647 2.84487 2.8808 2.95435 3.03461
  3.06423 3.00533 3.05212 3.13817 3.24907 3.56907 3.58776 3.61158 3.97556 3.95378 4.04 4.16982 4.40197 5.33681 5.19673 5.54152
  6.13423 7.90026 8.64542 9.06106 7.94036 9.60764 9.1209 7.13669 5.77674 5.9134 6.10623 5.96223 6.34333 6.46659 6.41579 5.12767
  6.52767 6.55981 6.70804 7.06295 8.11029 10.7716 10.3089 10.3803 10.0197 7.49578 7.05153 7.21677 7.45186 8.00387 9.25225 9.18481
  8.08913 7.91434 9.23277 10.4578 12.131 11.9785 106*0 73.0862 73.107 73.1281 73.1581 73.1917 73.124 73.1516 73.1788 73.2823 73.3381
  8*0 72.5155 72.4918 72.4797 72.451 72.4402 72.2512 72.1894 2*72.0194 72.1544 72.2452 72.4078 72.4088 72.4104 72.4105 72.4098
  72.4103 72.417 72.0194 72.4405 72.5166 72.5208 72.5125 72.5075 72.4829 72.471 72.4855 72.4632 72.4488 72.5373 72.5246 72.7216
  72.5365 72.5322 72.5461 72.6042 72.6979 72.7387 72.8027 72.7868 72.7788 72.7937 72.7918 72.797 72.8564 72.8757 73.091 73.3884
  73.3562 73.5281 73.6576 73.6805 73.6893 73.7022 73.715 73.7196 73.7689 73.8637 73.8898 74.0089 74.2438 74.4884 74.3241 74.1411
  74.2059 74.0144 73.8925 74.2256 74.2191 74.4103 74.4834 74.649 74.6911 74.5362 74.2198 74.1613 65.1317 46.9802 37.6352 13.1568
  6.61001 6.41812 6.37164 6.56725 6.50281 6.37921 6.44483 6.06969 5.80663 5.88698 5.77674 5.78183 6.29225 6.58869 6.35144 6.16118
  6.10203 5.9325 6.0984 5.99969 5.98213 5.79371 5.53869 5.39694 4.8867 4.17169 3.98167 4.52904 4.69963 4.62918 4.44302 4.11973
  3.66999 3.43786 3.2465 3.09306 2.9327 3.09408 3.14178 3.02743 2.91237 2.77451 2.57127 2.5249 2.49466 2.46566 2.51363 2.54217
  2.54904 2.55223 2.59677 2.61336 2.67181 2.70003 2.71723 2.72376 2.76724 2.77672 2.85862 2.7883 2.87469 2.9306 3.00923 3.06638
  3.17486 3.22122 3.46888 3.61535 3.62959 3.61304 3.7586 4.0479 4.20349 5.12861 5.62859 5.26614 6.07258 6.41734 8.19287 8.50261
  9.02421 9.23887 9.46796 8.2879 7.69036 8.11539 10.064 10.3625 10.7696 11.079 11.3332 6.54441 5.26342 6.65151 6.85503 9.47469
  12.0586 15.2515 0 11.3967 10.0967 9.30795 9.24673 7.97798 7.14324 7.87391 9.89822 9.97628 9.82507 8.91164 108*0 73.0339 73.0538
  73.0816 73.1053 73.1285 73.1612 73.2114 73.2475 73.2255 73.2515 73.3136 73.5181 74.0401 74.5493 2*0 72.5249 72.5229 72.5179
  72.5114 72.5006 72.4884 72.4825 72.4862 72.4868 72.3059 72.2673 72.2316 72.1029 72.2075 72.2476 72.2382 72.3053 72.4378 72.4321
  72.4283 72.4263 72.4247 72.2458 72.1876 72.5285 72.559 72.5584 72.5144 72.4835 72.4776 72.508 72.467 72.4665 72.5272 72.5593
  72.8204 72.8581 72.8678 72.7988 72.7872 72.7129 72.6778 72.7303 72.8313 72.7549 72.7672 72.8099 72.8036 72.8324 72.9075 72.9866
  73.2131 73.2905 73.3257 73.4793 73.444 73.2922 73.2815 73.3323 73.748 73.7781 73.8253 73.8812 73.94 74.1568 74.2677 74.548 74.3328
  74.1476 74.4081 74.3528 74.3242 74.2331 74.23 74.5388 74.6168 74.6435 74.4392 57.9913 36.5875 11.4062 6.51145 6.4347 6.51312
  6.78111 6.84385 6.77052 6.51829 6.36494 6.35294 6.3238 6.29373 6.23185 6.01714 6.00094 6.06708 6.00115 6.41039 6.48803 6.17869
  6.30171 6.18816 6.26876 6.17058 6.02052 6.01916 5.87952 5.6666 4.54024 4.04642 3.75616 3.61952 3.50828 3.42189 3.75805 3.51619
  3.18993 3.00304 2.96679 2.94185 2.8162 2.75943 2.83842 2.9215 2.88038 2.72384 2.50751 2.43157 2.40952 2.45863 2.52939 2.49351
  2.48648 2.55979 2.60437 2.58761 2.57454 2.62399 2.6536 2.57664 2.55877 2.65773 2.67857 2.77483 2.70397 3.10231 3.01381 3.10802
  3.09693 3.18181 3.28487 3.22075 3.33031 3.47605 3.5609 3.97238 4.41621 4.6812 4.89665 4.7149 4.83259 5.50821 6.58846 7.90897
  7.82433 8.85719 9.23553 9.36649 8.61973 8.17222 9.63118 9.85298 10.169 9.86492 9.5416 9.83699 8.18464 7.27635 11.8255 11.4166
  12.2341 13.3781 14.9562 13.4659 9.99252 9.08655 8.93512 9.08544 9.11323 9.0327 111*0 73.0987 73.1597 73.1785 73.174 73.1182
  73.1424 73.1772 73.2254 73.2673 73.2804 73.3263 73.3738 73.4061 73.5827 74.1296 74.6676 72.3569 72.5491 72.5674 72.5508 72.5408
  72.539 72.5359 72.5345 72.5312 72.5282 72.3265 72.2873 72.2826 72.2699 72.2751 72.271 72.2739 72.2699 72.408 72.6665 72.893 72.963
  72.9517 72.6274 72.316 72.2464 72.5394 72.5285 72.5597 72.5044 72.4913 72.4894 72.4691 72.4168 72.5763 72.5998 72.6914 72.9098
  72.9128 72.9187 72.8824 72.8242 72.7553 72.7616 72.7784 72.7517 72.6735 72.7291 72.8481 72.8733 72.873 72.9929 73.0183 73.107
  73.223 73.3194 73.4006 73.4442 73.4861 73.5426 73.5022 73.3306 73.708 73.9097 73.8823 74.1139 74.1355 74.2842 74.2818 74.078
  74.4007 74.446 74.3029 74.1558 74.1873 74.3533 74.6272 72.4624 43.907 27.0318 6.21149 6.25114 6.58515 6.60343 6.44072 6.62353
  6.87721 6.84083 6.70041 6.40875 6.41105 6.32349 6.33606 6.31891 6.392 6.43576 6.39464 6.34501 6.49346 6.5235 6.38499 6.30694
  6.29794 6.3544 6.30299 6.17466 6.12026 6.025 5.82482 5.18711 4.2258 4.0314 3.65768 3.913 4.09009 4.04323 3.65424 3.2541 3.05377
  2.97159 2.93058 2.88641 2.78696 2.74277 2.69187 2.57909 2.61041 2.58191 2.49115 2.42127 2.46058 2.54494 2.54636 2.50649 2.50929
  2.51442 2.58295 2.55166 2.51189 2.56443 2.55031 2.60648 2.6467 2.65981 2.74563 2.76189 2.79225 2.95591 2.91106 2.93114 2.9943
  3.08959 3.1274 3.17142 3.27719 3.51404 3.61474 4.0891 4.5684 4.37743 4.25513 4.34337 4.41299 4.68779 6.34585 7.19881 8.33386
  8.8454 9.02737 9.12127 9.20174 9.30809 8.59986 8.17164 8.30594 8.4223 8.5652 8.73948 8.9685 10.5513 11.3535 11.5579 11.8054
  11.9555 12.1177 9.83412 8.81359 113*0 73.0033 73.0276 73.0787 73.1425 73.2281 73.2935 73.3121 73.3445 73.3918 73.4536 73.4965
  73.5124 73.328 73.3799 73.4202 73.4391 73.6395 73.6975 72.8462 72.6343 72.6664 72.657 72.9482 73.143 72.9213 72.5981 72.5856
  72.5704 72.3327 72.278 72.2681 72.2965 72.2973 72.2921 72.2901 72.3184 72.562 72.9806 73.0279 73.0139 73.0012 72.9928 72.9967
  72.8027 72.6677 72.7286 72.5617 72.5465 72.5311 72.522 72.4828 72.388 72.5058 72.6471 72.8712 72.9934 72.9573 72.939 72.9487
  72.9393 72.9157 72.8503 72.8286 72.7809 72.687 72.7208 72.7636 72.8181 72.8795 73.1681 73.3662 73.4329 73.5045 73.503 73.5733
  73.7001 73.6095 73.5031 73.5498 73.5214 73.3556 73.6575 73.9336 73.9099 74.0654 73.968 74.0009 74.0086 74.326 74.2567 74.3326
  74.2037 74.1512 60.4225 40.6615 18.3697 6.41493 6.35068 6.31736 6.4195 6.43336 6.53984 6.48384 6.43833 6.5726 6.68493 6.53864
  6.33751 6.42321 6.41081 6.37095 6.34867 6.4047 6.44302 6.4203 6.42244 6.64403 6.70584 6.87333 7.01424 6.48056 6.26616 6.44461
  6.39318 6.33052 6.19826 5.9815 5.84176 5.66998 4.88697 4.52282 3.62484 4.49131 4.21442 4.02778 3.19637 3.09439 3.02437 3.00568
  3.02887 2.87247 2.75021 2.69415 2.56737 2.46563 2.42136 2.51339 2.4579 2.45789 2.52552 2.49919 2.49763 2.48682 2.4649 2.51009
  2.49793 2.43298 2.4121 2.47754 2.55514 2.63701 2.69545 2.58091 2.66487 2.72087 2.72934 2.79884 2.78615 2.88747 3.02794 2.99844
  3.00471 3.11006 3.24693 3.44896 3.41529 3.86629 4.18857 4.26775 4.19935 3.34377 4.18634 4.36719 5.52704 6.53987 7.8795 8.1265
  8.66535 8.8505 9.02255 9.21112 9.26096 9.3774 9.22743 8.60447 8.46072 8.8426 8.72212 9.27404 10.2045 117*0 72.9437 72.9925 73.015
  73.0763 73.1272 73.2532 73.3145 73.343 73.3461 73.3756 73.4532 73.5046 73.5368 73.5522 73.5342 73.4375 73.4891 73.5949 73.6709
  73.365 73.3945 72.7269 72.7234 73.2164 73.4859 73.4982 73.2093 72.6841 72.6653 72.363 72.2827 72.2745 72.3079 72.3258 72.3167
  72.3243 72.3586 72.5571 73.0102 73.0934 73.103 73.0739 73.064 73.0625 73.0336 73.0171 73.0103 73.0058 72.9202 72.6771 72.524
  72.4875 72.3763 72.4999 72.9067 72.8565 72.9949 73.0923 73.2372 73.3033 73.2685 73.1724 73.0386 73.0334 72.9813 72.8067 72.7229
  72.759 72.8574 73.2023 73.3789 73.4421 73.4275 73.3738 73.5057 73.4801 73.6526 73.9276 73.9827 73.7811 73.468 73.562 73.4811
  73.5104 73.8566 73.9152 73.891 73.79 73.7527 74.0058 74.4549 74.0098 50.9339 34.339 8.41033 5.86644 5.85012 6.23015 6.21469
  6.30446 6.44297 6.45102 6.44774 6.48571 6.47495 6.46558 6.34521 6.32607 6.29573 6.45723 6.40126 6.39623 6.36455 6.37954 6.41719
  6.38966 6.37888 6.53588 6.62707 6.8779 7.07574 7.1119 6.88952 6.04267 5.82446 5.88925 6.14753 6.03716 6.07942 5.98811 5.71235
  5.59088 5.32261 4.81606 4.44153 4.33377 3.45472 3.15243 3.04521 3.16478 3.03508 2.92255 2.79978 2.71415 2.59594 2.47065 2.43782
  2.41939 2.48692 2.48545 2.5245 2.47433 2.44339 2.43756 2.43699 2.43511 2.34806 2.34462 2.40112 2.42845 2.52362 2.48007 2.44817
  2.48832 2.54441 2.6134 2.66187 2.71828 2.7654 2.7884 2.83831 2.8898 2.82518 2.84311 3.00664 3.17486 3.21208 3.36415 3.48605
  3.70464 3.85748 3.17858 3.10029 3.96216 4.94751 5.14885 5.53483 6.16094 8.28739 8.26415 8.61434 8.75307 8.88957 9.09503 9.3094
  9.47743 9.72024 9.92933 10.0812 117*0 72.8274 72.8739 72.9285 72.9762 73.0101 73.0553 73.007 73.0057 73.2186 73.3429 73.3678
  73.3839 73.453 73.5008 73.5549 73.5956 73.5878 73.6474 73.7131 73.8072 73.7217 73.5362 73.5026 73.5009 73.4964 73.4936 73.5352
  73.5432 73.5419 73.2426 72.7268 72.438 72.3094 72.3254 72.3698 72.377 72.3372 72.325 72.3213 72.5947 72.6547 73.0004 72.8743
  72.8527 72.8913 72.836 72.8117 72.8166 72.8458 72.9024 72.8975 72.6448 72.5947 72.5025 72.4456 72.429 72.8965 73.1501 73.2506
  73.1987 73.1552 73.1304 73.1183 73.1319 73.1255 73.1228 73.1221 73.1143 73.0424 73.0624 73.1044 73.4283 73.3347 73.2671 73.3416
  73.3712 73.4058 73.4446 73.4716 73.8514 74.0384 74.0383 74.0386 73.6266 73.6355 73.5563 73.4268 73.6432 73.6646 73.5261 71.5439
  47.6884 47.1861 28.5021 6.31076 6.12997 5.93233 5.8788 5.91168 6.10602 6.35768 6.25182 6.40168 6.42104 6.4701 6.40474 6.37841
  6.24081 6.28458 6.35928 6.54766 6.57915 6.56101 6.39575 6.40071 6.42531 6.40045 6.4048 6.38379 6.33593 6.61167 6.54829 6.89571
  7.02906 7.03577 6.52627 6.21758 6.02101 6.36056 5.98416 5.33468 5.94553 6.11187 5.83499 5.4849 5.14002 4.44579 4.2759 3.83785
  3.3009 3.13695 3.24269 3.09868 2.93176 2.82155 2.76057 2.67157 2.59889 2.65351 2.5718 2.56037 2.53832 2.52297 2.47539 2.42084
  2.37034 2.33584 2.31616 2.32619 2.39512 2.41303 2.44804 2.42311 2.46 2.4744 2.48811 2.51028 2.52643 2.60316 2.62096 2.67265
  2.69749 2.73671 2.87679 2.89547 2.96041 2.97481 2.93818 2.95769 2.99053 3.30283 3.58285 3.88129 3.10926 3.2501 3.18946 3.64414
  4.91549 4.89225 5.21822 6.35611 7.30009 7.57202 8.13036 8.38645 8.7602 9.01385 9.07402 119*0 72.5077 72.645 72.8453 72.9124 72.969
  72.9051 72.8755 72.8456 72.9115 73.1284 73.3537 73.3892 73.3712 73.4287 73.4923 73.5243 73.5799 73.634 73.6632 73.7185 73.8028
  73.855 73.5631 73.5117 73.5536 73.4598 73.5658 73.5673 73.5957 73.5929 73.6121 73.3623 72.7851 72.4008 72.3829 72.4239 72.3791
  72.3486 72.3497 72.3431 72.3752 72.558 72.8644 72.9428 72.9247 72.8612 72.73 72.721 72.7086 72.6937 72.6863 72.6778 72.6634 72.644
  72.6301 72.5889 72.5542 72.7248 73.1681 73.4003 73.4369 73.3258 73.2773 73.2276 73.1583 73.1722 73.0528 73.0373 73.0912 73.0935
  73.0691 73.1209 73.0817 73.3023 73.2241 73.2424 73.2802 73.4304 73.4363 73.4781 73.5397 73.9796 74.0607 74.0595 74.0598 73.5809
  73.6915 73.5117 73.4294 62.2099 37.7594 6.21483 3.7057 3.67625 3.65954 5.42199 6.15671 6.04945 6.13579 6.104 6.08242 6.35749
  6.42889 6.17591 6.15395 6.44853 6.44985 6.24148 6.20737 6.12833 6.16427 6.33314 6.49032 6.57606 6.44812 6.41529 6.40989 6.48618
  6.41191 6.41069 6.40368 6.3473 6.566 6.59574 6.85394 6.87734 6.66662 6.36572 6.19413 5.29143 5.96218 5.89754 5.40375 5.86645
  6.23072 6.08825 4.84857 4.37198 3.99243 3.79332 3.64993 3.42374 3.09101 3.39732 3.27146 3.0454 3.07814 3.07977 2.99168 2.84493
  2.77678 2.69574 2.64139 2.56544 2.49167 2.43165 2.34348 2.39858 2.32729 2.31232 2.31191 2.35777 2.36102 2.32931 2.41851 2.43799
  2.41538 2.438 2.47047 2.48492 2.53236 2.58045 2.61978 2.6509 2.67676 2.67915 2.72218 2.74995 2.80243 2.83305 2.85018 2.86058
  3.20071 3.62008 3.53518 3.15382 3.79552 4.34051 4.1374 4.11992 4.57525 5.69366 6.57592 6.94297 7.52807 7.68827 121*0 72.4939
  72.5058 72.539 72.5728 72.7198 72.8551 72.8276 72.7761 72.8302 72.9066 72.9595 73.3264 73.3866 73.4323 73.4146 73.4575 73.5121
  73.5625 73.6178 73.688 73.7664 73.8295 73.7734 73.5988 73.314 73.3385 72.9773 72.981 73.5281 73.6313 73.6881 73.6025 73.2653
  72.9002 72.8722 72.4714 72.4613 72.4745 72.4278 72.3895 72.3815 72.3828 72.5667 72.941 73.0217 72.9988 72.9916 72.8625 72.7483
  72.7289 72.7224 72.7265 72.7111 72.7049 72.6996 72.6933 72.6737 72.6468 72.9499 73.4924 73.4895 73.6513 73.6426 73.4987 73.4128
  73.412 73.38 72.9342 72.7567 72.7665 72.7904 73.0029 73.2897 73.2968 73.3351 73.7055 73.4659 73.2851 73.3869 73.4588 73.5175
  73.235 73.7203 0 74.1028 74.0989 73.7518 71.0646 41.284 24.7539 5.03519 3.76604 3.75957 3.72689 3.6956 3.67957 4.266 4.86089
  5.59758 5.95601 6.08797 6.21902 6.2353 6.442 6.45306 5.9281 5.87079 5.90707 5.91829 5.6053 5.60093 5.92955 6.13752 6.23285 6.39852
  6.48378 6.4493 6.43694 6.45488 6.49121 6.48001 6.40065 6.37282 6.30525 6.42233 6.66662 6.35403 6.35267 6.20454 6.1215 6.06389
  5.60769 5.58294 5.69954 5.91539 6.49486 6.05592 5.3376 4.93734 4.55783 4.17139 3.94635 3.59319 3.49551 3.50375 3.54681 3.2992
  3.26591 3.15728 3.06992 2.96558 2.88556 2.80781 2.7044 2.61553 2.53478 2.45744 2.36517 2.28694 2.33619 2.26808 2.23395 2.25438
  2.30534 2.33927 2.34623 2.34514 2.36577 2.37175 2.3933 2.42728 2.43051 2.48629 2.47702 2.50323 2.5105 2.60845 2.66135 2.69546
  2.75441 2.75245 2.70614 2.78834 3.06096 3.52072 3.84064 3.28518 3.5472 4.38655 4.32079 4.1687 4.25646 4.6473 5.36518 6.33757 2*0
  119*0 72.4191 72.4247 72.4643 72.5152 72.5337 72.5715 72.6028 72.6896 72.7448 72.7665 72.8176 72.8833 72.9401 73.2386 73.3568
  73.422 73.383 73.4299 73.4882 73.5492 73.6111 73.6668 73.7716 73.8499 73.4179 73.0517 73.0583 73.0585 73.0581 73.0629 73.049
  73.0367 73.5094 73.053 73.0415 73.0271 73.0134 72.9961 72.7079 72.5457 72.5297 72.5288 72.5233 72.414 72.5208 73.0767 73.0548
  73.0463 72.9776 72.9098 72.8391 72.7277 72.7502 72.7899 72.7386 72.7298 72.7279 72.7065 72.7054 72.7441 73.1011 73.9263 73.7521
  73.8591 73.8734 73.8424 73.676 73.6235 73.4781 72.8658 72.5537 72.4971 72.5051 72.5497 72.5901 72.7353 72.9693 73.2707 73.1048
  73.3255 73.6286 73.5796 73.6585 73.578 3*0 72.7745 36.633 15.293 5.52607 5.49012 5.21675 3.80943 3.75996 3.75022 3.73809 3.68971
  4.3591 4.81952 4.90101 4.85623 5.47605 5.47155 5.96093 6.1299 6.80488 6.48073 5.87321 5.46934 5.1572 5.0875 5.31856 5.22309
  5.39562 5.83243 6.27618 6.39572 6.48731 6.45297 6.47518 6.50882 6.46297 6.42711 6.45128 6.32653 6.32195 6.27649 6.19133 6.00858
  6.03452 6.01867 6.21025 7.06302 6.09812 5.97629 6.0713 6.25149 6.7607 6.26696 5.87975 5.26438 4.72131 4.51922 4.24574 3.99064
  3.81211 3.85256 3.68409 3.62826 3.31582 3.18988 3.05063 2.96412 2.86887 2.77637 2.68923 2.60241 2.52047 2.44049 2.36919 2.34522
  2.3135 2.2421 2.26195 2.25249 2.30921 2.32458 2.31929 2.33827 2.35515 2.36314 2.41535 2.37163 2.35066 2.36527 2.41405 2.43311
  2.45054 2.45414 2.5254 2.77666 2.70356 2.84463 2.91432 3.14996 3.36043 3.45868 3.08651 3.50417 4.04456 4.53657 4.84415 4.41663 2*0
  121*0 72.4001 72.4163 72.4264 72.4434 72.5135 72.5321 72.5658 72.5949 72.6648 72.7461 72.7778 72.8303 72.8943 72.9511 73.096
  73.3329 73.3895 73.4451 73.4696 73.4904 73.5717 73.6453 73.7013 73.7716 73.8642 73.4586 73.1712 73.151 73.157 73.1528 73.1397
  73.1353 73.1217 73.1091 73.1158 73.1134 73.0847 73.0651 73.0475 73.0319 73.0233 73.0162 72.9973 72.5824 72.4908 72.5597 72.8395
  73.1214 73.0918 73.0136 73.0543 73.1918 73.1701 72.9985 72.9895 72.9726 72.913 72.7535 72.7578 72.7385 72.7632 73.1388 73.3766
  73.9969 74.0808 74.1442 74.1417 74.0847 73.634 73.1176 72.6813 72.489 72.5318 72.4917 72.519 72.5637 72.5952 72.5939 72.4804
  72.5193 73.0244 73.6582 73.8154 74.0192 74.0599 73.6534 73.1879 65.6574 33.397 6.51492 5.4294 5.5935 5.59245 5.52278 5.33229
  5.08986 4.67521 3.74072 3.73406 4.69491 4.94336 5.12134 4.91434 4.87068 5.0786 5.27261 4.76539 5.36093 5.86673 5.43943 4.96724
  4.69693 4.68618 4.6856 5.2175 5.18529 5.15386 5.20892 5.73352 6.18241 6.47047 6.45815 6.53974 6.58703 6.41666 6.41145 6.41711
  6.34993 6.31783 6.24126 6.13669 5.96756 5.8903 5.94351 6.19614 6.58152 6.72478 5.94549 6.09597 6.30382 6.78342 6.55091 5.87356
  5.43573 4.79115 4.42609 4.45079 4.27815 4.14583 3.91322 3.68174 3.50176 3.32265 3.21224 3.07226 2.93735 2.83323 2.74915 2.66334
  2.58647 2.51554 2.45863 2.39444 2.35483 2.32833 2.28242 2.27101 2.27833 2.30685 2.3174 2.3005 2.33688 2.37024 2.40731 2.31896
  2.32236 2.31538 2.29434 2.31752 2.36103 2.3807 2.43591 2.61594 2.91355 2.84775 2.79705 3.12568 3.1895 3.03186 3.00116 2.77412
  3.30428 125*0 72.3905 72.3954 72.4086 72.4274 72.4386 72.4937 72.5507 72.5836 72.6287 72.6843 72.7745 72.8182 72.8538 72.9067
  72.9634 73.0088 73.1987 73.3731 73.4489 73.4964 73.5287 73.568 73.6383 73.6876 73.753 73.8386 73.8394 73.3991 73.2538 73.2306
  73.2213 73.2134 72.9322 72.9196 72.752 72.7378 73.1718 73.1609 73.1321 73.1074 73.0833 73.0554 73.051 73.0427 73.0321 72.6144
  72.5189 72.8944 72.8931 73.0189 73.2085 73.1534 73.4874 73.4512 73.4322 73.4277 73.4161 73.3959 73.386 73.2589 72.9237 72.8503
  72.7835 72.7257 73.14 73.8883 74.2934 74.4704 74.1777 73.7769 73.2076 72.6211 72.4455 72.4972 72.5028 72.5242 72.5428 72.5741
  72.4763 72.4736 72.5429 72.5562 72.8798 73.5675 73.7201 73.9385 74.0145 46.5744 20.7099 5.10218 5.13395 5.17973 5.47754 5.64589
  5.56396 5.494 5.28581 5.52003 5.49059 4.64137 4.45419 4.91876 4.98312 4.95707 4.92133 4.99642 4.97038 4.81046 4.78276 5.23723
  4.65457 4.58235 4.56013 4.53177 4.52898 5.52023 5.9416 5.49567 5.42089 5.36681 5.33557 5.33424 6.10743 6.78983 6.73363 6.70713
  6.53972 6.44735 6.41432 6.34653 6.27679 6.20862 6.06099 6.05099 6.15857 6.90304 6.93142 7.18478 6.8472 6.73922 6.58805 6.67698
  6.78665 6.6317 5.92095 5.36895 5.28634 4.92898 4.54827 4.31517 4.04664 3.78352 3.61921 3.44512 3.26039 3.16138 3.08011 2.93046
  2.80741 2.73146 2.63641 2.58521 2.52441 2.46439 2.40969 2.35895 2.32513 2.30764 2.29785 2.30932 2.33199 2.32639 2.36074 2.35519
  2.32756 2.24388 2.26821 2.2937 2.23399 2.22925 2.3082 2.38847 2.40223 2.43307 2.48082 2.62156 2.75511 2.73657 2.83161 3.16473
  3.02848 126*0 72.381 72.3896 72.4048 72.4236 72.4548 72.4782 72.5059 72.5819 72.6043 72.6491 72.6833 72.7607 72.813 72.8401
  72.8889 72.9461 73 73.0193 73.1445 73.3521 73.4915 73.5411 73.5771 73.6213 73.6872 73.7498 73.8687 73.8793 73.6938 73.3539 73.3474
  73.3302 73.3305 73.161 73.0175 72.9848 72.821 72.8 72.7828 72.8633 73.2041 73.1795 73.1505 73.1164 73.1098 73.1028 73.5093 73.1835
  73.2296 73.1543 73.1183 73.1094 73.0471 73.0815 73.0872 73.5487 73.5522 73.5341 73.3738 73.1072 73.0878 73.0664 72.998 72.96
  72.801 72.6686 72.6571 73.285 73.7805 73.8826 73.4902 73.3249 72.9561 72.4742 72.482 72.5915 72.6198 72.5486 72.557 72.4739
  72.4993 72.5962 72.5308 72.4943 72.5482 72.6224 68.0765 44.7629 17.4816 5.77795 5.17484 4.93778 4.99329 4.88754 5.32906 5.45562
  5.39867 5.339 5.46681 5.58073 5.56524 5.39646 5.10447 4.90497 5.09164 4.95958 5.0896 5.09048 5.21653 5.2415 5.10208 5.04618
  4.96967 4.89205 5.07971 5.39601 5.67506 7.18971 9.3691 9.41113 9.06358 7.22227 6.09364 5.46409 5.43496 6.08166 6.69043 6.52009
  6.33978 6.40474 6.42069 6.58577 6.45296 6.20558 6.13953 6.70217 5.98664 7.44356 7.10008 7.10557 6.70048 6.75473 6.58764 6.93289
  6.9545 6.7307 5.93392 5.66362 5.05722 4.67133 4.31551 4.09207 3.95698 3.71992 3.56246 3.41522 3.23185 3.16121 3.0489 2.90255
  2.80412 2.72243 2.66188 2.59335 2.54539 2.49511 2.50204 2.4029 2.34441 2.30149 2.29684 2.29808 2.27168 2.32806 2.27757 2.29053
  2.27921 2.26179 2.20679 2.14497 2.19608 2.29128 2.32517 2.38442 2.44519 2.42926 2.49931 2.49297 2.56442 2.78798 127*0 72.3699
  72.3994 72.4278 72.452 72.471 72.4903 72.5098 72.5168 72.5624 72.6057 72.6333 72.6686 72.7134 72.7989 72.8378 72.8663 72.9254
  72.9985 73.04 73.057 73.0904 73.139 73.4774 73.5999 73.6514 73.6973 73.7381 73.8385 73.8435 73.7285 73.6053 73.386 73.384 73.4116
  73.4133 73.3909 73.3666 73.3534 73.0506 72.8649 72.8586 72.8485 73.2672 73.228 73.2174 73.1963 73.4458 73.7563 73.8457 73.5466
  73.5324 73.4836 73.3028 73.0492 73.0329 73.0647 73.2738 73.2222 73.0032 72.971 72.7589 72.7069 72.5764 72.4735 72.5493 72.9291
  72.7333 72.7172 72.6591 72.6972 72.6876 73.3481 73.2503 73.2336 73.0744 72.7373 72.8352 72.9457 72.9836 72.9181 72.4973 72.5209
  72.656 72.6271 72.5432 72.5444 66.947 35.2578 13.4932 4.41296 4.46564 5.10555 4.08627 4.05158 4.01946 4.47442 5.40659 5.49662
  5.44778 5.42469 5.55425 5.58701 5.60303 5.516 5.3651 5.00676 5.126 5.1973 5.24049 5.41305 5.62822 5.56382 5.57593 5.4826 5.57309
  5.64371 6.42366 7.4158 9.05245 9.20917 9.36444 9.51107 9.68794 7.45074 6.45644 6.66743 6.55633 6.85778 6.61986 6.36521 6.29374
  6.30838 6.53495 6.73932 7.31906 7.11147 6.11233 6.89787 7.77798 7.28094 6.97818 6.739 6.7562 6.76782 7.00972 6.97201 6.80165
  6.62858 5.75542 5.51316 5.07812 4.56391 4.34796 4.01703 3.80427 3.68098 3.49491 3.29003 3.22288 3.11344 3.04207 2.9265 2.82063
  2.72946 2.65645 2.62261 2.55918 2.49978 2.48682 2.38424 2.32689 2.32501 2.33164 2.23495 2.19375 2.23177 2.33846 2.26473 2.27779
  2.15235 2.14159 2.17683 2.23344 2.24989 2.29243 2.32899 2.41931 2.47894 2.44866 128*0 72.3872 72.386 72.4214 72.4593 72.4769
  72.4801 72.4879 72.5137 72.5258 72.5416 72.6137 72.6364 72.6711 72.7105 72.7779 72.8574 72.891 72.9488 72.8283 72.7313 73.0746
  73.1078 73.1339 73.1746 73.5853 73.6538 73.7116 73.6867 73.5252 73.7435 73.7945 73.6255 73.5253 73.5028 73.4922 73.5055 73.4788
  73.4438 73.4131 73.4126 73.4073 72.9183 73.0824 73.3853 73.3475 73.3254 73.3 73.2622 73.8729 73.9763 73.6622 73.6205 73.6023
  73.4004 73.1814 72.8592 72.5594 72.7424 72.971 73.0717 73.0587 73.0479 73.0184 72.6128 72.4156 72.3331 72.4959 72.9646 72.8766
  72.8199 72.6619 72.6496 72.9031 73.3253 73.2868 73.2534 73.2264 72.9755 73.0391 73.1886 73.2342 73.1618 73.0453 72.8062 73.0507
  72.597 69.741 37.0727 4.50574 4.18992 4.22269 4.87271 5.13594 4.71942 4.08608 4.06137 4.01915 4.49546 5.16432 5.5135 5.40288
  5.34281 5.42248 5.46489 5.61029 5.63375 5.6337 5.32621 5.30415 5.49681 5.55763 5.42946 5.83681 6.70615 6.60061 6.44446 6.50011
  6.6333 8.69023 8.88204 9.0877 9.16665 9.27501 9.36587 9.68919 7.21691 5.89816 7.83897 8.11238 7.43943 6.97082 6.63343 6.57862
  6.59655 6.73108 6.84388 6.9628 6.46097 6.32543 6.00393 8.40737 6.44875 6.222 5.77134 6.39182 6.98336 6.39458 6.17142 6.25369
  6.50061 5.70981 5.06964 4.59579 4.46097 4.2348 3.9796 3.78786 3.64093 3.47854 3.28843 3.19118 3.08518 3.01858 2.91559 2.86615
  2.73692 2.6532 2.62411 2.55841 2.48278 2.49844 2.46576 2.39188 2.33479 2.32018 2.29749 2.26731 2.24971 2.25544 2.20163 2.19787
  2.16743 2.16689 2.21847 2.19265 2.20885 2.22037 2.34385 128*0 72.3746 72.377 72.3959 72.4182 72.4248 72.4466 72.4734 72.4863
  72.5007 72.5226 72.5489 72.5655 72.606 72.6524 72.6655 72.703 72.754 72.8462 72.9018 72.9397 73.0107 73.0909 73.1149 73.1292
  73.1652 73.3169 73.5959 73.6752 73.7478 73.6599 73.5794 73.7999 73.8429 73.7886 73.6248 73.6379 73.6486 73.6468 73.6485 73.7752
  73.8414 73.6899 73.4945 73.0707 72.9075 72.969 73.4672 73.449 73.4153 73.3839 74.1341 74.1014 74.0657 73.5087 73.466 73.4468
  73.352 72.7159 72.7741 72.7735 73.035 73.5569 73.8214 73.7946 73.666 73.6127 73.0676 73.2478 73.3469 73.8836 74.1452 74.0681
  73.8661 73.4457 73.3287 73.2673 73.2571 73.2939 73.287 73.265 73.2524 73.232 73.2243 73.3008 73.5727 73.862 74.9542 72.9216
  34.7732 10.4626 5.44129 4.76456 4.20244 4.23126 5.35727 5.04634 4.88082 5.07257 5.0393 4.98796 4.5746 4.30002 4.44578 5.11844
  5.2967 5.3634 5.41974 5.57034 5.60013 5.57984 5.42887 5.60757 5.59791 5.464 5.45586 6.27331 6.61607 6.73076 6.6218 6.5557 6.7633
  7.61641 8.76092 8.92116 9.09881 9.18592 9.31089 8.42627 7.95444 8.1111 8.52894 8.52733 8.63114 7.77059 7.06286 6.52263 6.70939
  7.13675 6.87137 6.75917 6.50648 6.78759 6.30231 6.52929 6.21407 5.3432 5.39563 6.02598 6.04352 5.82934 5.79153 5.55408 5.38136
  5.38943 5.29467 4.65492 4.37778 4.16416 3.96281 3.73512 3.60449 3.45063 3.30759 3.19386 3.10184 3.00727 2.92152 2.8541 2.76837
  2.66027 2.59273 2.55627 2.56872 2.67862 2.57845 2.47527 2.46229 2.36669 2.30253 2.34254 2.31229 2.3093 2.25467 2.12131 2.12629
  2.14373 2.15582 2.15887 129*0 72.3669 72.3749 72.3898 72.3937 72.9567 72.4285 72.4382 72.4724 72.5063 72.5306 72.537 72.5601
  72.5775 72.5906 72.6614 72.6802 72.7035 72.7473 72.8231 72.9058 72.9503 73.0297 73.1141 73.1803 73.2015 73.2424 73.3645 73.6272
  73.6742 73.623 73.6021 73.5193 73.8535 73.888 73.9002 73.7467 73.7087 73.7 73.7214 73.8793 74.1552 74.0688 74.0013 73.7804 73.4465
  73.0476 72.7903 72.7867 73.0213 73.1078 73.5013 73.4863 73.6358 74.2297 73.8884 73.582 73.5517 73.3498 73.4171 73.2306 73.3769
  73.5911 73.6436 73.637 73.9577 74.229 75.2551 75.3309 74.908 74.6552 74.1699 73.9996 73.7147 73.6846 73.5018 73.3431 73.3153 73.26
  73.2395 73.3457 73.3376 73.3113 73.321 73.3757 73.371 73.5047 73.6756 74.9416 52.6075 7.66591 6.7433 6.65141 6.13143 5.24326
  4.20192 4.21699 4.66806 4.88327 4.86093 4.93762 5.16102 5.65778 5.81492 0 3.96191 5.10708 5.19792 5.22182 5.43255 5.45548 5.56087
  5.60026 5.59874 5.62648 5.54849 5.53608 5.58554 5.81761 6.41333 6.40044 6.44851 6.49753 6.75045 7.43482 8.60311 8.72515 8.87909
  9.18837 7.96263 7.64957 7.89953 7.99445 8.05993 8.32382 8.11299 7.60841 7.4537 7.31011 6.97987 6.722 6.49835 6.79072 6.68286
  6.3807 6.408 6.30081 5.83346 5.38252 5.10376 5.98189 5.64234 5.35417 5.36052 5.09653 5.06544 4.9713 4.56582 4.4987 4.33959 4.11209
  3.86896 3.74146 3.57292 3.44889 3.30882 3.19979 3.10239 2.99867 2.93854 2.8509 2.75839 2.65076 2.58985 2.56578 2.68424 2.56842
  2.46307 2.43503 2.38527 2.35753 2.40202 2.36353 2.31021 2.24892 2.24037 2.17514 2.11279 129*0 72.3624 72.3647 72.3696 72.3697
  72.3889 72.4036 73.0021 73.007 73.0626 72.4876 72.511 72.5366 72.559 72.5768 72.6005 72.9085 73.562 72.7183 72.7273 72.7807
  72.8297 72.9266 72.9866 73.0356 73.1192 73.2108 73.2533 73.2666 73.3103 73.4431 73.5621 73.2544 72.821 73.359 73.0299 73.0331
  73.7452 73.7633 73.7919 73.7808 73.7812 73.7911 73.7901 74.0143 74.0513 73.774 73.5369 73.1428 73.115 72.8771 72.8874 73.0912
  73.0716 73.5721 73.5357 73.4965 74.2416 73.7985 73.5988 73.6498 73.6527 73.8758 73.4506 73.384 73.3933 73.4208 73.5636 73.7825
  75.24 75.3457 74.9841 74.6995 74.5025 74.3237 73.969 73.9086 73.5689 73.5371 73.4839 73.3714 73.3537 73.3982 73.3794 73.3967
  73.504 73.5817 73.5433 73.5067 73.5973 69.2301 26.4819 7.84738 7.78124 6.20156 6.34518 6.80027 4.87964 4.38994 4.53674 4.61638
  4.70996 4.84029 4.97007 5.23953 5.65965 5.68842 5.74067 4.51541 4.68312 4.90707 5.10576 5.40746 5.54476 5.66836 5.58846 5.49745
  5.59443 5.66524 5.65412 5.71276 5.7157 5.76147 6.07457 6.21055 6.48007 7.12978 8.01536 7.97821 6.22447 6.40023 6.948 7.12633
  7.69045 7.7947 7.9169 8.13328 7.42063 7.03065 7.04396 6.78553 7.00161 6.66084 6.38581 6.39686 6.32839 6.19384 5.98044 6.17465
  6.39458 5.71248 5.24507 5.70838 5.79251 5.4587 5.28575 5.1549 5.02707 5.23219 4.99641 4.57841 4.41421 4.24214 4.00025 3.80944
  3.68317 3.55372 3.42102 3.28736 3.2016 3.09399 3.01486 2.92192 2.80494 2.7139 2.65695 2.56732 2.63015 2.54906 2.53584 2.51722
  2.40868 2.40939 2.4388 2.40677 2.38778 2.31996 2.27086 2.25842 129*0 72.3596 72.3684 72.3655 72.3653 72.3709 72.3873 72.4016
  72.7236 72.9529 73.0667 73.1001 72.516 72.5458 72.5726 72.6082 72.6423 73.0069 73.9319 73.9939 73.7295 72.8088 72.8514 72.911
  72.9953 73.0383 73.1038 73.188 73.2648 73.2886 73.3137 73.35 73.4036 73.3692 73.0561 4*0 73.0376 73.0379 73.9747 73.9274 73.8851
  73.8313 73.7991 73.813 73.8421 73.6352 73.338 73.2104 73.1803 73.1569 73.1702 73.1684 73.1429 72.9157 73.0131 73.0393 73.7277
  73.8736 73.7896 73.7862 74.0361 73.6269 73.5179 73.3253 73.3767 73.3805 73.4678 74.4787 74.7556 74.4863 74.1229 74.0106 73.9956
  74.0734 74.0452 74.0859 73.8911 73.5749 73.5963 73.5559 73.4901 73.4478 73.547 73.8119 73.8969 73.9402 73.867 73.7287 73.5 69.7522
  5.64082 6.05869 6.50774 6.17044 5.84637 5.16889 4.91505 4.42873 4.514 4.57039 4.66916 4.6876 4.49037 4.58519 4.93888 5.08116
  5.3046 5.46628 5.09324 4.58803 4.57776 5.30155 5.52275 5.75937 5.78743 5.72459 5.69623 5.69476 5.71013 5.69616 5.70926 5.68232
  6.3082 6.617 7.09844 7.33569 6.04979 4.37616 4.32764 4.28695 6.17425 6.80715 7.71676 7.64527 7.42289 7.35703 7.05438 6.58502
  5.70069 5.81114 6.27205 6.59317 6.42586 6.21594 6.03584 6.15032 5.94252 5.86743 6.0637 6.52502 6.34128 6.10146 5.73295 5.66232
  5.59813 5.38125 5.17896 4.93899 4.74007 4.59482 4.46812 4.07136 3.95601 3.53709 3.38338 3.42377 3.39754 3.27361 3.19603 3.09076
  2.9995 2.89635 2.73212 2.68953 2.66058 2.7094 2.68848 2.65674 2.656 2.66171 2.59325 2.52685 2.50633 2.41225 2.37685 2.30154 11*0
  118*0 72.3401 72.3529 72.3676 72.3719 72.3744 72.3874 72.4059 72.3877 72.3825 72.8897 72.9863 73.0687 73.2286 73.44 73.2581
  73.0055 72.6738 73.3242 74.0379 74.1246 74.1099 74.1002 73.9383 73.8495 72.9716 73.0356 73.0752 73.1499 73.2482 73.3004 73.3098
  73.3478 73.4161 73.3557 7*0 73.8017 74.0704 74.0534 73.7977 73.6484 73.5674 73.45 73.4184 73.3877 73.3662 73.3146 73.2423 73.216
  73.1991 73.1905 73.134 72.963 72.8882 72.8368 73.2661 73.9475 74.0074 74.2999 73.8719 73.7554 73.5764 73.4233 73.3954 73.8233
  74.7708 74.7341 74.7616 74.2989 74.1229 74.1146 74.0677 74.0754 74.1404 74.535 74.5367 74.2523 73.9647 73.9668 73.9998 73.9057
  73.8794 73.9268 74.0269 73.8032 74.1896 73.8029 49.7484 10.5337 5.91616 6.21325 5.98303 5.55986 5.02838 5.00141 4.97585 4.93512
  4.5319 4.58342 4.66087 4.50511 4.58629 4.81546 4.95032 5.0146 5.36864 5.66472 5.0969 3.92202 4.67657 5.44495 5.71238 5.84557
  5.80423 5.74015 5.65658 5.61695 5.55674 5.74517 5.82026 6.05526 6.3007 6.38853 6.39783 5.9318 4.43219 4.38878 4.34392 4.46659
  5.5716 6.31634 6.6479 6.7166 7.44456 7.00599 6.73308 5.35223 5.57274 5.6835 5.61937 5.69081 6.12713 6.01988 6.24061 6.18276
  5.86356 5.79172 5.85677 6.48477 6.07131 5.96096 5.8578 5.59512 5.36981 5.00055 4.96218 4.74405 4.64743 4.46496 4.2642 4.0217
  3.76543 3.50663 3.31333 3.33629 3.38616 3.27741 3.19657 3.08292 2.87872 2.8148 2.75688 2.71755 2.76388 2.70125 2.65051 2.6473
  2.66455 2.64388 2.60017 2.55354 2.49303 130*0 72.3347 2*72.3591 72.3621 72.3845 72.4064 72.4193 72.4207 72.3724 72.3944 72.9689
  72.9764 73.0004 73.0348 72.9982 73.3006 73.6912 74.0167 74.0178 74.1546 74.259 74.2147 74.196 74.1983 74.1832 74.149 73.9306
  73.0944 73.1423 73.2172 73.3066 73.351 73.3767 73.4125 73.486 73.5507 6*0 73.3764 74.1898 73.4013 73.2182 73.0844 73.2637 73.3414
  73.3939 73.2418 73.0725 73.0279 72.7805 72.6865 73.0874 73.6587 73.8638 73.5906 73.2266 72.907 72.8802 73.4936 73.7789 74.5825
  74.5948 74.2411 73.9157 73.191 73.1003 73.4718 74.5717 74.8477 74.8002 74.742 74.4775 74.2367 74.2221 74.1959 74.1707 74.6049
  74.5407 74.7068 74.7709 74.5798 74.4956 74.3922 74.0584 74.1596 74.3223 73.6108 72.469 55.6408 17.144 6.01796 6.42058 6.83939
  6.70965 6.3817 5.573 5.16058 5.03205 5.01537 4.67197 4.5418 4.59532 4.28807 4.61082 4.81264 4.88206 4.94817 5.04302 5.41416
  5.37544 4.3628 3.92647 5.66277 5.60877 5.78855 5.96406 5.82747 5.62461 5.57121 5.44244 5.34739 5.50581 5.69221 5.96098 6.05092
  6.24218 5.95813 5.60416 5.21195 4.38081 4.34605 5.22247 4.89338 4.72541 5.95088 6.22022 6.38864 6.29924 5.84309 5.54599 5.56485
  5.68748 5.51467 5.67727 5.64831 5.58986 5.84886 5.79551 5.6232 5.59341 5.73817 5.8425 5.34874 5.52146 5.28995 5.21687 4.93035
  4.89273 4.78052 4.67496 4.5758 4.39576 4.09385 3.79711 3.55588 3.41212 3.38793 3.48054 3.37909 3.28306 3.17632 3.04386 2.97755
  2.89831 2.90076 2.89331 2.85156 2.7336 2.61279 2.54815 2.55498 2.66767 2.63695 130*0 73.0399 73.0615 72.9494 72.3616 72.3661
  72.3856 72.4174 72.4325 72.4517 72.3776 72.3924 73.1177 72.983 72.8462 72.8469 72.8442 73.1614 73.3961 73.7052 74.2048 74.4169
  74.427 74.4027 74.3211 74.3302 74.3489 74.3617 74.3446 74.3359 73.4243 73.2147 73.2913 73.3718 73.4074 73.4556 73.5052 73.5663
  73.6302 5*0 74.0248 73.4939 73.1542 73.1508 73.1595 73.3232 73.3535 73.3335 73.3535 73.0842 72.8696 72.7763 72.755 73.034 74.0046
  73.9437 73.9231 73.9146 73.6753 73.3344 73.7867 73.8186 74.2544 74.77 74.7525 74.1858 73.3735 73.1869 73.1135 74.1134 74.8101
  75.1453 74.9683 74.8576 74.8637 74.4675 74.2708 74.4108 74.9828 75.4065 75.438 75.056 74.5796 74.7785 74.7565 74.5837 74.5452
  72.1107 72.5664 54.7782 21.5451 5.95216 6.05136 6.22135 6.9156 6.2143 6.33585 6.9497 6.29724 5.83451 5.53473 4.61278 4.61528
  4.56714 4.36861 4.30998 4.81745 4.8635 4.88662 5.07351 5.0595 4.98096 4.72356 4.28501 4.76441 5.52379 5.45777 5.57117 5.60534
  5.63092 5.58716 5.39629 5.23566 5.17575 5.30396 5.50685 5.8422 6.04898 6.02784 5.96053 5.41979 5.87077 7.13414 5.27126 4.86716
  4.78845 5.13586 5.76776 5.98921 6.04009 6.11472 5.70688 5.73818 5.53664 5.37316 5.46267 5.8378 6.09489 5.66678 5.41484 5.81672
  5.89991 5.74234 5.45552 5.32537 5.57038 5.355 5.23371 5.12891 4.99529 4.88252 4.68827 4.61764 4.48255 4.32041 4.11697 3.87772
  3.62761 3.5037 3.60751 3.48874 3.38725 3.30538 3.14364 3.11326 3.05543 3.03424 2.96436 2.93688 2.89485 2.78662 2.66078 2.54148 2*0
  129*0 73.0624 73.0848 73.0873 73.1018 73.1204 73.1302 72.4025 72.4149 72.4409 72.4612 72.4 72.4081 72.4381 73.0521 73.072 72.9754
  73 73.1571 73.3943 73.4498 73.5697 74.3752 74.628 74.6436 74.5684 74.5413 74.5285 74.5759 74.5925 74.6051 74.5208 73.2067 73.2884
  73.3965 73.4552 73.4836 73.5195 73.5445 73.6234 73.6816 5*0 73.2073 73.2595 73.2468 73.2097 73.2733 73.4337 73.43 73.3859 73.251
  72.8517 72.6828 72.7705 73.0852 73.9531 74.1809 74.1047 74.0222 73.9906 73.9755 74.9796 74.9127 73.8745 73.8375 73.8082 74.2701
  73.913 73.44 73.1442 73.6122 74.4789 75.2716 75.303 75.039 75.0026 75.2824 74.9021 74.9126 75.5901 75.5539 75.372 75.8967 75.9627
  75.8399 75.4797 75.7126 63.2902 38.3688 8.98685 13.062 6.66075 6.02486 6.16953 6.30041 7.09333 6.00028 5.95891 5.99919 6.64156
  5.79262 4.88678 4.79191 4.6874 4.64109 4.54998 4.40164 4.3224 4.7936 4.76035 4.70442 4.47269 4.52018 4.6538 4.46833 4.91999
  4.99104 5.51812 5.67538 5.54503 5.50907 5.37096 5.3641 5.22208 5.33466 5.44676 5.48448 5.53868 6.23836 6.06753 5.98698 5.88367
  5.84544 6.08444 5.65934 5.33096 4.8281 4.82075 5.1952 5.90528 5.91603 5.94658 6.0085 5.62346 5.4086 5.26438 5.20687 5.47162
  5.72056 5.55332 5.38541 5.79413 5.61375 5.68483 5.51155 5.4221 5.31244 5.40673 5.30881 5.16551 5.08995 4.99682 4.83454 4.70699
  4.56653 4.43297 4.28909 4.1351 3.93261 3.74529 3.68542 3.67308 3.54981 3.39827 3.27186 3.20514 3.16194 3.1843 3.10371 3.01816
  2.93262 2.89989 2.86799 130*0 72.2582 72.2533 72.2812 72.5902 73.1038 2*73.1089 73.0058 72.8798 72.3923 72.4492 72.4712 72.9382
  72.6758 72.4438 72.4304 73.0781 73.2374 73.2089 73.5751 73.6056 73.7071 73.8342 74.0771 74.6723 74.7648 74.7587 74.7277 74.7458
  74.7003 74.7179 74.7324 74.7701 74.1215 73.2587 73.3561 73.4487 73.4817 73.5377 73.5707 73.603 73.6572 73.3637 73.2202 73.0638 2*0
  72.2371 73.062 73.3386 73.2802 73.2579 73.4889 73.5255 73.398 73.2609 73.0869 72.9044 72.8834 73.5682 74.3901 74.2278 74.227
  74.2161 74.1971 74.1244 74.0583 74.0009 73.9804 73.9577 73.922 74.09 74.0028 74.0168 73.7326 74.3256 74.4212 74.6116 74.8503
  74.6605 74.5891 75.0292 74.8356 74.9583 75.6125 75.9172 76.0967 76.2059 76.3571 76.4702 65.0305 44.4364 23.2005 8.63423 9.43004
  9.28911 9.00974 8.11385 7.31375 7.20843 7.4414 6.45865 6.06248 6.00284 6.26249 5.96602 5.68766 4.94803 4.83668 4.71506 4.65219
  4.5848 4.45392 4.33901 4.28206 4.39659 4.44439 4.45052 4.47884 4.56697 4.69386 5.06061 5.154 5.47618 5.55568 5.66866 5.44624
  5.39247 5.28142 5.34477 5.38016 5.59487 5.8538 6.02607 6.26868 6.35618 6.36932 5.91941 7.40195 6.25287 5.2673 5.12167 5.00315
  4.91522 5.21917 5.96833 5.96572 5.85079 5.85119 5.44004 5.21545 5.33039 5.46416 5.46221 5.42916 5.38774 5.54638 5.77946 5.95508
  5.62169 5.58019 5.32441 5.26371 5.38707 5.49069 5.27736 5.05421 4.88719 4.68868 4.57388 4.51714 4.34143 4.24025 4.03707 3.84513
  3.76086 3.71611 3.71073 3.77308 3.62347 3.47053 3.33508 3.2857 3.21474 2.9982 2.87598 2.95649 130*0 72.2541 72.2559 72.2586
  72.2913 72.3326 72.3035 72.6023 72.8219 72.8814 72.937 73.0234 72.7274 73.0282 73.4237 73.4512 73.5016 73.1698 72.8875 73.2793
  73.3486 73.6434 73.7701 73.8604 73.9641 74.9928 75.1426 75.0975 74.8971 74.8509 74.8927 74.9319 74.858 74.8278 74.8152 74.8352
  74.5826 73.3076 73.3856 73.4867 73.5033 73.5522 73.5991 73.2527 73.1384 73.0269 73.0578 72.9193 72.2993 72.2996 72.2805 73.0657
  73.2226 73.1117 72.8216 73.4448 73.4045 73.2935 73.956 73.7208 73.4905 73.4059 0 74.619 74.0251 73.7947 73.9896 74.2265 74.2155
  74.1813 73.9215 74.0468 74.1858 73.9669 74.5315 74.1103 74.3331 75.2219 76.0051 75.9732 75.4504 75.874 75.7619 75.484 75.5827
  74.6208 75.1712 76.275 76.3902 72.8254 62.5289 53.4032 24.3776 8.27184 8.63553 9.70826 9.56327 9.48069 9.39781 8.78136 8.41691
  7.72038 7.65391 7.22923 6.16562 6.12174 7.07492 6.95035 5.96426 5.88164 5.00505 4.86367 4.75681 4.66448 4.61189 4.50696 4.36371
  4.34904 4.39616 4.56963 4.43814 4.524 4.63068 4.96502 5.03789 5.06693 5.45491 5.31607 5.05209 5.09662 4.8486 4.67129 4.54173
  4.88947 5.71493 5.97023 5.90085 6.09368 6.3051 6.11019 6.68749 8.15105 6.14608 5.41124 5.49136 5.32929 5.07409 5.36666 5.97654
  5.93797 5.84793 5.78497 5.74517 5.72497 5.8318 5.6342 5.58271 5.45133 5.36875 5.58087 5.84551 5.8842 5.44969 5.52708 5.28846
  5.13048 5.4097 5.37181 5.11724 4.91429 4.74677 4.62482 4.47579 4.35306 4.29712 4.14216 3.98469 3.86648 3.80795 3.8928 3.8639
  3.94649 3.67148 3.35694 3.29018 3.17126 3.10898 2.97864 130*0 72.2592 72.2611 72.2604 72.2677 72.307 72.3425 72.3559 72.2701
  72.8083 72.9128 72.9159 73.1741 73.3255 73.3927 73.4391 73.5196 73.5968 73.6244 73.667 73.7473 73.828 73.8684 73.904 73.8801
  73.8825 73.942 75.2715 75.3024 75.1982 74.9553 75.0596 75.0357 75.0594 75.0462 75.0396 74.9809 74.9787 74.9124 74.1655 73.4517
  73.508 73.5395 73.5889 73.1723 73.3793 73.4533 73.0525 72.839 72.4853 72.324 72.3245 72.3159 72.8918 73.0458 72.1874 72.1789
  72.5489 73.5248 74.1055 73.4958 73.1176 72.9969 72.5749 73.0048 73.5032 73.1158 73.026 73.1628 73.0008 72.9724 72.9529 72.8444
  73.3619 73.7271 73.6932 74.9875 75.3727 75.6694 76.1658 76.2374 76.2537 75.7138 75.6809 75.2689 75.5136 75.6004 75.5755 75.5436
  76.476 58.2575 11.7087 10.9632 9.34009 8.89 9.37288 9.67866 9.8431 9.75072 9.62889 9.76239 9.20915 9.12105 8.11454 7.8108 7.63422
  7.10935 7.21787 7.33134 7.22074 6.0142 6.02096 6.52546 4.9159 4.6753 4.59742 4.62916 4.54487 4.39645 4.32329 4.37163 4.46916
  4.62446 4.72935 4.80094 5*0 4.14433 4.57421 4.65563 4.49091 3.97595 3.68621 3.63637 3.61009 3.58653 5.27287 5.80933 5.66368
  4.96243 4.56678 5.74159 6.53173 8.19384 6.41421 5.44165 5.89335 5.99423 5.94318 5.83335 5.75566 5.86698 5.81811 6.15016 6.0611
  6.13016 5.7776 5.5443 5.47718 5.72305 5.75851 5.3296 5.25856 5.18167 5.11224 5.28951 5.1257 5.00702 4.84593 4.72679 4.5686 4.47551
  4.36903 4.22251 4.06438 3.9116 3.96646 3.94871 4.09416 4.18796 3.81196 3.46173 3.23273 3.06728 3.09369 130*0 72.2504 72.261
  72.2682 72.2689 72.2713 72.3206 72.347 72.3149 72.2429 72.4497 73.0301 73.2878 73.3243 73.3897 73.4476 73.502 73.5949 73.6241
  73.6775 73.7484 73.4829 73.452 73.8228 73.9687 74.0036 73.971 73.9523 74.0037 75.3927 75.3961 75.1566 73.4591 75.0393 75.1565
  75.1679 75.132 75.1361 75.185 75.1105 75.0454 74.4009 73.5063 73.5421 73.5767 74.1064 73.5703 73.6931 73.6054 72.8564 72.2855
  72.3489 72.3313 72.3362 72.3299 72.2324 72.2242 72.2138 72.2576 72.2275 73.2801 76.1445 4*72.0194 72.876 73.1379 73.0221 73.0878
  73.2067 73.2218 72.9865 72.8561 72.781 73.1317 74.6074 74.8292 75.1228 75.3484 76.335 76.3643 76.3318 76.2712 76.2835 75.6758
  75.5852 75.6705 75.6328 75.5863 70.4723 30.4737 8.20428 9.325 9.96459 9.89656 10.2245 10.1244 10.3752 9.95956 10.6294 9.72124
  7.12394 8.2189 9.02166 8.03172 7.93854 7.77812 7.59999 7.46055 7.36856 7.27061 6.85464 7.0826 7.61076 4.96757 4.81621 4.71108
  5.09942 4.57688 4.35344 4.30424 4.35532 4.74516 5.46532 5*0 3.90852 4.51825 4.53329 4.48112 4.4495 4.52656 4.47584 4.21243 3.65107
  3.61142 2*0 6.77631 5.95739 3.46899 3.4046 0 7.98971 8.00711 5.58851 6.09999 6.07938 6.036 5.91558 5.8914 5.89077 5.84536 6.02134
  6.14327 6.24556 6.22056 5.76473 5.47764 5.44615 5.55 5.49838 5.4129 5.19254 5.15049 5.10103 5.11651 5.02888 4.89831 4.84015
  4.73053 4.64334 4.48284 4.32507 4.1697 3.98242 3.8935 3.99058 3.88797 3.924 3.86321 3.50528 3.31442 3.15037 129*0 72.2144 72.2199
  72.2422 72.2669 72.2711 72.2706 72.2759 72.3192 72.3463 72.2578 72.2422 72.4942 73.2431 73.2798 73.3198 73.3937 73.4459 73.5183
  73.6337 73.6555 73.7024 73.8355 73.6567 73.3296 73.3723 73.5156 74.0008 74.026 73.5798 73.368 73.7059 74.6084 75.1125 74.4184
  75.0605 75.3605 75.3658 75.3354 75.3586 75.3296 75.3603 75.2915 74.8312 73.9797 73.5441 74.5368 76.3051 76.2409 73.7899 73.7546
  73.2755 72.3859 72.3887 72.3753 72.3599 72.3451 72.3393 72.3035 72.2733 72.2879 72.3389 72.2326 72.0194 72.2513 72.167 72.0194
  72.0194 72.1108 73.0383 73.1768 73.0789 73.0426 73.2425 73.0664 72.9705 72.805 72.944 74.2526 74.7678 75.2047 75.2683 75.3707
  76.5017 76.5612 76.4856 76.402 76.3292 75.7009 75.7573 75.7683 71.756 39.0937 10.0868 8.43308 9.05217 9.79611 10.0784 10.434
  10.3016 10.1726 10.2505 9.59052 8.66839 5.0012 8.2346 9.32349 8.48565 8.15079 8.05629 7.90169 7.71842 7.5587 7.41946 7.35277
  7.47676 7.39739 8.33925 5.77819 4.2145 4.78832 4.63518 4.59553 4.45749 4.29091 4.29363 5.0767 5.29471 5*0 4.39316 4.60206 4.51275
  4.4645 4.42689 4.49505 4.47393 4.21532 3.67461 3*0 7.65381 7.73014 7.76529 4*0 6.22447 6.20726 6.00964 5.99565 5.93579 5.73569
  5.71569 5.77369 5.71253 5.95888 6.00406 5.76932 5.50668 5.41926 5.38777 5.33918 5.29446 5.34434 5.22186 5.11896 5.07146 4.99537
  4.97549 4.91792 4.82625 4.7538 4.52328 4.34937 4.21344 4.10354 3.95608 3.91621 3.95713 3.81357 3.83289 3.59465 3.39122 129*0
  72.2101 72.213 72.218 72.2337 72.2461 72.2621 72.2694 72.2815 72.33 72.2767 72.2398 72.2424 72.3135 73.2642 73.2904 73.3427
  73.4289 73.4578 73.5142 73.6032 73.6484 73.7929 73.88 73.9322 73.7474 73.509 73.4272 73.6528 74.0835 74.1001 73.5582 73.4783
  73.9942 74.1644 74.2622 74.6036 75.3324 75.4613 75.3569 75.1596 75.2213 75.3055 74.472 73.3365 73.4371 73.7737 73.9333 76.5278
  76.4732 76.4477 75.2107 74.0898 73.8988 72.7497 72.403 72.3865 72.3871 72.3786 72.3604 72.3541 72.355 72.3561 72.3709 72.3558
  72.3199 72.2743 72.2465 72.2409 72.2492 72.2484 73.4812 73.6365 73.3096 73.5218 74.0922 74.6766 74.9134 74.6788 75.3708 75.4012
  75.4038 75.4145 75.4043 75.6574 76.7073 76.6684 76.5774 76.5008 76.9514 76.469 74.2625 43.3759 8.69764 8.68719 8.74369 9.0329
  9.67376 10.1531 10.4424 10.3881 10.2951 10.219 9.33019 10.0959 9.9967 9.91305 9.81701 9.66645 8.17458 8.23816 8.1359 7.98366
  7.20952 6.60267 7.24119 7.06362 8.19744 7.34086 8.0369 7.0489 4.56736 4.78663 4.66638 4.49338 4.28863 4.26944 4.29938 6*0 3.93557
  4.40037 4.59693 4.5198 4.44937 4.43117 4.38597 4.36932 4.35665 4*0 7.59262 7.64191 5*0 7.16278 6.07529 5.84035 5.78304 5.70296
  5.66847 5.62827 5.5416 5.59736 5.58835 5.57984 5.3987 5.39286 5.36903 5.30689 5.19949 5.24617 5.16777 5.13897 5.0425 4.97943
  4.98088 4.90273 4.80071 4.71675 4.62013 4.42815 4.29452 4.13025 4.01869 3.95857 3.88784 3.84678 3.83308 3.84384 130*0 72.2036
  72.2074 72.2106 72.2259 72.2393 72.2448 72.2565 72.27 72.2868 72.2411 72.239 72.2429 72.3562 72.9538 73.3186 73.361 73.4499
  73.5051 73.5742 73.5884 73.6555 73.8081 73.9397 73.9598 74.054 74.1127 73.8485 74.0122 74.1679 74.1668 74.141 74.1896 74.1796
  74.2389 74.0536 73.4308 74.1628 74.8352 74.7544 74.8284 74.8182 75.1582 73.9362 73.3196 73.3589 73.4346 74.5799 74.7023 74.905
  75.3859 75.3996 75.61 75.7974 74.6163 75.4486 74.4632 72.4111 72.4061 73.3462 73.3212 72.3833 72.3644 72.3567 72.3615 72.3671
  72.3513 72.3337 72.3034 72.265 72.2586 72.6144 74.0658 74.8491 75.0474 74.899 75.1877 75.0312 74.9995 75.3666 75.4977 75.5532
  75.573 75.5952 75.577 75.4935 75.8675 76.7347 76.6693 76.6334 77.0654 54.8688 11.8535 8.90879 8.91521 8.93715 8.93595 9.91865
  10.8589 11.0823 10.701 10.5788 10.391 10.29 10.2533 10.1865 10.1267 9.95517 9.83642 8.26488 6.76765 7.64255 7.97325 7.06106
  7.75975 7.64705 8.17784 7.30946 7.12267 6.29372 6.13546 4.8813 4.24124 4.4336 4.57361 4.52939 4.28045 4.29506 4.29947 4.24539
  4.17622 4.15267 4.08641 3.98262 3.96586 3.94477 4.50309 4.70871 4.53334 4.4726 4.43021 4.38942 4.48858 4.76031 2*0 6.07104 6.50192
  6.6401 7.07636 4*0 7.82817 7.32988 5.95898 5.59742 5.56782 5.58967 5.55088 5.51041 5.54737 5.52067 5.53426 5.50189 5.36148 5.33072
  5.29189 5.26976 5.25742 5.17287 5.0972 5.01842 4.98858 4.92925 4.86827 4.7628 4.66843 4.58586 4.51482 4.37744 4.25553 4.11945
  4.0561 3.99941 3.88489 3.80484 133*0 72.2149 72.2244 72.2337 72.2427 72.248 72.2029 72.5856 72.695 72.8417 72.8598 72.8786 73.1642
  73.3522 73.3654 73.4432 73.4991 73.6186 73.6711 73.7238 73.8046 73.9263 74.0211 74.0752 74.1593 74.2293 74.2389 74.2468 74.249
  74.2741 74.2639 74.3169 74.1454 73.455 73.0297 73.006 74.7173 74.9502 74.9199 75.0104 75.0301 74.6453 74.2454 74.3293 74.2997
  74.6532 74.9318 74.9404 74.9821 75.1531 76.0379 76.0323 75.6746 75.5258 75.536 75.5231 73.978 73.9264 74.038 74.1149 73.3898
  72.903 73.3271 75.2123 75.0781 73.0284 72.3535 72.3425 72.3167 72.4234 73.9678 76.4781 76.49 75.5419 75.6582 74.9674 74.8437
  75.4563 75.5465 75.5859 75.6083 75.5902 75.6894 75.597 75.5114 75.9636 77.0979 76.8413 73.3526 28.2631 8.96204 8.91351 9.03333
  8.95216 9.0376 9.49055 11.1566 11.0924 10.9826 10.8984 10.7036 10.5435 10.3306 10.2876 10.2547 10.1246 9.12491 8.34291 9.15228
  8.45004 8.26396 8.71161 8.86335 8.60927 7.92052 6.54559 5.28731 5.06701 5.01923 5.12028 4.3946 4.17703 4.57335 4.74692 4.15952
  4.15672 4.2295 4.32765 4.25965 4.18372 4.15595 4.06345 3.98684 3.96856 3.95042 4.25098 4.56714 4.5346 4.47306 4.45667 4.63736
  4.68253 4.96011 5.69361 6.01718 6.14455 6.46309 6.54522 6.70038 6.7411 3*0 7.3 6.11633 5.77717 5.5593 5.48355 5.48277 5.5161
  5.47027 5.43328 5.45056 5.4426 5.37878 5.32609 5.28095 5.19833 5.14796 5.12702 5.04183 4.98488 4.92183 4.89334 4.88928 4.75301
  4.7066 4.64712 4.59825 4.45354 4.35021 4.26721 4.14412 4.0819 136*0 72.2238 72.2283 72.2344 72.247 72.4151 72.8374 72.8257 72.8424
  72.8521 72.9271 72.9747 73.0883 73.303 73.46 73.5185 73.6378 73.6933 73.8471 73.8924 73.9861 74.086 74.148 74.2192 74.2969 74.328
  74.322 74.4122 74.4335 74.446 73.8167 73.8007 73.0555 73.0432 73.0468 73.0565 73.7965 74.7771 75.0701 75.1737 75.0684 74.919
  74.9405 75.1977 75.7188 75.665 75.6767 75.7136 75.8984 76.4421 76.2641 75.9317 75.7377 75.744 75.7108 75.7075 74.98 74.155 74.1199
  74.0929 73.9847 73.9968 75.2546 75.5521 75.4718 75.4339 0 72.6011 75.2656 75.0239 76.6964 76.9621 76.0748 75.4914 75.9217 75.5203
  75.4554 75.6046 75.5818 75.6291 75.9144 75.7647 75.6309 75.8677 76.9638 77.4545 77.3605 62.2364 14.5212 9.0603 9.0324 9.03229
  9.16154 9.3186 9.66488 10.1642 10.6261 11.3027 11.1378 11.0905 10.8805 10.6924 10.4859 9.94312 10.2322 8.96013 9.83694 8.61599
  8.62608 8.51978 8.63584 9.35379 8.54327 8.54534 8.00279 5.91905 5.29214 5.24409 5.14692 5.09133 4.14733 4.29126 4.56984 4.13404
  4.10015 4.1378 4.18801 4.34202 4.4137 4.66502 4.1587 4.09516 3.9901 3.97174 3.95553 3.92637 4.57045 4.52491 4.52425 4.67879
  4.74625 5.05471 5.37641 5.85107 5.57186 5.65034 6.41008 6.52426 6.59018 6.58473 2*0 7.06851 6.66665 5.96077 5.73115 5.45226
  5.46908 5.43534 5.49152 5.45625 5.35792 5.40974 5.42459 5.37745 5.26365 5.20598 5.15404 5.08738 5.03507 4.98347 4.99789 4.91321
  4.85772 4.84623 4.70003 4.66803 4.64693 4.52188 4.42127 4.33318 140*0 72.2416 72.2445 72.5479 72.849 72.8681 72.8605 72.8664
  72.9457 73.001 72.9894 73.0447 73.1077 73.431 73.6576 73.7137 73.8988 74.0185 74.0294 74.1056 74.2033 74.2893 74.3358 74.4458
  74.4701 74.4774 74.2992 73.9296 73.0621 73.0732 73.0835 73.0697 73.0259 72.9784 73.0378 73.089 74.5 75.2052 75.2037 75.8359
  75.0285 75.0338 75.7322 75.8719 75.8129 75.7566 75.7902 76.4346 76.6477 76.3892 75.9943 76.0401 75.9697 75.9137 75.9651 75.8243
  75.3951 74.7353 74.8595 74.808 75.3715 75.7044 75.6679 75.6322 75.8942 75.6428 75.5081 75.3996 75.3536 77.2334 77.1297 76.4832
  76.1197 77.174 76.9116 76.1871 75.565 75.7071 76.8034 76.917 76.507 76.2737 77.2921 77.7398 77.4645 55.3513 9.82409 9.69046
  9.67699 9.89002 9.59244 10.2218 10.2392 10.6897 10.6898 10.5013 11.9849 12.1889 11.2709 10.9852 10.8378 10.6578 9.67509 9.57043
  9.00084 10.0805 9.611 8.63145 9.10113 9.31642 9.40609 9.34608 9.20811 8.64052 5.32181 5.24901 5.20465 4.40995 4.13037 4.01012
  3.9681 3.97203 4.10423 4.16816 4.17092 4.35315 4.32879 4.44333 4.39854 4.15923 4.11706 3.99458 3.97922 3.96616 3.93356 4.31175
  4.49804 4.55935 4.79343 4.95935 5.6436 5.76422 5.96666 5.78721 5.68988 6.34124 6.47928 6.52204 6.57874 3*0 6.46234 5.8462 5.60879
  5.50171 5.40971 5.47704 5.44812 5.42068 5.41035 5.43963 5.43754 5.35789 5.16444 5.12187 5.06809 5.0428 4.98584 4.97809 4.93382
  4.89779 4.83804 4.74153 4.712 4.65134 4.59759 143*0 72.2535 72.7544 73.1247 72.8667 72.8674 72.905 72.9632 73.0356 73.0437 73.0562
  73.1542 73.2153 73.2622 73.6092 73.9542 74.0503 74.1158 74.1571 74.175 74.3313 74.3905 74.4561 74.5304 74.6178 73.9769 72.9561
  72.977 73.0433 73.0823 73.1083 73.0283 72.9301 72.9097 72.9552 73.8381 74.8806 75.2334 75.2399 75.9065 75.7526 75.8485 76.0416
  76.048 75.9291 75.8545 75.9295 75.2758 74.7494 75.5291 76.161 76.1365 76.0713 76.0477 76.0661 76.0125 75.8821 75.9085 75.9716
  75.9313 75.8208 75.7647 75.7355 75.695 75.6917 75.699 75.6612 75.6125 75.5313 76.1743 76.5826 77.2527 77.1302 77.0874 77.1079
  77.2631 77.2831 77.3015 77.2916 77.2404 77.1729 77.5137 77.7254 77.7501 38.9293 9.53052 9.95152 9.94709 9.826 10.2638 10.4852
  10.7503 10.7718 10.7706 10.5178 11.2406 11.552 11.4471 11.4357 11.2417 10.9435 9.85041 8.97802 9.03761 9.43651 10.1264 9.99072
  9.88099 9.12934 9.01777 9.45301 8.80657 7.42446 4.49658 4.24451 4.30063 4.48714 4.28634 4.47152 0 5.0165 4.95717 4.80593 4.68482
  4.60286 4.53542 4.36127 4.26494 3*0 4.01928 3.98563 3.96992 3.94387 0 5.08953 4.89195 4.68719 0 6.40216 5.72608 5.86195 6.02441
  6.08072 6.10311 6.11834 5*0 5.48357 5.69419 5.61327 5.60813 5.53378 5.46679 5.40336 5.35332 5.38682 5.4849 5.48122 5.22661 5.13186
  5.05614 5.0063 4.97742 4.97174 4.93875 4.91792 4.87501 4.83913 4.81673 146*0 73.0444 73.0357 72.9397 72.9145 72.9024 73.0067
  73.3232 73.4853 73.2096 73.1707 73.1819 73.3099 73.3487 73.5938 74.0711 74.1359 74.213 74.2112 74.327 74.4441 74.5258 73.4598
  74.6583 74.7142 74.166 72.9735 72.9877 73.0358 73.0813 72.9899 72.9267 72.9472 72.9447 73.6861 74.7162 75.2485 75.2435 75.5402
  76.0706 76.3026 76.1993 76.2088 76.205 75.6803 75.343 74.8668 74.5884 74.3018 75.0599 76.2183 76.1331 76.1234 76.1298 76.0902
  76.1413 76.1112 75.8984 75.7312 75.7824 75.7971 75.9066 75.8484 75.7679 75.7591 75.7425 75.7142 75.6845 75.7093 75.6466 75.5627
  77.3376 77.266 76.0372 76.8846 77.4223 77.5073 77.4783 77.4118 77.3623 77.2764 77.4275 77.602 23.2737 9.66795 9.69875 9.86167
  10.1906 10.2298 10.9095 11.0516 10.8711 11.216 11.5885 11.6331 11.6515 11.575 11.3933 11.4404 11.3173 10.9854 10.8353 10.643
  8.99975 10.2565 9.34015 8.7872 9.06525 9.17435 9.31913 9.51523 9.31532 5.45573 4.35772 4.19499 4.65816 5.20798 4.53262 5.08179
  5.07195 5.04103 4.96963 4.82607 4.70177 4.6084 4.55989 4.40655 5*0 3.99088 3.97391 4.49527 5.25778 5.27529 4*0 5.85393 5.80094
  5.97679 6.05488 7*0 5.99873 5.81405 5.78309 5.70264 5.63243 5.52117 5.47617 5.37111 5.30564 5.28984 5.20886 5.1507 5.09717 5.02622
  5.01973 5.0009 4.95166 4.88429 4.98311 150*0 72.8846 72.9033 72.9142 73.052 73.3615 73.4691 73.5297 73.6403 73.4097 73.3538
  73.3436 73.697 74.1401 74.2248 74.2364 74.2956 74.1485 73.9155 73.6797 74.7036 72.0791 74.7398 74.7705 74.6666 73.0009 73.0129
  73.0486 72.9981 72.9032 72.9735 72.9855 73.6353 74.7781 75.0706 74.723 74.3188 75.8694 76.3907 76.6583 76.4702 76.3985 75.0203
  75.0298 75.1347 74.5307 74.173 74.2479 75.1079 76.3986 76.3121 76.2714 75.6292 76.1765 76.2501 76.0777 75.6952 75.7361 75.7123
  75.7283 75.9853 75.9098 75.9718 75.885 75.8349 75.7674 75.7275 75.7566 75.811 76.893 77.4946 77.3947 76.1121 77.0625 77.5727
  77.5731 77.5624 77.5148 77.4631 77.436 77.3253 50.8099 9.02521 9.82293 9.69388 9.86995 10.7343 10.4832 10.8987 10.6425 10.9523
  12.5196 11.6324 11.6288 11.6541 11.5551 11.4305 11.4511 11.3871 11.0888 10.8873 10.6969 9.21839 9.40948 9.55372 9.61153 9.59103
  7.18103 8.9428 9.55727 9.646 9.53272 9.02912 8.44435 7.547 6.13966 5.54194 5.64402 5.33098 5.04556 4.97834 4.84151 4.72791 4.61442
  7*0 4.26729 3.97636 5.12402 5.21048 5.2987 14*0 6.67208 5.99925 6.02767 5.88162 5.6706 5.52265 5.54273 5.45254 5.33843 5.25862
  5.3302 5.24499 5.22362 5.18547 5.03621 4.94317 154*0 72.9688 73.0381 73.2233 73.3154 73.3982 73.4987 73.6021 73.6861 73.8001
  73.8035 73.9388 74.0826 74.184 74.3141 74.3552 74.4499 74.2739 72.9354 74.0509 72.7005 74.7951 74.7876 74.8317 74.6131 73.0148
  73.0428 72.9489 72.8565 72.91 72.79 72.8063 74.743 75.0924 73.2898 73.2438 73.2807 74.6882 76.1113 76.1366 76.5 74.1829 73.6095
  73.6947 74.2727 73.7901 74.0959 74.5977 76.1805 76.684 76.5716 75.8438 75.7697 76.3838 75.9841 75.7534 75.8146 75.6606 75.3628
  76.0425 76.1929 76.0762 76.0574 76.0606 76.0615 75.9195 75.857 75.8643 75.8775 76.4774 77.6322 77.4642 77.8224 77.711 77.6712
  77.6662 77.6303 77.6208 77.5586 70.9667 27.1974 8.94098 10.0321 9.96338 10.1958 10.283 10.3589 10.9041 10.9397 11.0154 11.7394
  11.7291 11.5771 11.6229 11.5983 11.5379 11.5199 11.442 11.4022 10.6082 10.3924 10.7337 9.96246 10.2933 9.35653 9.46305 6.27361
  7.265 9.69128 9.58104 9.34956 9.20536 9.18125 7.95981 6.99114 6.10471 5.43795 5.49592 5.7272 5.03607 4.96576 4.818 4.75374 4.73371
  9*0 5.05543 12*0 5.55855 5.55646 5.52085 5.55097 5.9239 5.93574 5.99558 5.69474 5.57373 5.41688 5.42783 5.42683 5.37168 5.34255
  5.20856 160*0 73.2265 73.285 73.4323 73.4835 73.5518 73.6632 73.7169 73.837 73.9376 74.0609 74.1428 74.2429 74.3522 74.4829
  74.4687 74.6289 74.7626 74.8187 74.8384 74.8831 74.2279 73.0201 73.0081 73.0419 72.926 72.8926 72.9096 72.9119 72.922 74.55
  75.2907 73.306 73.3169 73.3024 73.3491 73.396 73.4225 75.1098 74.4053 73.6379 73.6995 73.6349 73.3213 73.1784 73.4164 75.0349
  75.9079 75.8689 75.8563 76.0314 76.7039 76.543 75.7922 74.832 75.6855 75.4091 75.9349 76.4668 76.4537 76.2634 76.3043 76.2342
  76.1396 76.1113 76.1252 76.0669 75.9916 75.9348 77.0391 77.5988 77.9002 77.8076 77.7792 77.7027 77.7358 77.6987 46.1356 9.42818
  9.27311 10.1032 10.1749 10.2106 10.2725 10.2967 12.0652 13.058 11.8942 11.8811 11.7704 11.7729 11.7345 11.6625 11.5395 11.5888
  11.5819 11.4456 11.3606 11.1015 10.751 10.715 10.5158 10.3184 10.2549 9.04279 9.19735 9.81062 9.75993 9.58275 9.99554 7.92164
  7.62065 7.50038 7.04751 6.67003 5.73427 5.1201 5.38338 5.59467 5.52833 5.52599 4.81974 4.70385 4.63461 8*0 5.04301 9*0 5.65818
  5.94395 6.05806 5.83571 5.69607 5.65525 5.82319 5.91325 5.89532 5.90953 5.59795 5.49345 5.40035 165*0 73.2531 73.3872 73.4839
  73.5209 73.641 73.6891 73.7734 73.8864 74.0795 74.1436 74.1999 74.3346 74.4419 74.4962 74.6066 74.8044 74.8544 75.0181 75.0295
  73.7602 73.0311 73.0467 73.0426 72.8186 75.0013 72.9054 72.9343 72.9616 73.9997 75.7061 73.2829 73.3021 73.3276 73.339 73.3755
  73.4586 73.5169 73.5252 73.5982 73.4241 73.183 73.122 73.0173 73.0137 73.7278 74.9208 74.6889 74.5011 76.0539 76.58 76.9077
  76.8251 75.9382 75.5107 76.0124 76.0166 75.9968 76.1278 76.3201 76.4995 76.3576 76.2275 76.2807 76.2481 76.2708 76.2198 76.1385
  76.7033 77.5284 78.045 78.0929 77.9502 77.8839 77.8261 51.8964 16.1682 9.36549 9.69724 10.1608 10.1345 10.2687 10.2374 10.2855
  11.0556 12.2701 11.7951 11.8735 11.8572 11.8057 11.8945 11.7839 11.5647 11.5384 11.4836 11.5433 11.4558 11.3946 11.0986 10.806
  10.7035 10.5332 10.3249 9.6621 9.66433 10.0067 9.82728 9.68969 9.2495 6.657 5.09868 5.07737 6.27208 6.6387 6.4295 5.93192 5.87696
  5.86361 5.98207 5.74509 5.50662 5.4301 4.97882 4.61943 4.59194 14*0 5.79807 5.69177 5.68547 5.72553 5.76807 5.91283 6.00021
  5.88329 5.80403 5.68506 5.88422 170*0 73.3576 73.4209 73.4451 73.5289 73.6265 73.749 73.7739 73.9734 74.1491 74.1835 74.285
  74.4463 74.5522 74.6372 74.7474 74.8483 75.0053 75.0824 75.0921 73.0315 73.057 73.0752 72.908 72.6354 72.7926 72.9244 72.9437
  73.0723 74.1479 74.1768 73.2993 73.3193 73.3561 73.3708 73.4095 74.5533 73.4194 73.5424 73.2225 73.7134 73.0766 73.0676 74.0591
  74.5195 74.1501 75.8569 75.1098 75.4836 76.2289 76.9094 76.4017 77.0351 76.3754 74.6776 76.5306 74.8656 75.3331 76.2921 76.2213
  76.1911 76.2791 76.3583 76.3795 76.4024 76.3639 76.3421 76.2855 77.9783 78.1576 78.2649 78.242 78.1105 44.6836 15.5505 9.38748
  9.54442 10.2121 10.1882 10.1942 10.1745 10.3265 10.3105 10.7506 11.9775 12.4451 11.8336 11.883 11.902 11.8979 11.8334 11.755
  11.5914 11.5776 11.4646 11.4662 10.8382 11.2687 10.738 10.7884 8.9642 11.3099 11.1 11.0206 10.032 9.95463 10.5889 9.15593 5.59125
  4.9472 4.63425 4.22734 5.18671 5.16453 6.00116 5.97982 5.9341 5.75108 5.66715 5.56355 5.50839 5.42548 5.14245 4.62479 4.59425 2*0
  0 4.65514 4.3964 4.54108 7*0 5.56223 5.70765 5.60545 5.56294 5.61383 5.70266 5.95248 5.98568 5.81527 5.83433 173*0 73.418 73.4786
  73.5742 73.6515 73.7533 73.8935 74.0671 74.1847 74.2549 74.4067 74.5281 74.6471 74.7744 74.8637 74.8542 74.9857 75.2037 75.1807
  73.7895 73.0734 73.0997 72.8398 72.8064 72.8686 72.9002 72.912 73.0575 73.2592 73.3048 73.335 73.3609 73.4071 74.3963 77.2807
  76.5407 73.448 73.5437 72.5623 73.7347 72.9445 73.9987 74.3244 74.7369 74.2417 74.2152 74.4491 75.0536 75.5351 74.9522 74.2658
  74.5982 74.454 75.1474 75.8219 75.6519 75.2164 76.7656 76.328 76.2872 76.3121 76.3721 76.4328 76.5086 76.5391 76.4213 76.9676
  78.0639 77.9082 46.4387 38.0809 9.95697 9.80747 9.58016 9.89732 10.3192 10.3085 10.2499 10.2304 10.2006 10.302 10.3361 10.2972
  11.7264 11.7327 11.8209 11.8523 11.9288 11.9118 11.8196 11.7969 11.6452 11.6365 11.5964 11.381 11.2966 11.2068 11.0656 10.7873
  12.7047 10.5711 11.0843 10.1688 10.0698 10.1996 8.95966 6.16825 5.02512 4.93258 4.86292 4.80139 4.58787 4.86739 5.83116 5.65665
  5.06174 5.50065 5.65918 5.56685 5.51022 5.33386 4.74838 4.6336 2*0 4.95502 4.74552 4.6024 4.63123 4.62814 6*0 5.37217 5.56596
  5.65299 5.61241 5.48914 5.69368 5.8053 5.82312 176*0 73.4769 73.543 73.6286 73.7088 73.8077 74.0131 74.1151 74.2328 74.3181
  74.4633 74.532 74.726 74.9249 74.9774 74.9935 75.0827 75.2022 75.2496 75.2532 73.1295 73.1096 73.105 72.8787 72.8297 72.8606
  72.8863 73.0415 73.2728 73.3518 73.4153 73.4671 73.4522 76.2783 76.7865 75.4066 73.2252 73.0876 73.1374 67.7514 74.2603 74.2367
  74.1619 74.1871 74.1119 74.2583 74.2537 75.1944 74.9902 74.2506 74.1087 74.1039 74.0941 75.3832 76.4505 77.1966 76.72 76.5744
  76.483 76.4887 76.4756 76.4846 76.7216 76.7298 76.5299 75.4169 44.2472 32.63 9.72635 10.1101 10.1073 9.9136 9.5002 10.3579 10.3703
  10.3804 10.2994 10.2593 10.0441 10.0147 7.60454 8.84858 9.96916 11.4179 11.7907 11.8695 11.8982 11.8993 11.896 11.8828 11.8396
  12.1237 12.0853 11.6073 11.3694 11.2097 11.1131 10.9421 12.9062 12.6737 11.723 10.2533 10.1801 9.30939 7.82213 7.1786 5.31349
  5.0096 4.93256 4.86673 4.82059 4.47832 5.42946 6.42235 4.97623 4.77004 4.74199 5.06694 5.04121 5.19842 4.85577 4.75318 4.64513 0
  4.95156 4.93469 4.59858 4.54031 4.65964 4.79172 6*0 5.35239 5.46465 5.54934 5.61408 5.66024 180*0 73.5991 73.6803 73.5626 72.6525
  72.7129 73.935 74.2564 74.4163 74.566 74.6847 74.8646 74.9763 75.0022 75.0605 75.1138 75.2614 75.3903 75.0462 73.1234 73.1253
  73.1356 73.1361 72.9965 72.8511 72.8872 73.0341 73.3156 73.4323 73.4786 73.5059 74.4069 75.6972 75.2791 73.1605 73.1935 72.9256
  73.3703 74.2805 74.0323 74.0649 74.0368 74.0191 74.0053 74.1319 74.1256 74.2172 74.1413 74.2262 74.13 74.8066 75.7963 75.9279
  77.5736 79.3348 77.4869 76.2418 68.9853 43.8767 38.3972 30.7756 8.58445 29.8769 11.9528 8.25639 8.18292 9.54791 9.94623 10.1453
  10.2076 9.97156 9.53421 10.3751 11.0433 11.6482 11.4922 10.1268 9.85837 7.84042 6.4681 9.79962 10.4885 11.1031 11.5364 11.9337
  11.8844 11.8595 11.9167 11.8876 11.8526 13.1532 12.046 11.474 11.2747 11.123 11.033 12.3182 12.801 12.6372 12.385 11.0752 8.59261
  5.93388 6.27657 5.75224 5.09295 5.02775 4.92253 4.37781 3.91936 4.01172 6.06544 6.01554 5.34644 4.60465 5.08815 8.01042 5.04092
  4.97609 4.85588 4.76667 2*0 4.93025 4.84619 4.81328 4.79747 4.78519 192*0 73.6997 73.5137 72.6362 72.6854 72.7337 72.8254 73.3878
  74.1716 74.5793 74.7746 74.8527 74.9583 75.1217 75.2016 75.2262 75.3409 75.4717 73.9359 73.1173 73.1658 73.1538 73.1484 73.1389
  73.1755 73.0339 73.2492 73.1816 72.7637 74.3704 75.8397 76.2989 75.7212 74.1576 72.9326 73.2033 73.1533 58.2514 51.5596 53.0486
  63.062 73.6013 74.0038 73.9292 73.8677 72.3247 68.0512 65.1685 61.0478 57.3026 55.6873 53.9616 58.9232 53.5362 35.485 11.3715
  9.1574 9.28555 9.3748 10.4346 10.4039 8.68211 8.62244 8.55297 8.45164 9.64214 9.96494 10.2441 10.5154 10.3051 10.1695 10.836
  11.5328 11.8229 11.674 11.5564 10.1693 10.0375 7.8798 9.55046 9.35549 9.22542 8.89233 8.65607 10.5199 11.8566 11.8152 11.926
  12.5853 11.7262 11.939 11.4811 9.14261 9.68481 11.0683 12.3679 12.9512 12.0284 12.5245 12.3661 12.3042 2*0 5.83028 6.41443 6.31152
  5.53131 5.74427 5.11478 5.43454 5.3048 5.28137 5.22874 5.18252 5.14527 0 6.15692 5.038 4.97391 4.84998 4.75443 4.64162 2*0
  4.80053 4.78826 4.75432 4.71955 192*0 73.8034 73.8176 73.9339 73.1774 72.8026 72.8809 72.9281 72.9485 74.2667 74.7127 74.8769
  75.0739 75.1821 75.2889 75.3481 75.3305 74.9933 73.1032 75.6689 76.8029 75.3973 73.1831 73.1554 73.1932 74.6412 72.9877 73.4097
  75.4709 76.2646 70.4404 38.8658 37.9984 36.5374 10.5768 8.34123 6.37083 5.54118 5.51655 5.36828 5.71903 5.73349 5.72756 6.50784
  5.96501 5.70967 5.71864 6.84927 7.43991 7.85665 7.29562 9.86138 11.4262 12.2492 11.5356 9.70315 8.78622 8.13299 8.36878 9.35056
  9.33709 7.92747 8.7108 9.02013 9.75788 10.4179 10.2727 10.582 10.5511 10.66 10.1494 9.47445 9.97422 9.41315 9.40101 11.2874 10.262
  10.1017 9.81031 9.58666 9.3934 9.24721 8.95651 8.70371 8.48111 9.53807 12.4335 11.8629 11.7683 11.6854 11.5309 9.2266 8.34569
  9.58004 11.8218 11.6661 10.6509 10.5082 12.4376 12.3538 12.276 3*0 5.69521 6.43921 6.94057 6.60423 5.48915 5.41783 5.3005 5.28159
  5.22091 5.1778 5.13232 5.07611 5.06652 5.0337 4.9693 4.83924 4.75178 4.6421 2*0 4.77609 4.7311 4.67866 4.64785 4.61483 192*0
  64.595 74.006 73.5196 72.856 72.9134 72.9443 72.9655 72.9876 74.0854 74.9694 75.1522 75.2178 75.248 75.2966 75.2852 74.521 75.1506
  76.9823 77.0209 77.0709 73.2399 73.2296 75.3835 74.5897 73.3537 44.9104 34.332 12.1857 6.68234 6.36662 5.9505 6.27401 6.27981
  6.51582 6.38776 5.72263 5.69754 5.59543 5.62202 5.79885 6.22391 6.58623 6.31974 6.85672 6.45512 6.55877 7.49371 9.37067 7.58859
  8.51055 11.8383 11.9397 10.1735 9.10977 8.28323 7.86085 7.84554 8.38481 8.52921 6.82606 7.31824 10.2363 10.3738 10.4423 10.4248
  10.4513 10.5745 9.24691 9.68449 8.34732 8.95874 9.28998 10.2677 11.9239 11.2555 10.1137 9.87905 9.62315 9.42294 9.25951 9.035
  8.71861 9.10392 11.1916 12.174 12.028 11.6047 11.5099 9.22477 8.35606 8.08504 7.97066 10.8806 10.713 10.606 10.7813 12.3906
  11.8808 4*0 5.70536 5.64557 5.61392 5.58043 5.46885 5.40419 5.30243 5.56282 5.21483 5.17174 5.12397 5.45556 5.06312 5.02746
  4.96212 4.82305 4.741 2*0 4.74664 4.70576 4.65817 4.64596 4.64424 193*0 6.59447 33.862 63.6696 72.8791 72.9166 72.9428 72.9529
  72.9911 74.0686 74.9381 75.0929 75.2479 75.2408 75.2211 74.9121 73.1778 74.7859 77.0904 77.1279 77.2068 73.2592 74.0684 74.1244
  69.2003 12.8422 6.60802 6.69296 6.91403 6.35932 5.97085 6.13031 6.42538 6.6174 6.39417 6.00379 5.76992 5.64466 5.56915 5.6146
  5.98075 6.46734 7.45177 9.33977 10.0519 10.1974 10.161 10.1163 9.71466 10.3663 11.1344 11.3481 10.2088 10.0524 8.35607 8.16
  8.00945 8.03818 7.50644 7.70141 8.18406 8.82918 8.79188 8.85401 9.30457 9.88095 10.094 9.42261 8.78278 9.73273 9.12004 9.39964
  9.60461 11.4959 12.3654 10.3699 10.1574 9.99964 8.80911 9.43372 9.27297 9.06724 8.71625 11.0486 11.6798 12.0721 12.1598 10.7468
  9.15864 8.4548 7.51852 7.46017 9.32939 10.7844 11.0132 10.8493 12.4004 12.398 12.0896 10.7025 4*0 5.64034 5.61242 5.60459 5.46106
  5.66301 6.04392 5.97237 5.88999 5.74209 5.76815 5.72988 5.60723 5.88952 6.03408 5.79675 4.95405 2*0 4.72194 4.65363 197*0 4.48953
  4.58014 29.0668 60.4247 72.9501 72.962 72.9685 74.0712 74.952 73.7302 73.0422 73.1457 73.1554 73.1696 73.2238 73.2381 74.2792
  75.5434 74.2584 72.9232 60.9787 33.2636 7.50309 6.09842 6.5844 6.92231 6.93462 6.27498 6.47355 5.71735 5.50602 5.6725 5.91622
  5.87892 5.63999 5.82588 6.01247 5.93186 6.46621 7.66351 8.33032 9.49302 10.3934 10.4124 10.1991 10.2086 10.0185 10.023 10.0766
  9.60081 8.36266 8.30087 8.48532 8.14989 8.1942 8.0754 7.68697 8.11186 8.52964 8.96288 8.5432 8.12676 8.84385 8.64796 8.58977
  8.02674 7.97563 9.82404 7.78414 5.34053 7.35951 10.7837 10.5819 10.4228 7.59743 6.66212 6.7081 9.94319 9.82407 9.62336 10.1789
  11.7406 12.2432 12.2918 12.8998 10.1461 8.73561 7.04474 6.79388 10.3378 11.3 11.5015 12.5479 12.4268 12.3976 12.3117 12.3089
  12.2273 12.0867 4*0 5.61468 0 5.46337 5.93156 6.02964 5.92328 5.88285 5.84374 5.77551 5.61946 5.92363 6.08706 6.02807 5.86425
  5.18623 201*0 4.53458 4.59619 4.64721 4.65689 26.3817 57.9547 72.9814 74.0573 74.9003 73.686 73.0437 73.1359 73.1562 73.8649
  73.2779 73.2556 73.2467 73.0767 45.9154 18.0901 4.37001 4.7468 6.39029 6.52395 6.63815 6.94388 6.89628 7.03951 6.80635 6.12324
  5.55407 5.69721 5.5162 5.60348 5.61158 5.74626 5.95886 6.11824 7.08946 8.16509 8.47291 10.231 11.4272 11.8347 11.3507 11.5891
  11.0979 10.4539 9.53143 8.80603 8.42349 9.5962 8.27518 8.04783 8.25332 7.8499 7.59571 8.43442 9.08861 8.97865 9.35255 8.90923
  8.26294 8.61971 9.06089 8.59648 9.37323 9.79986 7.63121 8.62101 10.8855 10.8033 10.7904 9.28424 7.77857 6.37818 10.4828 11.1916
  11.1889 11.1794 11.6104 11.9691 11.6063 12.0231 12.6296 8.79274 7.86684 6.72365 8.16981 12.7306 11.1871 10.9458 10.8679 10.9117
  12.3585 12.3303 12.2958 12.1753 11.993 3*0 5.62298 0 5.49377 5.46115 6.09624 6.02966 5.96606 5.87686 5.82336 5.73196 5.61187
  5.58732 5.55484 5.47168 5.39989 202*0 4.55455 4.58798 4.64055 4.63928 4.67691 4.69629 13.571 39.4512 60.3452 74.1068 73.057
  75.6529 76.5726 76.6057 61.5988 42.0292 24.0841 4.9876 5.03039 5.13472 4.85672 4.63545 6.87277 6.5047 6.78323 7.07023 7.10022
  6.50214 5.84749 6.22364 6.34215 6.19949 5.56771 5.65062 5.63257 5.84061 6.32932 6.6069 7.67696 8.4975 9.86372 10.7384 11.6617
  11.6929 11.5859 11.9896 11.0767 9.11877 8.50207 8.4645 8.97654 9.68867 9.61047 8.46684 8.31084 8.21777 8.95624 9.43309 8.91357
  8.93291 9.06492 8.45478 7.74024 8.1635 8.7073 8.97852 10.0039 9.78692 7.42125 11.5312 10.912 10.8118 10.6817 2*0 10.0255 10.9104
  11.1105 11.5426 11.5711 12.2608 12.314 12.3631 12.4193 9.63744 7.53264 6.59676 6.94543 8.61675 12.5769 12.5434 11.8056 10.8378
  10.7614 12.2833 12.2595 12.1934 12.046 11.898 2*0 5.65432 5.64199 2*0 5.44392 6.09111 6.07192 5.95296 5.86577 5.80096 5.69792
  5.60902 5.57574 206*0 4.60074 4.61842 4.62938 4.69421 4.7132 4.69389 6.22222 6.66904 7.04288 7.21385 20.1144 22.9544 15.7618
  4.91175 4.96252 4.97995 5.02126 5.10347 5.14005 5.12236 5.10445 7.07938 6.41881 5.95052 5.67147 6.00783 5.88988 6.6359 7.5463
  7.56132 6.56164 5.87669 5.83812 6.00974 6.14165 6.67075 7.59275 7.86131 8.7537 10.4918 10.6317 12.0257 12.0662 11.7698 12.2842
  10.5242 8.93029 8.99865 8.80439 8.89573 8.98659 9.92809 9.64208 9.26441 9.68222 10.0306 9.18995 9.05935 8.79709 8.17478 8.36929
  8.23442 8.93487 8.39669 9.13931 9.15409 7.84225 11.575 11.3671 4*0 10.2744 10.8189 11.326 11.3966 12.0387 12.1313 12.1754 12.2037
  12.2841 10.814 7.36747 6.92135 6.73133 7.62904 12.4986 11.4514 9.5109 10.5614 12.3588 12.278 12.2044 12.1111 12.0771 11.4578 2*0
  5.73064 5.67987 3*0 5.46137 5.99755 6.03617 5.94577 5.86341 5.77472 5.62959 208*0 4.60721 4.59305 4.60954 4.66898 4.69287 4.67086
  4.6539 4.68623 4.75512 4.76408 4.80249 4.85403 5.7281 4.89186 4.91746 4.94716 4.98017 5.04083 5.97618 6.68365 6.71923 7.37802
  7.67134 6.12508 5.76767 6.40475 6.72448 6.91559 6.84061 6.77202 5.84427 6.11016 6.20005 6.14909 6.28094 7.26497 7.95616 8.6423
  8.95838 10.5914 11.5097 12.6947 12.5819 12.4462 12.4538 11.5663 10.4757 10.4206 10.0421 9.67089 9.08792 10.1532 10.2547 10.8305
  10.3885 9.66326 9.49358 8.62818 8.39131 8.35135 8.58612 7.72055 6.91861 7.9444 8.06585 3.62825 3.62521 0 8.8861 9.46885 10.2365 0
  10.4621 10.1821 11.0889 11.4391 11.2907 11.1426 11.2671 12.0654 12.1304 12.2012 10.7358 7.31435 7.461 7.80668 10.3577 12.3981
  10.5786 8.00289 10.4713 12.269 12.1512 12.0327 12.0326 3*0 5.88074 5.76786 4*0 5.73653 6.05827 5.97481 5.91056 5.85959 211*0
  4.59133 4.61485 4.65314 4.6719 4.66904 4.6558 4.68342 4.72653 4.75592 4.81616 4.81824 4.82863 4.86262 4.8913 4.91534 4.96312
  4.95621 7.7887 7.80544 7.85718 7.59841 6.63098 5.79026 5.65798 6.29931 6.42458 6.3817 6.20791 5.6954 6.43959 5.86145 5.96829
  6.15767 7.1018 8.35811 8.67332 8.85678 8.81123 10.6466 12.4753 12.748 12.582 12.9951 12.8138 11.1664 10.7432 10.7178 10.4883
  10.5386 11.3442 11.0631 10.887 10.0484 10.1719 10.1962 10.1186 9.8974 8.34181 8.38357 8.74411 8.22065 7.36271 7.95385 6.97689
  3.62232 3.61904 3.61537 7.94002 7.60648 7.65094 8.39658 10.6958 10.7908 11.286 11.4876 11.6887 11.791 11.8631 11.9341 11.9972
  12.079 12.1686 12.2431 11.1188 12.2745 12.0826 11.5618 3*0 12.1173 12.0937 4*0 5.95406 5.87043 5.71224 4*0 5.89668 6.00196 6.0375
  5.88507 212*0 4.5705 4.61741 4.63251 4.66131 4.68055 4.65807 4.67883 4.71716 4.76248 5.59488 7.41563 7.49386 4.83094 5.0005
  5.22523 7.37757 8.55392 8.5482 7.88987 7.26875 6.10139 5.42007 5.42193 5.4393 5.56889 6.3143 5.8053 5.94074 6.76435 7.35515
  7.06857 5.99315 7.1328 8.53144 8.83697 8.65263 8.37627 9.25269 11.8738 12.7115 12.8563 11.8519 10.8665 11.2287 10.7555 10.641
  11.1077 10.7147 11.5694 11.5144 11.3807 10.6523 10.1387 9.91302 9.89624 10.0678 10.1608 9.94143 8.72663 8.2854 7.6876 7.79903
  7.3795 7.02416 3.61728 3.61377 4.17031 5.68026 6.09175 6.20976 6.35344 8.00706 10.8517 11.1467 11.238 11.3955 11.5585 11.7211
  11.7921 11.8637 11.9362 12.0099 12.0796 11.9091 11.677 11*0 5.95884 5.86157 5*0 6.06182 215*0 4.56578 4.61208 4.62801 4.66339
  4.66385 4.67436 4.72547 4.75083 5.57947 7.11416 7.27705 7.71751 8.63005 8.73721 8.85671 9.61738 9.55379 8.76465 6.96564 6.17398
  5.84143 5.65037 5.64301 6.06226 6.83528 6.7671 6.97565 6.98728 7.48962 7.77212 6.83313 7.95304 8.19988 8.62067 8.81595 8.09091
  7.12173 10.0186 12.7966 12.7782 13.4309 12.7843 11.4844 11.171 11.4271 11.8657 11.6918 11.4974 11.3874 11.4184 11.7892 11.8129
  11.1253 10.3095 10.1821 10.238 11.0803 9.44594 7.85979 7.9328 7.17162 7.50684 7.3176 6.77884 5.73223 3.61048 5.12678 6.43498
  6.45688 6.36009 6.47044 7.80438 10.8605 10.9933 11.1564 11.1746 11.2657 11.4465 11.6039 11.7437 11.7771 11.9102 12.4147 7*0
  7.53767 7.01652 228*0 4.59358 4.61966 4.66575 4.67377 4.71413 4.74561 4.76529 6.60218 7.07883 7.48981 7.96253 9.09989 9.49604
  9.6498 9.54627 8.60556 7.18698 6.71662 6.70783 6.93836 7.41281 7.05393 6.86374 7.68172 8.69419 7.97846 8.31811 8.83592 7.38872
  7.43369 8.24873 6.76217 7.8464 5.36529 4.11381 3.62125 10.3422 15.4716 14.8823 15.254 13.325 13.4888 13.1243 11.368 10.4714 10.82
  10.934 11.2867 11.5358 11.7028 11.8507 11.8062 11.7943 11.8522 11.4845 11.7556 7.73853 7.08115 7.03751 6.89568 6.2826 5.67066
  5.06603 4.95024 5.64071 5.79107 6.32194 6.44022 6.21729 6.78036 8.12891 10.6555 10.8407 10.9622 11.0817 11.1718 11.2497 11.3454
  11.4415 9*0 7.03737 7.52155 6.85827 228*0 4.58286 4.59427 4.65096 4.65367 4.70259 6.42259 6.01788 5.53177 6.90438 6.83481 6.96215
  8.96272 9.32274 9.58551 9.60714 9.46913 9.54242 9.64836 8.94074 6.06093 5.00183 6.31599 7.80221 8.89013 9.54251 9.62289 10.0512
  9.29327 7.57591 7.74547 5.16869 3.61684 3.61739 3.61808 3.61876 3.61962 15.3675 15.5141 15.4488 13.1979 12.3198 12.6926 11.1996
  10.7314 10.6551 10.4885 10.4926 11.1958 12.0491 11.9855 12.0404 12.0284 12.7761 12.7349 12.9882 9.59144 7.88295 7.31925 6.83016
  6.34512 5.85043 5.25269 5.52988 6.16711 5.86767 5.55429 6.09552 6.15807 6.61708 7.5687 10.1957 10.348 10.4766 10.6167 10.9116
  10.9977 11.1552 11.2214 11.2781 9*0 6.52545 6.65914 5.99147 229*0 4.60717 4.63805 4.64911 5.89933 6.76207 4.76649 5.14703 8.08711
  8.23715 8.85427 9.09379 9.3869 9.4923 9.56579 9.64722 9.6653 5*0 7.09225 10.3635 10.2366 10.5909 9.80587 7.99627 8.37562 5.28438
  3.61477 0 3.61642 3.61716 3.6177 3*0 12.6567 11.4518 10.9936 11.3272 10.2345 10.3699 10.2497 10.1732 11.0721 10.8433 10.9742
  11.2356 11.1612 11.7428 12.717 12.3181 12.7466 9.12372 7.73492 7.47663 6.66447 6.32205 5.63467 5.37238 5.58455 5.86924 5.66882
  5.42678 5.44751 5.7289 8.17347 10.0801 9.95732 10.0712 10.0797 10.5073 10.6697 10.807 10.9489 11.0155 10*0 6.30232 7.76411 5.0677
  5.5011 228*0 4.6521 4.68129 4.66217 5.13963 6.81219 6.78264 8.02065 8.62827 8.81921 8.91501 9.06082 9.27304 9.42427 9.50783 5*0
  7.47319 3.63346 7.47373 12.0592 11.4722 9.93383 8.75484 8.66925 8.69532 3.61318 3.6136 5*0 5.49033 5.48777 5.48673 12.0274 11.1461
  10.7154 10.4307 10.0887 9.9531 10.5825 9.99201 9.5968 9.56143 9.34702 9.99328 10.9203 12.3357 12.1571 10.795 9.47517 8.55096
  7.43343 6.73414 6.33955 5.49642 6.1311 5.93414 5.72517 5.76626 5.85494 5.3573 6.76942 0 9.99553 9.77344 9.82878 9.94767 10.1616
  10.3594 10.5147 10.6755 10.9846 10*0 8.18405 8.53712 230*0 4.80523 4.85235 5.06125 5.47488 5.5396 7.77022 8.04034 7.94521 8.50433
  8.88955 9.12433 9.28837 13.4121 8*0 3.62703 10.3735 11.9366 10.5418 8.98876 10.0476 3.61293 6*0 5.49902 5.49299 8.71963 8.63119
  5.48129 12.5999 12.3962 12.2857 11.2273 12.6921 9.29928 8.28063 8.26729 9.63847 9.39673 10.8491 12.9264 11.2235 9.57913 9.19071
  8.07039 7.33266 6.6973 5.86987 5.20653 5.6668 5.48165 5.50139 5.56648 5.05088 5.2917 6.49751 7.10863 2*0 9.63504 9.69831 9.7394
  9.85317 11.133 11.4738 10.8196 11.6593 251*0 6.4578 9.15511 11*0 15.185 15.2887 15.3795 15.5093 15.4694 2*0 16.3741 4*0 5.50351
  9.38037 11.5906 8.72849 5.48672 13.4158 15.4675 15.2857 14.3384 13.5012 13.2136 14.6292 14.5115 14.3208 14.0085 13.7868 12.0015
  10.5878 9.85917 8.33809 7.81061 7.44228 5.15823 5.39775 5.46215 5.77492 5.62906 5.66509 5.93849 5.53186 6.18102 7.04699 7.12437
  4.21484 9.34039 9.4197 9.53489 9.62739 9.71496 10.8582 253*0 3.66845 3.66831 3.66823 3.66724 8*0 15.0117 15.0864 15.2066 15.2948
  15.3652 15.4376 8*0 5.50483 5.49882 16.1836 0 15.8868 15.8031 15.4981 15.4114 14.3951 15.2706 15.1854 14.607 14.5064 14.2031
  13.8992 12.1502 11.1889 11.1362 10.9519 10.3946 9.50739 7.55808 6.93743 6.71701 6.55561 6.41072 6.58636 7.30896 6.70561 6.74576
  7.62285 7.24115 7.29268 8.48805 9.15586 9.28302 9.38501 9.41772 9.50162 10.7899 5.88864 252*0 3.6658 3.66532 3.6651 3.66484
  3.66499 7*0 15.0063 17*0 15.8776 15.6413 15.461 15.3823 15.3139 15.2375 14.896 14.6467 14.4908 13.5325 12.176 11.8617 11.3938
  11.2855 11.3532 11.2335 10.8875 9.49747 7.01984 7.38114 7.48587 7.24735 7.10353 7.57099 7.51104 8.00722 8.27586 8.38951 8.56915
  8.76742 8.87539 9.05245 9.17021 9.60675 9.04178 6.052 6.00043 251*0 3.66281 3.6629 3.66249 3.66222 3.66186 3.66213 3.66137 3.65969
  3.65888 0 13.7541 0 3.65909 3.65875 3.65827 16*0 15.8568 15.6136 15.4316 15.3582 15.2836 15.0604 14.7033 14.6089 12.4199 11.9323
  11.8474 11.6187 12.3658 11.0266 10.7658 10.6884 10.6656 8.48842 5.482 6.00006 6.5815 6.26766 7.33122 7.40941 7.65081 7.79621
  7.9891 8.24963 8.38085 8.49793 8.65983 8.08352 8.91076 10.0908 0 5.98813 250*0 3.66057 3.66151 3.66132 3.66103 3.66057 3.66025
  3.6597 3.65923 3.65932 3.65855 3.65778 3.65762 9.53399 4.71617 2*3.65921 3.65878 3.65845 3.65848 13*0 15.8778 15.7625 15.4966
  15.3967 15.3304 15.2488 14.9103 14.6582 14.529 12.3897 11.8276 12.6514 14.0549 14.0306 13.7325 10.4288 7.98392 6.68973 5.0902
  5.85429 5.91211 6.02873 6.80181 7.23954 7.36176 7.50837 7.64926 7.751 7.92838 8.14468 8.46524 8.37707 7.68584 9.55732 252*0
  3.65644 3.65822 3.65897 3.65914 3.65956 0 3.65795 5.89109 6.14372 3.65762 3.65725 3.6569 3.65723 3.65785 3.65864 3.65924 3.65947
  3.65942 3.65915 3.65889 13*0 15.7629 15.5903 15.4336 15.3485 15.2848 15.1874 15.0756 14.9737 14.4422 14.383 14.3827 14.2047
  14.0185 13.7813 2*0 4.35112 4.64685 5.69781 5.77572 6.16774 6.73394 6.88321 7.07923 7.26348 7.39938 7.46425 7.63043 7.73356
  7.85299 8.80619 9.06658 9.2882 252*0 3.65028 3.65176 3.65412 3.65569 3.65701 0 3.65586 3.65583 7.25548 7.53087 5.23001 3.83825
  4.66186 3.75353 3.65759 3.65854 3.6594 3.65982 3.65981 3.65965 3.65946 13*0 15.583 15.4936 15.3895 15.2896 15.2075 15.0977 15.0164
  14.8857 14.7653 8*0 5.54238 6.07299 6.2609 6.25559 6.64319 6.70065 6.92224 7.1596 7.24559 7.3884 7.46722 7.555 8.07765 256*0
  3.647 3.64991 3.65207 3.6531 3.65356 3.65421 3.65449 6.74926 5.92719 3.76517 5.39222 5.39236 4.25901 3.65745 3.65873 3.65958
  3.66006 2*3.66018 3.66014 0 14.8482 14.9446 4*0 7.83801 6*0 15.4136 15.3428 15.2064 15.1065 15.0294 14.9274 14.7084 8*0 5.77549
  6.16645 6.09792 6.11928 6.15452 6.50637 6.61766 6.70985 6.80214 6.99581 7.22592 7.36217 7.42049 8.13772 256*0 3.64437 3.64649
  3.64855 3.64987 3.65103 3.65235 3.65331 3.65383 3.65415 3.65453 4.39595 4.51545 3.65638 3.65766 3.65882 3.65976 3.66034 3.66065
  3.66076 14.6687 14.7602 14.8457 14.9257 5*0 10.4799 7.84565 0 15.4954 15.4226 0 15.304 15.2651 15.127 15.024 14.907 14.6112 11*0
  268*0 3.64279 3.64443 3.64619 3.64744 3.64912 3.65082 3.65228 3.65321 3.65375 3.65405 3.65472 3.6555 3.65652 3.65779 3.65905
  3.66007 3.66075 3.66111 0 14.1605 14.6488 8*0 3.66722 6.72788 15.4102 3.67206 0 15.2194 15.1248 15.0473 283*0 3.64365 3.64494
  3.64615 3.64812 3.64999 3.65157 3.65273 3.65355 3.65405 3.65467 3.65553 3.65663 3.65801 3.65936 3.66043 3.661 13*0 15.3466 15.3199
  8.35219 11.0421 15.1256 15.0519 284*0 3.64372 3.64474 3.64609 3.64773 3.64911 2*0 3.65379 3.65412 3.65475 3.6554 316*0 3.65422
  3.65476 3071*0 71.5875 315*0 71.5966 71.5815 71.5596 71.538 71.5189 311*0 71.6063 71.5903 71.5688 71.5435 71.5272 71.5146 71.5014
  71.4792 309*0 71.6429 71.5919 71.5463 71.53 71.5187 71.5052 71.4937 71.4795 71.4542 71.4141 71.3739 305*0 71.7373 71.7034 71.6299
  71.5881 71.551 71.5578 71.5431 71.5104 71.4619 71.4367 71.4011 71.3699 71.3816 71.4356 71.4228 301*0 71.7401 71.7278 71.733
  71.7151 71.6821 71.6504 71.6277 71.6137 71.5944 71.5266 71.5036 71.4842 71.4182 71.3263 71.3474 71.4078 71.3935 71.4317 301*0
  71.7187 71.7052 71.6936 71.6825 71.6603 71.6398 71.618 71.5984 71.559 71.4763 71.4599 71.4419 71.4227 71.3998 71.3694 71.3346
  71.3521 71.397 71.3518 299*0 71.7059 71.6855 71.6662 71.6547 71.6389 71.6275 71.6019 71.5803 71.5552 71.5123 71.4454 71.416
  71.4057 71.361 71.3182 71.283 71.2603 71.3038 71.2765 71.2312 71.1948 298*0 71.6698 71.6489 71.6387 71.6295 71.6102 71.5843
  71.5621 71.5474 71.5289 71.4309 71.3888 71.3403 71.3069 71.2859 71.2568 71.2301 71.2121 71.1946 71.178 71.1579 71.1306 298*0
  71.637 71.6207 71.6139 71.5939 71.5688 71.5485 71.5346 71.5169 71.4876 71.3485 71.3073 71.2782 71.2645 71.2429 71.2161 71.1903
  71.1593 71.1304 71.113 71.0893 71.0674 71.0401 296*0 71.6175 71.603 71.5846 71.5661 71.5526 71.539 71.5239 71.5024 71.4695 71.4408
  71.2841 71.2614 71.2343 71.2511 71.2087 71.1578 71.1312 71.1036 71.0779 71.0495 71.0365 71.0177 71.0004 71.0878 295*0 71.5911
  71.5616 71.537 71.5191 71.521 71.5069 71.4749 71.4489 71.4281 71.4038 71.3352 71.2294 2*71.1963 71.1193 71.0967 71.0747 71.0577
  71.0417 71.1122 71.1148 71.0396 71.0286 70.9404 294*0 71.5769 71.5488 71.5241 71.5076 71.4923 71.4769 71.4505 71.4274 71.41
  71.4069 71.4046 71.2985 71.2273 71.162 71.09 71.0679 71.0533 71.0375 71.0222 71.004 70.9709 70.9504 70.9279 70.9073 70.8878 71.034
  293*0 71.5372 71.5144 71.4958 71.4787 71.4572 71.4387 71.4291 71.4209 71.3926 71.4017 71.3208 71.3307 71.2402 71.1493 71.051
  71.0267 71.0204 71.0045 70.9892 70.9226 70.811 70.8974 70.8865 70.8687 70.9335 70.993 292*0 71.5404 71.5228 71.4897 71.465 71.4538
  71.4506 71.4456 71.4349 71.41 71.3765 71.3507 71.2921 71.2878 71.2312 71.1914 71.0153 70.9576 70.9368 70.9274 70.9201 70.8241
  70.8351 70.851 70.7629 70.7497 294*0 71.5282 71.5054 71.4713 71.4428 71.4423 71.4214 71.4481 71.425 71.3984 71.3645 71.374 71.3609
  71.3284 71.3206 71.3231 71.2174 71.0108 71.0318 70.7828 70.769 70.8021 70.8406 70.8036 70.7633 4*0 70.7159 290*0 71.4967 71.4577
  71.4397 71.4342 71.408 71.4542 71.4583 71.4277 71.4358 71.4177 71.409 71.4143 71.3862 71.3665 71.4135 71.3384 71.1256 71.0318
  71.0196 70.9963 70.9164 71.1878 71.2202 70.7429 3*0 71.1786 70.9216 70.9852 288*0 71.4465 71.4507 71.5058 71.5092 71.4853 71.4666
  71.4794 71.4607 71.4565 71.4491 71.4449 71.4364 71.4156 71.382 71.3405 71.3119 71.2686 71.2425 71.2133 71.1761 71.1004 71.1148
  71.0848 71.0664 71.152 2*0 70.6932 70.9023 70.9356 70.6308 288*0 71.4602 71.4879 71.5029 71.49 71.4556 71.4574 71.4592 71.4659
  71.4779 71.4561 71.4383 71.4062 71.3357 71.3239 71.2979 71.2659 71.2617 71.2496 71.2343 71.2263 71.1973 71.1395 71.0508 71.0695
  71.3792 72.2094 70.6632 70.6239 70.9704 70.8321 70.6055 70.5926 71.4446 285*0 71.7651 71.6984 71.5774 71.5172 71.4656 71.4398
  71.4202 71.4468 71.4527 71.5003 71.4605 71.3777 71.2794 71.2277 71.2352 71.2563 71.2527 71.2523 71.2387 71.2281 71.2114 71.1596
  71.112 71.0241 71.0694 71.3333 72.2145 70.6146 70.5841 70.7043 70.5948 70.6282 70.6368 70.7539 70.6286 284*0 71.7256 71.6891
  71.5657 71.4968 71.4525 71.4095 71.371 71.4293 71.4719 71.4504 71.4178 71.3159 71.2687 71.2299 71.2168 71.1979 71.1874 71.1849
  71.209 71.1968 71.171 71.097 71.083 71.0188 71.1443 71.276 71.4361 70.9261 70.5477 70.6074 70.6152 70.6111 70.6087 70.6128 70.6111
  70.6066 70.8168 281*0 71.737 71.7244 71.6857 71.5367 71.4804 71.449 71.4477 71.5365 71.6102 71.4383 71.3928 71.4148 71.3037
  71.2675 71.2362 71.2088 71.1908 71.1753 71.1698 71.1554 71.1654 71.1146 71.1355 71.1051 70.9503 71.0182 71.1701 71.1643 70.86
  70.6308 70.5975 70.5934 70.5827 70.583 70.5856 70.5817 70.5437 70.631 70.6861 280*0 71.864 71.9794 71.7845 71.6775 71.7078 71.7466
  71.7075 71.7395 71.5157 71.4447 71.4078 71.4172 71.2796 71.2519 71.2201 71.1926 71.1733 71.1544 71.1586 71.1432 71.1507 71.1075
  71.0587 71.0287 71.0694 71.0231 71.1209 71.1148 70.6886 70.6944 70.5811 70.5744 70.5678 70.5634 70.5604 70.5499 70.474 70.4802
  70.5143 70.6964 70.8135 278*0 72.0804 71.9886 71.7286 71.6057 71.5674 71.676 71.7742 71.7536 71.6544 71.5015 71.3738 71.3199
  71.2324 71.2209 71.2008 71.1791 71.1571 71.1347 71.1523 71.1388 71.1036 71.0755 71.0742 71.0759 71.0666 71.0483 71.0734 71.0839
  70.9611 70.547 70.5535 70.508 70.4434 70.4464 70.4967 70.5221 70.5328 70.4991 70.4949 70.6745 70.871 70.9256 274*0 72.3238 72.2755
  72.2174 72.1496 72.1133 71.7056 71.6014 71.5598 71.6184 71.7713 71.7684 71.707 71.5386 71.2846 71.2541 71.2373 71.2061 71.1881
  71.1699 71.1458 71.162 71.1336 71.1215 71.1028 71.0705 71.0743 71.0642 71.051 71.0324 71.0074 71.0336 71.0521 70.8916 70.5948
  70.5743 70.4721 70.473 70.4778 70.4949 70.5092 70.5599 70.5357 70.732 70.8736 70.8671 70.9675 70.9875 270*0 72.5487 72.4547 72.397
  72.3549 72.3302 72.2525 72.1682 71.8913 71.7401 71.7363 71.8328 71.8304 71.8748 71.8584 71.648 71.3446 71.2929 71.2845 71.2491
  71.1863 71.1481 71.1762 71.1503 71.1217 71.1072 71.0944 71.0759 71.0659 71.0487 71.0358 71.0242 71.0037 71.025 71.0385 70.8125
  70.6541 70.6034 70.6016 70.5497 70.5326 70.5249 70.5478 70.5943 70.5853 70.8895 70.9407 70.865 70.8585 70.886 70.9553 22.5838 2*0
  264*0 72.7098 72.6741 72.6565 72.6025 72.5129 72.4543 72.3832 72.3285 72.2802 72.0761 71.9967 71.9948 71.9557 71.8952 71.855
  71.8364 71.5346 71.3702 71.3271 71.2739 71.2558 71.1658 71.1951 71.1713 71.1428 71.1235 71.1057 71.0724 71.046 71.0321 71.0433
  71.0222 71.0038 71.0194 71.0289 70.9744 70.7582 70.6503 70.5714 70.5833 70.5609 70.5376 70.5266 70.5451 70.5463 70.8165 70.9863
  70.9573 70.8828 70.8734 70.9599 70.9778 26.3501 2.6037 2.64329 261*0 72.9628 72.9128 72.847 72.7739 72.743 72.6805 72.6531 72.5924
  72.5555 72.4893 72.4207 72.3507 72.2388 72.1153 72.0437 71.9763 71.7635 71.5966 71.4343 71.4972 71.4057 71.3649 71.3378 71.2286
  71.1926 71.1845 71.1592 71.137 71.1136 71.1029 71.049 71.0162 71.003 71.0208 71.0138 71.0065 71.0044 71.0272 70.948 70.6603
  70.5868 70.5674 70.6011 70.6897 70.6495 70.4769 70.5002 70.5233 71.0889 71.0922 71.0513 70.7722 70.8263 70.9526 70.9657 34.7808
  2.57994 2.62963 2.70522 2.71231 2.71661 256*0 73.1338 73.075 73.0434 73.011 72.9326 72.8431 72.7763 72.7374 72.6765 72.6511 72.576
  72.4117 72.306 72.3376 72.287 72.2009 72.1419 71.6133 71.448 71.4532 71.5178 71.5191 71.5125 71.4339 71.3282 71.2383 71.2012
  71.1829 71.1632 71.1367 71.1221 71.097 71.0528 71.0128 71.0069 71.0167 70.9914 70.99 70.9852 71.0392 70.8721 70.5269 70.5102
  70.6761 70.7808 70.776 70.7713 70.5158 70.4542 70.4669 70.9465 71.0808 70.8676 70.6588 70.6908 70.9381 70.9548 39.9953 2.65251
  2.7088 2.69661 2.70656 2.70044 2.68265 2.6533 251*0 73.5392 73.3872 73.3158 73.2263 73.1494 73.1325 73.0542 72.8164 72.8093
  72.8393 72.7944 72.7596 72.7276 72.5794 72.2634 72.2085 72.2457 72.1426 72.1448 71.8475 71.5304 71.5437 71.4505 71.4739 71.4881
  71.4563 71.4164 71.2848 71.2352 71.2024 71.1912 71.1615 71.1371 71.1153 71.0902 71.066 71.0204 71.0065 71.0008 70.9859 70.978
  71.0247 70.9258 70.7405 70.4787 70.4788 70.5152 70.7609 70.7596 70.7583 70.4588 70.4134 70.461 70.5285 70.7482 70.6833 70.7272
  70.9077 70.9343 70.9501 41.997 2.69703 2.67035 2.66761 2.6805 2.67119 2.67873 2.58135 2.58644 2.53292 247*0 73.928 73.8489 73.7404
  73.5311 73.3932 73.3099 73.2486 73.101 72.776 72.7837 72.8933 72.9138 72.8322 72.801 72.7686 72.746 72.2368 72.1143 72.0463
  72.0388 71.854 71.7185 71.6718 71.5532 71.4846 71.4798 71.4267 71.414 71.3239 71.2861 71.2648 71.2464 71.1899 71.1645 71.1252
  71.1023 71.081 71.0529 71.04 71.018 70.9994 70.9778 70.9635 70.9914 70.8275 70.6824 70.4037 70.3907 70.382 70.4357 70.6186 70.5103
  70.3958 70.4202 70.397 70.5822 70.893 70.8777 70.8518 70.8851 70.9187 70.9687 43.1006 2.68407 2.65155 2.65377 2.64129 2.6749
  2.67106 2.58998 2.58294 2.53608 2.64047 243*0 73.9694 73.8415 74.1603 74.173 74.1322 73.9729 73.7991 73.4984 73.4094 73.3561
  73.2996 73.2955 73.3686 73.1815 72.9919 72.8986 72.8304 72.8616 72.5255 72.153 72.021 71.8285 71.6622 71.6266 71.6552 71.7193
  71.6329 71.5201 71.4791 71.4621 71.4148 71.3146 71.3137 71.3307 71.2893 71.2238 71.1767 71.1554 71.1813 71.11 71.0719 71.0537
  71.0302 71.0135 70.9841 70.9673 70.9249 70.8865 70.8998 70.6888 70.4793 70.3682 70.4792 70.5225 70.4554 70.6385 70.6438 70.8823
  70.8876 70.9108 70.8231 70.8399 70.8559 70.8888 70.9761 32.3388 2.60768 2.62637 2.6475 2.65937 2.68343 2.69861 2.71275 2.71688
  2.72431 2.69446 2.65254 2.67012 239*0 74.5254 74.5283 73.8426 73.2216 72.6293 0 74.9212 74.2595 74.048 73.8761 73.6634 73.5185
  73.5781 73.4673 73.3907 73.3487 73.2919 73.0653 72.7308 72.5019 72.2607 72.0688 71.8844 71.8047 71.6723 71.6338 71.7556 71.7886
  71.6132 71.5346 71.5335 71.4881 71.438 71.4151 71.3645 71.3185 71.2742 71.2129 71.1892 71.1906 71.1588 71.0804 71.0761 71.0616
  71.0414 71.0245 70.9928 70.967 70.9572 70.9474 70.9908 70.9831 70.8795 70.7502 70.7538 70.8618 70.8843 70.888 70.8957 70.9431
  70.8838 70.8887 70.807 70.8414 70.8864 70.9312 47.2245 5.48007 2.48346 2.61677 2.6597 2.68864 2.70787 2.72246 2.66125 2.64978
  2.57264 2.61345 2.66055 2.6471 2.55989 235*0 74.4453 74.1058 74.2678 74.57 0 73.0094 72.8106 72.6567 72.5902 0 74.686 74.2515
  74.1117 73.981 73.8971 73.6802 73.5555 73.4751 73.3997 73.4123 72.6936 72.5149 72.3394 72.1644 71.9296 71.8906 71.8422 71.8473
  71.9275 71.8717 71.6733 71.6138 71.586 71.5538 71.5032 71.4592 71.4265 71.3576 71.3156 71.2589 71.2258 71.1838 71.1621 71.1055
  71.0826 71.0581 71.063 71.0552 71.0247 71.0001 70.9696 70.9643 70.9651 70.9306 70.8771 70.853 70.7948 70.7923 70.8265 70.8861
  70.8402 70.8241 70.9672 70.9478 70.8971 70.8156 70.7587 66.0921 28.8576 2.95307 2.68254 2.66946 2.66943 2.68063 2.69032 2.69436
  2.6497 2.65513 2.65247 2.57133 2.62934 2.65427 2.65981 2.58458 2.44923 2.41681 231*0 74.6953 74.5282 74.6413 74.5176 74.4251 2*0
  73.0301 72.8829 72.6896 72.6036 0 74.4515 74.3867 74.1277 74.1664 74.006 73.9248 73.7389 73.4024 72.7904 72.5429 72.4985 72.4598
  72.1974 72.0007 71.9318 71.8493 71.7682 71.8249 71.817 71.7023 71.6845 71.654 71.6133 71.5659 71.5168 71.4819 71.4377 71.3681
  71.3089 71.2617 71.2186 71.141 71.1066 71.0984 71.0871 71.0658 71.0468 71.0421 71.023 71.0005 70.9769 70.9666 70.9456 70.9 70.7334
  70.7787 70.7978 70.776 70.7735 70.8012 70.7897 70.8025 70.8631 70.9067 70.8529 70.7519 63.6867 14.2709 2.58475 2.58568 2.6591
  2.68022 2.66363 2.68315 2.68004 2.67379 2.64112 2.6453 2.60826 2.63291 2.63247 2.64954 2.63375 2.65122 2.49837 2.29159 2.4964 2*0
  226*0 74.5239 74.7528 74.812 74.7745 74.6434 74.336 74.499 0 73.3029 73.109 73.6618 72.7428 2*0 74.2838 73.916 73.7922 74.2921
  74.2204 74.0707 73.7444 73.0273 72.7327 72.6109 72.5983 72.3708 72.1006 72.0023 71.8723 71.7768 71.75 71.8132 71.7816 71.7448
  71.7122 71.6683 71.6318 71.5814 71.534 71.4943 71.4439 71.3887 71.3065 71.2655 71.1709 71.1202 71.1109 71.0989 71.0861 71.0551
  71.0443 71.0271 71.0258 70.9981 70.9855 70.9836 70.9363 70.8117 70.7673 70.85 70.8269 70.7871 70.7451 70.7726 70.7647 70.8384
  70.8104 70.841 70.7811 70.8502 27.6072 2.50891 2.52545 2.53656 2.60157 2.64643 2.68975 2.64953 2.62323 2.5476 2.55301 2.58297
  2.64528 2.64802 2.65906 2.65519 2.65414 2.62136 2.47199 2.30524 2.60499 2.76803 224*0 74.8171 74.5415 74.4733 74.6503 74.8683
  75.0396 74.9808 74.7906 74.1743 73.6144 73.5146 73.4321 73.1845 73.0141 2*0 76.0254 74.2958 73.5672 73.5137 74.0592 74.3408 73.71
  73.0243 72.808 72.6231 72.5276 72.5088 72.3475 72.0935 71.972 71.8638 71.7857 71.8377 71.8497 71.8036 71.7665 71.7343 71.6916
  71.6594 71.6054 71.551 71.4945 71.4509 71.394 71.3493 71.2489 71.1674 71.1277 71.1028 71.0914 71.0881 71.0746 71.0443 71.0436
  71.0292 71.0172 71.0062 70.9767 70.9538 70.9186 70.9081 70.8834 70.9148 70.8136 70.7146 70.7714 70.784 70.8223 70.8096 70.8343
  70.8467 68.4541 6.30616 2.48163 2.52664 2.53783 2.53764 2.56453 2.56198 2.5555 2.53338 2.53532 2.54711 2.64231 2.64466 2.58552
  2.60715 2.65955 2.66071 2.57754 2.40356 2.56944 2.71545 2.76389 222*0 73.8592 74.4179 74.7933 74.9724 75.0988 75.0779 75.1616
  74.9718 74.9912 75.0057 73.7533 73.6518 74.2475 74.2808 73.2954 73.084 2*0 75.2516 73.8468 73.7251 73.5365 73.1566 73.1173 73.0802
  72.569 72.4072 72.4649 72.3694 72.2421 72.1752 72.079 71.9703 71.9003 71.8406 71.91 71.8713 71.8197 71.7796 71.7473 71.707 71.6262
  71.4888 71.4696 71.4604 71.4585 71.3742 71.2773 71.2312 71.2001 71.1619 71.1219 71.0914 71.0832 71.0669 71.0617 71.0544 71.0431
  71.0373 71.0258 70.9986 70.9609 70.9458 70.9211 70.8971 70.9081 70.8523 70.7216 70.7215 70.7959 70.8038 70.8193 70.8249 70.8889
  59.8798 2.50927 2.48756 2.52742 2.53739 2.53534 2.55084 2.54352 2.54741 2.55097 2.54082 2.63668 2.64605 2.55724 2.56371 2.57872
  2.67258 2.65486 2.55632 2.43453 2.6098 2.75492 220*0 75.0779 74.9501 74.3549 74.1765 74.7625 75.7398 75.8364 75.4991 75.2204
  75.1879 75.1315 75.122 74.8038 74.4836 74.4685 74.5976 74.5375 73.3771 2*0 75.8204 74.9623 73.698 73.3836 73.0886 72.9001 72.7213
  72.5987 72.4487 72.3589 72.2748 72.26 72.124 72.0942 72.0725 71.9933 71.9039 71.8427 71.9167 71.8545 71.7731 71.7569 71.7421
  71.6984 71.5382 71.4643 71.4266 71.3902 71.3481 71.3071 71.27 71.2429 71.2192 71.1813 71.1389 71.1098 71.1021 71.0933 71.0944
  71.0682 71.0488 71.0477 71.0404 71.022 70.9697 70.9537 70.9231 70.9062 70.8702 70.8804 70.8383 70.7215 70.7473 70.8564 70.831
  70.8405 70.8809 57.1477 2.53505 2.53278 2.5742 2.55681 2.54551 2.55784 2.55068 2.54042 2.54748 2.59562 2.62631 2.55659 2.53268
  2.55259 2.63022 2.69663 2.65521 2.50489 2.48906 2.54556 2.70159 218*0 75.8642 75.4953 75.2041 75.2003 74.9414 74.9381 75.7118
  75.9317 75.8843 75.7142 75.4677 75.3638 75.1936 74.9859 74.778 74.7633 74.7479 74.893 75.2717 2*0 76.5803 75.4088 74.0813 73.2258
  73.1021 72.9155 72.7412 72.6443 72.6561 72.6335 72.5251 72.3373 72.2229 72.1165 72.0636 72.0297 71.9777 71.9013 71.8467 71.8484
  71.7086 71.6335 71.5898 71.596 71.5444 71.482 71.4242 71.3879 71.3818 71.3411 71.3121 71.2702 71.2405 71.2125 71.1856 71.1652
  71.1532 71.1205 71.1208 71.107 71.0771 71.0569 71.0496 71.0372 71.0151 70.9926 70.9738 70.9252 70.8953 70.8687 70.8529 70.8409
  70.7991 70.8154 70.8379 70.8559 70.8466 70.9126 47.4425 2.53505 2.56147 2.59778 2.55775 2.5591 2.55766 2.55529 2.54914 2.53929
  2.5413 2.52931 2.53073 2.51219 2.5614 2.67414 2.64641 2.38595 2.38019 2.59396 2.56024 2.71921 2.7558 2.75808 214*0 76.0014 76.1216
  76.1571 76.1843 75.5827 75.9618 2*76.2533 76.2507 76.2445 76.1854 76.0738 75.9538 75.4756 75.1136 75.1354 76.0266 76.2834 76.3674
  76.302 76.0996 0 72.1534 73.3847 73.536 73.3256 73.0481 73.0291 72.8955 72.7534 72.6612 72.5936 72.4968 72.3804 72.2878 72.2066
  72.1496 72.0988 71.9968 71.9467 71.8718 71.7773 71.7239 71.6705 71.6328 71.5757 71.5247 71.4889 71.4471 71.3885 71.371 71.3427
  71.3144 71.2588 71.2118 71.1889 71.1622 71.1436 71.1499 71.1585 71.125 71.1232 71.1046 71.0735 71.0544 71.0427 71.0423 71.0152
  71.0122 70.9982 70.9731 70.9421 70.9097 70.9031 70.9085 70.8841 70.8786 70.8834 70.8606 70.8469 70.8563 37.8905 2.57733 2.56682
  2.61862 2.56545 2.5858 2.60925 2.6106 2.59985 2.49986 2.49582 2.52418 2.56702 2.4544 2.52743 2.57348 2.3458 2.51218 2.52159
  2.51072 2.59227 2.7334 2.7516 2.75483 211*0 76.1005 76.1401 76.1754 76.2105 76.3437 76.3658 76.1511 75.4314 75.3957 76.4376 76.436
  76.4249 76.4071 76.3479 76.3193 76.2901 75.911 75.2393 75.8326 76.2755 76.5641 76.6067 74.7976 72.7293 72.5391 72.7838 73.2243
  73.2903 73.105 72.9582 72.8618 72.8224 72.6907 72.6078 72.5715 72.4863 72.3964 72.3245 72.268 72.2082 72.1299 72.0308 71.9516
  71.8676 71.7922 71.7228 71.6682 71.6255 71.5695 71.5126 71.481 71.4424 71.3874 71.3559 71.3257 71.3047 71.2536 71.2311 71.1945
  71.1508 71.132 71.1269 71.1257 71.1347 71.1158 71.1095 71.0747 71.0575 71.034 71.0396 71.0169 71.0179 71.022 70.9922 70.9624
  70.9363 70.9286 70.9254 70.9247 70.8977 70.9174 70.9109 70.9076 70.869 70.8954 2.62797 2.66583 2.6533 2.58393 2.59389 2.65131
  2.67148 2.62938 2.52153 2.49991 2.57427 2.5807 2.4037 2.27362 2.37732 2.57126 2.643 2.4718 2.28849 2.70192 2.73591 211*0 76.2903
  76.2898 76.2943 76.3299 76.358 76.393 76.4786 76.5117 75.6395 75.5865 75.5717 76.5798 76.5847 76.5741 76.5722 76.554 76.5397
  76.5085 76.465 76.4163 76.4077 76.2715 76.2728 74.5117 73.5833 73.215 73.3347 73.3229 73.2828 73.1722 73.0622 73.0158 72.9167
  72.9791 72.896 72.7487 72.5852 72.5103 72.4377 72.3579 72.2922 72.2394 72.1616 72.0504 71.9682 71.8852 71.7938 71.7155 71.6571
  71.6369 71.604 71.5119 71.4759 71.4435 71.3899 71.3383 71.3102 71.302 71.2882 71.2373 71.1636 71.1327 71.1224 71.1111 71.0958
  71.1062 71.1246 71.109 71.0932 71.0524 71.0332 71.0352 71.0228 71.0201 71.0297 70.8635 70.8621 70.8436 70.8621 70.9013 70.9141
  70.9436 70.9425 70.9492 70.9388 70.9257 70.9515 70.9272 70.9168 71.0021 2.60094 2.68931 2.6747 2.61682 2.66651 2.65815 2.55793
  2.58972 2.59899 2.3743 2.2743 2.55868 2.54985 2.53168 2.52747 2.55752 2.69737 2.72539 1.59761 8*0 2.92172 2.94288 1.60721 196*0
  76.3756 76.414 76.4294 76.4815 76.5233 76.4723 76.506 76.5337 76.554 76.6396 76.4733 76.2141 76.2018 76.7772 76.7764 76.7787
  76.7635 76.7667 76.7676 76.7683 76.7669 75.8158 75.241 75.0186 74.8312 74.284 74.1307 73.9681 73.4339 73.4524 73.4994 73.5949
  73.5138 73.4485 73.2288 73.1841 73.0325 72.8828 72.7274 72.6518 72.6007 72.4832 72.4035 72.4276 72.3776 72.3067 72.1685 72.0282
  71.9275 71.8051 71.7437 71.6866 71.6613 71.5962 71.5387 71.4863 71.4289 71.3906 71.3503 71.2967 71.2771 71.119 70.9661 70.8357
  70.7666 70.7965 70.9772 71.1054 71.0731 71.0534 71.0409 71.0685 71.1522 71.1358 71.0288 71.0359 71.0428 71.0309 70.9304 70.8758
  70.8469 70.8403 70.8732 70.8986 70.8959 70.9464 71.0206 70.9876 70.9635 70.958 70.9847 70.9897 71.0034 70.9496 70.9293 70.9784
  2.59882 2.70012 2.69639 2.71379 2.71946 2.58631 2.38594 2.5748 2.57169 2.55716 2.54299 2.63127 2.71294 2*0 1.59976 1.60679 7*0
  2.93064 2.94467 1.79854 2.28806 3.93702 192*0 76.3847 76.5303 76.5894 76.5687 76.5791 76.6431 76.7097 76.6825 76.6754 76.727
  76.7583 76.7926 76.935 76.9432 76.9626 76.9905 77.0465 77.1402 77.0506 77.0486 77.052 76.7323 75.7264 75.2866 74.9133 74.3154
  73.9202 74.1121 74.0626 74.0866 74.0451 73.8546 73.7436 73.7477 73.6529 73.574 73.4712 73.1841 73.0106 72.9849 72.8239 72.7039
  72.6164 72.5363 72.4218 72.3344 72.2203 72.1744 72.1092 72.0332 72.0056 71.9018 71.7914 71.7083 71.6521 71.5966 71.5509 71.4983
  71.4596 71.4265 71.3742 71.2967 71.2026 70.9432 70.8036 70.7436 70.7378 70.7715 70.9052 71.0058 71.0054 71.0452 71.0526 71.0717
  71.2259 71.1634 71.0099 71.0425 71.0454 71.0208 70.9522 70.8977 70.8638 70.8748 70.9044 70.8932 70.904 71.0033 71.0126 71.0028
  70.9888 70.9871 71.0113 71.0122 71.0292 71.0038 70.9769 70.9275 70.9773 70.991 71.0089 71.017 2.64404 2.54513 2.53822 2.4309
  2.55242 2.5724 2.67401 2.69875 2.72799 10*0 1.70672 0 2.50214 1.94443 2.77426 2.88323 3.06527 188*0 76.3439 76.4806 76.5567
  76.6242 76.7123 76.7964 76.8836 76.9234 76.8838 76.9323 76.9234 76.9069 76.9328 76.9753 76.9968 77.138 77.2159 77.2555 77.2768
  77.449 77.3934 77.3136 77.2552 75.9358 75.3951 75.1809 74.9286 74.3156 74.1123 74.5373 74.6255 74.4836 74.2189 74.075 73.9082
  73.8544 73.8644 73.7232 73.5986 73.4305 73.3122 73.2628 73.1263 72.8953 72.7833 72.6469 72.504 72.3863 72.2837 72.2562 72.174
  72.1469 72.0686 71.9904 71.9438 71.824 71.7361 71.6517 71.6111 71.5547 71.4924 71.446 71.4334 71.3588 71.2384 71.089 70.8147
  70.7826 70.7476 70.7998 70.7966 70.9044 70.9753 71.4498 71.7006 71.3104 71.1681 71.2884 71.3443 71.0814 70.9037 70.8853 70.8926
  70.9024 70.8851 70.8611 70.8643 70.9074 70.9053 71.0041 71.007 71.0004 71.0423 71.0261 71.0203 71.0438 71.0467 71.0577 71.0256
  70.976 71.0267 71.0336 71.0534 71.0901 71.035 71.0242 70.8777 70.8348 70.8318 71.0723 2.51739 2.51392 2.57209 2.38942 1.6751 2*0
  6*0 2.87956 2.97225 2.96972 2.29227 2.31106 2.41074 2.96753 1.84245 1.85114 185*0 76.3733 76.4648 76.5634 76.6344 76.7552 76.7384
  76.8134 76.8769 76.9562 77.0602 77.1212 77.2118 77.2756 77.1491 77.1879 77.2358 77.2563 77.3854 77.5089 77.5344 77.5975 77.6233
  76.4164 75.5215 75.1025 75.2231 75.308 75.1593 74.6235 74.2924 74.4334 74.7659 74.9166 74.565 74.3485 74.2911 74.1763 74.0892
  73.9301 73.7941 73.4666 73.3425 73.2833 73.2984 73.1961 72.9465 72.8241 72.691 72.489 72.4129 72.4395 72.3402 72.2557 72.1626
  72.0623 71.9714 71.9072 71.7915 71.7692 71.6868 71.6352 71.5721 71.5243 71.4611 71.4029 71.3108 71.1981 71.0493 70.5884 70.6387
  70.7773 70.8868 70.9835 70.9541 70.8507 71.1779 71.191 71.0242 71.5286 71.9445 71.4565 71.1288 70.9081 70.7105 70.7009 70.6276
  70.579 70.8391 70.9081 70.9261 71.0767 71.0556 71.0449 71.0528 71.0227 71.0511 71.0367 71.0555 71.058 71.0497 71.059 71.0235
  70.9251 70.8862 70.9548 71.0548 71.2084 71.1468 70.9869 71.0366 70.9226 70.6567 70.7242 70.6345 70.7686 70.5944 69.9373 69.9412
  69.9435 69.9475 4*0 2.90326 2.98946 2.9885 3.0182 2.91602 3.07521 2.90063 3.29261 1.76875 1.84947 3.07833 183*0 76.4817 76.5931
  76.6866 76.7803 76.7707 76.8469 76.9417 77.0181 77.1381 77.2436 77.32 77.0228 77.0573 77.5198 77.4743 77.4544 77.4989 77.5118
  77.5188 77.7258 77.7845 77.8495 76.4242 75.0485 74.9051 75.0738 75.5861 75.5447 75.2623 74.9147 74.8145 74.8657 75.056 74.9106
  74.783 74.6685 74.5265 74.2852 74.1691 74.0323 73.861 73.7092 73.6445 73.5122 73.365 73.2174 72.9843 72.8272 72.6976 72.6748
  72.5913 72.4897 72.4 72.2466 72.2012 72.0784 71.9599 71.9041 71.8512 71.7806 71.7066 71.6076 71.5466 71.4829 71.4227 71.3615
  71.327 71.299 71.1155 70.7707 70.6703 70.9691 71.4495 0 72.9311 70.1319 2*0 71.1745 71.5428 71.9498 71.9322 71.5708 71.382 70.933
  70.6248 70.3734 70.3352 70.6946 71.0374 71.0133 71.192 71.2008 71.1457 71.1648 70.9786 70.8717 70.6882 70.7652 70.7765 70.988
  70.92 70.8484 70.8144 70.8412 70.8655 70.9355 71.0634 71.0763 70.8954 70.9555 70.8593 70.9573 70.9032 71.078 71.0892 70.8789
  70.7993 2*0 69.9592 69.9673 0 71.3868 70.9029 70.7907 70.5515 71.4778 71.4369 71.5855 71.5574 2.87235 3.15887 3.22043 2.33836
  2.17806 3.17667 182*0 76.7465 76.854 77.0229 76.9467 76.9977 76.8569 76.1252 75.8908 2*75.9203 75.9265 75.9884 76.3635 77.3088
  77.7299 77.7205 77.7449 77.8086 77.7888 77.9059 78.0216 76.5718 75.7199 75.2982 75.1602 75.3906 75.6882 75.687 75.5911 75.3797
  75.0002 74.9202 74.8571 74.9761 74.8529 74.7222 74.6163 74.3876 74.1804 74.0125 73.883 73.8303 73.7311 73.5719 73.4011 73.2375
  73.0414 72.835 72.7846 72.7321 72.6543 72.5605 72.3733 72.268 72.1655 72.106 72.0376 71.9868 71.9127 71.7909 71.7053 71.6386
  71.5572 71.4812 71.4463 71.3898 71.3392 71.3008 71.1388 71.1606 70.753 70.6031 70.3646 5*0 70.7149 71.6846 71.9967 71.7338 71.6156
  71.5474 70.9415 70.2474 70.2023 70.3015 70.4769 70.9269 71.9398 71.8347 72.0354 71.7617 70.9624 71.6321 70.9056 70.7479 70.4821
  70.5616 70.5275 70.5497 70.7837 70.8564 70.9143 70.9805 71.0388 71.0881 70.9242 70.9112 70.9125 70.9156 70.8015 70.8331 70.7306
  70.5586 70.8333 71.1823 71.5152 71.5681 70.1779 2*0 71.2495 71.0117 71.1013 71.0016 71.5165 71.5257 71.5526 71.5889 71.6431
  53.6306 3.3855 1.89609 1.87196 3.34984 3.31149 181*0 76.9361 77.1043 77.3395 77.2996 77.3344 76.782 76.1051 76.1006 75.8108
  76.0707 76.1395 76.1454 76.1318 77.4815 77.9833 77.8557 75.6428 75.7081 75.8247 74.8539 74.7193 75.4242 75.7549 75.437 75.6392
  75.7062 75.8747 75.7054 75.2659 75.156 75.0504 75.0042 74.9741 75.0156 74.9025 74.7831 74.5689 74.4308 74.2365 74.0604 73.9225
  73.8438 73.6859 73.5586 73.3951 73.2227 73.0119 72.799 72.7623 72.6904 72.629 72.5574 72.4308 72.2779 72.1992 72.1178 72.0866
  72.0358 71.9271 71.8361 71.7885 71.6788 71.592 71.4704 71.4047 71.3867 71.3404 71.3042 71.1936 71.2593 70.6676 70.7019 70.4236 2*0
  2*0 70.8802 71.438 71.7177 71.7056 71.6856 71.6555 71.4652 70.6686 70.2637 70.2766 70.3948 70.526 2*0 72.0284 4*0 70.4508 70.4357
  70.5031 70.6268 70.7352 70.6607 71.1449 71.1508 71.2908 71.2266 71.3333 71.0364 71.0388 70.9359 71.0108 71.0013 71.0451 71.1462
  70.8466 70.5648 71.3118 71.5104 71.5788 71.605 71.172 71.6233 71.4843 71.4805 71.4868 71.5139 71.5971 71.5449 71.5592 71.5918
  71.6124 71.6501 70.5065 21.4552 3.51758 3.05344 2.54158 3.12848 172*0 75.2788 74.5485 75.1389 0 77.027 77.4459 77.6844 75.5122
  74.3274 75.5062 75.8907 76.3626 77.5435 77.4326 76.333 76.3399 76.2823 76.222 76.2809 76.293 76.2709 76.6044 77.7092 78.1571
  76.0475 75.8968 75.9922 75.7668 75.6642 76.0943 76.3727 76.2133 76.1283 75.8672 75.9586 75.8232 75.493 75.3682 75.3785 75.4713
  75.3678 75.2025 75.0679 74.9643 74.8171 74.5781 74.459 74.2867 73.9897 73.8179 73.6462 73.5216 73.5607 73.382 73.2218 72.9492
  72.7567 72.5568 72.6172 72.5363 72.489 72.3486 72.239 72.1711 72.094 72.0446 72.0319 71.8989 71.8788 71.8415 71.7078 71.6198
  71.5258 71.401 71.4097 71.3718 71.3392 71.2962 71.1308 71.0122 70.6538 70.6132 2*0 70.9706 71.6905 72.0213 71.7447 71.6927 71.685
  71.6707 71.0548 70.6535 70.3259 70.2709 15*0 70.7489 72.3597 71.5776 71.242 71.4288 71.321 71.0706 70.9801 71.0471 70.9931 71.0266
  71.1568 71.1296 71.142 71.2595 71.3249 71.4399 71.6262 71.6618 71.4606 71.449 71.4422 71.4939 71.5107 71.5444 71.6347 71.602
  71.5985 71.6183 71.6915 71.6326 71.6524 71.7945 28.1378 3.64204 3.36905 3.38945 3.06746 3.64131 168*0 74.6228 75.1079 76.1423
  76.4379 76.7692 77.101 77.4789 77.6492 77.4711 76.2404 74.9822 76.2884 76.5188 76.6912 76.7765 76.1764 76.1397 76.2725 76.2605
  76.4663 76.3728 76.2713 76.6645 77.6673 78.0532 77.2703 76.3872 76.3941 76.3456 76.2063 76.2184 76.2481 76.1831 76.1951 76.1254
  76.0495 75.9815 75.7461 75.6601 75.7863 75.8102 75.6999 75.5699 75.4089 75.2326 75.0942 74.8587 74.6126 74.4719 74.3102 74.1229
  73.8502 73.8608 73.7091 73.5445 73.2521 73.0544 72.8853 72.69 72.5662 72.4716 72.3986 72.335 72.2642 72.2178 72.157 72.0754 72.003
  71.9413 71.935 71.8066 71.8408 71.7395 71.6141 71.5085 71.4405 71.3934 71.327 71.2847 71.253 71.2001 71.0487 70.9171 71.035 0
  70.7225 71.5406 71.7139 71.9919 71.6862 71.3782 71.6065 71.8736 70.483 70.1447 70.0492 7*0 70.3981 70.3546 7*0 72.0051 72.5412
  72.1805 71.6678 71.2628 71.1292 71.0558 71.2642 71.1616 71.1399 71.1359 71.1173 71.1574 71.2659 71.3205 71.3759 71.5455 71.6721
  71.716 71.5105 71.4519 71.4998 71.5161 71.5531 71.5701 71.5839 71.6446 71.6563 71.6946 71.7789 71.6844 71.66 71.9367 71.9674
  22.7718 3.67846 3.6016 3.67197 3.69585 3.72767 3.56069 3.57082 162*0 74.313 74.3049 74.5579 75.0191 76.0411 76.2572 76.7028
  77.1588 77.534 77.7858 77.5965 77.1891 76.4712 75.6689 76.3118 77.058 76.8129 76.2037 75.9356 76.2391 76.2404 76.2392 76.289
  75.9593 75.8027 76.0303 77.0163 77.3576 77.2392 76.9809 76.7104 76.6372 76.611 76.524 76.4995 76.3759 76.2907 76.3289 76.2612
  76.0062 76.0961 76.049 75.9918 75.9757 75.873 75.7325 75.3604 75.2168 75.0653 74.8923 74.6645 74.4229 74.2244 74.076 73.9611
  73.7888 73.6804 73.4689 73.1092 72.9551 72.8038 72.6837 72.5627 72.4595 72.3792 72.3198 72.2689 72.1982 72.1436 72.0812 72.0304
  71.9576 71.8909 71.84 71.7696 71.7029 71.6431 71.5805 71.5199 71.3857 71.3149 71.2764 71.2556 71.2593 71.0895 70.9625 71.8006
  70.7278 70.7405 71.483 71.7574 71.5792 71.837 72.0104 72.8005 72.4253 70.9463 70.1401 8*0 70.417 8*0 70.7518 72.6946 72.6731
  71.6939 71.2248 71.1219 71.1133 71.0756 71.0793 71.3202 71.3077 71.1768 71.2724 71.3198 71.3707 71.492 71.706 71.7287 71.7427
  71.7737 71.6359 71.5924 71.746 71.7424 71.7109 71.6467 71.6821 71.7255 71.7692 71.7848 71.8599 71.9074 72.0061 72.0267 61.9128
  9.05188 3.78616 3.84838 3.82243 3.6823 3.48506 3.58132 3.64445 3.70862 3.5503 157*0 74.4375 74.5612 74.939 74.2334 75.4349 75.9952
  76.0892 76.4769 76.839 77.4357 77.8029 77.7185 77.1042 76.886 76.3814 76.2717 76.1703 76.3299 76.9574 76.3939 75.9649 76.4049
  76.2863 76.3711 76.2037 76.1395 76.0258 76.049 76.5624 76.8043 77.0204 77.0718 76.9028 76.7595 76.7824 76.6839 76.6168 76.6215
  76.5811 76.4557 76.3814 76.2725 76.1907 76.1301 76.1081 76.0028 75.7788 75.5866 75.4365 75.2119 74.9632 74.5863 74.4468 74.2616
  74.0551 73.8749 73.6901 73.5299 73.3298 73.1744 73.0345 72.8917 72.8001 72.7003 72.5906 72.5393 72.403 72.324 72.2599 72.2144
  72.1479 72.0708 72.0245 71.9644 71.9436 71.8954 71.7918 71.7236 71.656 71.5903 71.5349 71.4577 71.3805 71.3234 71.3442 71.3039
  71.2733 71.03 71.4036 71.5966 70.7251 71.1892 71.9065 71.8012 73.3461 73.5199 73.8211 73.2322 72.4494 19*0 72.0894 72.7172 71.7662
  71.6455 71.3469 71.1483 71.1447 71.2991 71.3615 71.4184 71.3429 71.3573 71.4844 71.4823 71.7181 71.7653 71.7265 71.6821 71.6649
  71.6617 71.6941 71.7681 71.8119 71.8377 71.8059 71.7466 71.7971 71.9134 72.0147 72.1642 72.0587 72.0844 72.1092 72.0954 43.1751
  3.92554 3.91662 3.92208 3.84261 3.69929 3.70293 3.84763 3.79939 3.72433 3.86681 3.67054 153*0 73.0102 73.2071 74.5743 74.7163
  75.2182 75.5612 75.9737 76.0213 76.162 76.4588 76.8227 76.4617 76.7759 76.3251 76.1457 76.2416 76.2568 75.9527 76.3482 77.2011
  77.535 76.9165 76.4588 76.3955 76.5037 76.5416 76.5286 76.4143 76.3497 76.5125 76.9851 77.1127 77.1338 77.1133 76.9819 76.812
  76.8597 76.744 76.7821 76.7755 76.7331 76.6592 76.5175 76.3611 76.2546 76.1118 75.8652 75.6562 75.4594 75.3943 75.2302 74.9992
  74.856 74.6849 74.5235 74.3105 74.1001 73.9127 73.7168 73.5562 73.3702 73.2084 73.0425 72.9118 72.7948 72.7149 72.6272 72.6556
  72.4473 72.3552 72.2714 72.209 72.1405 72.0713 72.0417 72.0066 71.9777 71.889 71.802 71.7293 71.6475 71.6038 71.5565 71.471
  71.4156 71.4 71.3869 71.3527 71.3642 71.3134 71.2912 71.4514 71.0516 71.2861 72.8363 73.1086 73.6056 74.0638 74.3927 73.4549
  39.7798 7.55915 2.68822 2.54171 15*0 4.68345 4.54445 70.7576 71.644 71.9155 72.1262 71.5523 71.3031 71.4231 71.5409 71.5215
  71.1821 71.6483 71.6965 71.7403 71.798 71.8472 71.6673 71.6601 71.5553 71.7418 71.8043 71.8319 71.8722 71.9035 71.8582 71.7816
  71.8416 72.0906 72.0927 72.098 72.2795 72.1487 71.9914 72.2548 71.9922 18.3453 3.87391 3.91777 4.0413 3.90756 4.0098 3.97105
  4.02124 3.98083 3.9322 3.6553 3.64942 3.6677 148*0 73.0789 73.1843 73.2001 73.2514 74.4283 0 75.0975 75.2462 75.6686 75.9293
  76.039 76.3295 76.69 76.1178 75.9351 76.7424 76.6003 75.4577 75.4934 75.9771 77.0488 77.0274 77.0443 76.9296 76.7245 76.4559
  76.5758 76.7396 76.8688 76.9597 76.987 76.9909 77.1025 77.2293 77.2739 77.1851 77.088 77.0063 77.0752 76.9925 76.705 76.9645
  76.825 76.7704 76.7198 76.5641 76.4169 76.2635 76.1763 76.04 75.9178 75.8826 75.7572 75.324 75.0834 74.9271 74.7551 74.6605
  74.3745 74.137 73.9432 73.7344 73.5446 73.3783 73.2481 73.0709 72.9446 72.8309 72.731 72.6118 72.5619 72.4774 72.3777 72.3088
  72.2391 72.1786 72.1063 72.0772 72.0353 71.9608 71.8742 71.8265 71.7522 71.6346 71.575 71.5609 71.4989 71.4597 71.433 71.4115
  71.3688 71.3953 71.418 71.4488 71.3138 71.3121 71.8121 73.8895 74.2656 73.816 73.8156 44.3696 10.2055 4.39674 4.22762 3.81836
  2.62039 2.49836 2.38536 12*0 5.20366 4.48136 4.45914 4.24391 2.4213 2.42264 4.09276 3.31378 2.84982 3.02458 3.33407 3.1447 71.6464
  71.6975 71.453 71.1238 71.4198 71.7188 71.7686 71.4723 71.4498 71.6016 71.437 71.6144 71.9479 71.9916 72.0098 71.8419 71.9501
  72.1359 72.1695 72.1875 72.2175 72.2884 72.2816 72.3171 72.1344 63.1137 3.83607 3.88227 3.98217 4.15236 4.18094 4.0907 4.1298
  4.20746 4.23735 3.89244 3.71712 3.65073 3.6707 145*0 73.2017 73.1071 73.3794 73.5013 73.5113 3*0 75.2167 75.3981 75.6642 75.9076
  76.2728 76.5231 75.191 74.8042 76.0558 76.6889 76.2518 76.1307 75.9947 76.5655 76.7671 76.624 76.5643 76.7394 76.7309 76.9221
  76.9638 76.9895 77.0542 77.0687 77.1186 77.1429 77.0921 77.2052 77.2547 77.2183 77.2148 77.1902 77.1583 77.1279 77.0876 77.0374
  76.9082 76.5007 76.4506 76.566 76.4975 76.3452 76.219 76.1073 76.0065 76.0351 75.9114 75.574 75.1508 74.9717 74.7748 74.5884
  74.3988 74.1851 73.9614 73.7283 73.5821 73.3921 73.2765 73.1017 72.95 72.824 72.7207 72.6387 72.5532 72.5037 72.4012 72.3437
  72.2265 72.1374 72.1211 72.0742 72.0176 71.9412 71.8866 71.8673 71.7704 71.6859 71.6141 71.561 71.5137 71.4633 71.4584 71.416
  71.3953 71.425 71.3854 71.3997 71.1963 71.1724 67.0392 60.0203 45.7105 32.6026 13.2122 4.34995 4.18592 4.3084 4.77103 2.92502
  2.7629 2.53907 2.45092 2.28439 8*0 8.8924 8.83776 5.5706 4.34201 3.81102 4.3105 4.77734 4.58962 3.69863 2.90146 2.87985 2.74605
  2.84951 3.12614 3.18611 3.20604 2.46306 2.26636 2.88207 71.4062 70.9335 70.7615 71.3155 71.0863 70.9184 71.4116 71.6938 72.2093
  72.1199 72.1821 72.2271 72.249 72.2692 72.2847 72.2416 72.3369 72.318 72.4423 72.2822 72.2045 72.1063 18.8192 3.92235 4.01295
  4.23109 4.12192 4.00879 4.04426 3.97888 4.26399 4.03177 3.90671 3.77471 3.71852 3.77251 3.71998 140*0 72.8324 72.977 73.1346
  73.2614 73.422 74.0091 74.1385 73.442 72.9169 2*0 74.3632 75.4093 75.9293 75.3691 75.0192 74.4944 74.3997 74.5655 75.5631 75.989
  75.9064 75.8377 75.907 76.5658 76.3826 76.6755 76.8507 76.8138 76.9297 77.2428 77.3508 77.33 77.2503 77.2244 77.2164 77.1966
  77.2114 77.2048 77.2812 77.3183 77.2995 77.3033 77.2607 77.1588 77.1463 77.1374 77.0749 76.884 76.7458 76.6435 76.5926 76.4349
  76.2026 76.0164 75.8098 75.8573 75.6603 75.4938 75.2072 75.0376 74.8282 74.6139 74.3671 74.1812 73.9233 73.7549 73.5987 73.4427
  73.2848 73.1174 72.9421 72.8189 72.7042 72.6472 72.5663 72.4958 72.4721 72.3047 72.2198 72.1518 72.1548 72.1171 72.0347 71.9318
  71.9412 71.871 71.7846 71.7198 71.6646 71.5699 71.5202 71.4752 71.4683 71.4393 71.4187 71.4134 70.6276 55.4426 34.4744 13.0687
  4.91498 3.11839 4.28153 5.46929 5.45452 5.42318 4.49499 3.23642 3.15325 2.74286 2.86197 2.71354 2.57908 2.48528 7*0 5.82639
  4.24346 3.44331 3.65683 3.58124 3.46347 3.895 3.92103 3.57943 3.00952 2.9365 2.92108 2.95614 3.01483 3.14833 2.8073 2.88518
  2.53134 2.78781 3.08911 2.90333 3.41485 2.7734 3.05234 3.17602 3.23847 71.1485 72.7919 71.2803 72.1082 71.6164 72.0295 72.4678
  72.555 72.2849 72.486 72.4281 72.3388 72.4354 72.3128 72.181 71.7011 15.8229 4.07186 4.08391 4.1693 4.19389 4.05551 3.98411
  4.56096 4.48514 4.32094 3.86811 3.81868 3.81826 3.78345 3.60859 3.48676 137*0 72.7752 72.7188 72.8793 73.0936 73.2297 73.4227
  74.0047 74.0647 73.5177 73.22 73.1518 73.1008 73.2807 74.183 74.4445 74.5434 74.5054 74.4939 74.3413 74.4566 74.772 75.5171
  75.7403 75.9171 75.8729 76.109 76.2904 76.5877 76.7955 76.8398 76.964 77.0245 77.1467 77.3397 77.3851 77.1405 77.1361 77.2064
  77.3871 77.5458 77.542 77.49 77.4747 77.4142 77.3868 77.3293 77.21 77.0513 76.9318 76.8897 76.8481 76.8307 76.7385 76.4907 76.3058
  76.1017 75.96 75.85 75.7404 75.6148 75.476 75.2731 75.1026 74.886 74.665 74.3827 74.1696 73.9661 73.8077 73.619 73.442 73.3173
  73.1155 72.9418 72.7981 72.7172 72.6477 72.5369 72.4757 72.4713 72.2244 72.192 72.1904 72.1273 72.1 72.0485 71.9875 71.9368
  71.8562 71.7789 71.7318 71.6894 71.6073 71.5374 71.5127 71.4977 71.481 71.4444 54.8667 15.4814 3.42644 3.2832 3.46361 3.41089
  3.27261 3.40949 4.24898 4.57288 4.34329 3.24062 3.02041 3.01333 4.49183 4.43229 3.93126 3.45077 3.81685 3.03524 2.62675 5.40118
  9.65333 2.38697 2.4452 3.83202 3.55512 3.49304 3.15516 3.07186 2.86729 2.68123 2.75421 2.70766 3.21107 3.08457 2.86263 2.98822
  3.14117 3.23799 3.23721 3.08615 3.2442 3.02114 3.31807 3.17246 3.46607 3.22939 2.81135 2.96984 3.09489 3.06438 3.8388 4.25211
  3.43262 3.58155 4.29888 73.3241 72.8927 71.4146 73.174 72.7962 71.5504 71.9027 72.5465 72.555 72.1489 43.8286 5.75446 4.24549
  4.30409 4.25623 4.25824 4.5168 4.88162 4.93603 4.59077 3.92308 3.85152 3.82495 3.84353 3.87785 3.82855 3.81327 3.83154 3.84654 2*0
  131*0 72.5806 72.7375 72.9284 73.1181 72.9694 73.1204 73.3536 73.7701 74.0054 73.8323 73.5424 73.5599 73.3395 73.4562 73.8931
  74.0866 74.4538 74.8015 74.475 74.3229 74.3308 74.5051 75.4011 75.6031 75.7751 75.9705 76.2458 76.3323 76.3869 76.733 76.8661
  76.8717 76.9766 77.161 77.2365 77.3451 77.4022 77.2758 77.2465 77.3133 77.3737 77.3524 77.3198 77.2923 77.3311 77.306 77.2581
  77.1529 77.093 77.094 77.0433 76.9361 76.8296 76.6585 76.5614 76.4503 76.3303 76.1926 76.0196 75.9917 75.9175 75.643 75.5125
  75.3176 75.049 74.7186 74.5027 74.3244 74.2167 73.9915 73.802 73.5816 73.4358 73.3552 73.1539 72.9331 72.8417 72.7755 72.6354
  72.5535 72.5262 72.2478 72.2158 72.2075 72.1915 72.1399 72.0811 72.0516 72.0279 71.918 71.7938 71.8158 71.7486 71.7162 71.6444
  71.5625 71.545 71.5155 68.3101 24.9412 3.9926 3.07188 3.11744 3.25025 3.38559 3.27765 3.23523 3.41089 4.12521 4.19123 3.29298
  3.15061 3.27335 4.00197 4.39625 4.2223 4.03168 4.03263 4.18142 3.91795 4.3145 4.15927 3.41722 3.32692 3.39754 3.53513 3.34612
  3.2327 3.08513 2.82459 2.68119 2.58745 2.67661 2.74045 2.89291 2.9269 2.90025 3.11059 3.14501 3.21207 3.28555 3.20705 3.17443
  3.30986 3.33353 3.38943 3.54378 4.18934 3.37952 3.39308 3.20588 3.39675 3.37043 2.63075 2.82702 3.16878 2.85912 4.3829 3.62982
  3.70446 4.24765 4.41032 4.46651 72.9425 72.8318 54.123 7.46437 4.41456 4.48258 4.36025 4.32936 4.33366 4.82422 5.36757 5.06611
  4.21163 3.93964 3.94433 3.9162 3.84838 3.85528 3.9547 3.90597 4.45068 5.57614 6.94956 19.5413 131*0 72.5022 72.6265 72.8436
  73.0689 2*0 72.5987 72.6103 0 74.1189 73.6856 73.6347 73.7933 73.6469 74.0227 74.7743 75.001 75.0269 75.1485 74.9164 74.4611
  74.8139 75.5134 75.527 75.6901 76.0278 76.3916 76.3928 76.3845 76.5469 76.7328 76.9114 77.0363 77.1365 77.2036 77.1967 77.2711
  77.2923 77.3709 77.4092 77.4324 77.447 77.2791 77.2958 77.2624 77.3447 77.3746 77.3265 77.2712 77.2 77.1664 77.0809 76.9799
  76.8927 76.7816 76.5992 76.4831 76.3676 76.2627 76.0396 75.9047 75.8231 75.6789 75.4991 75.2634 75.0522 74.7511 74.534 74.3383
  74.0813 73.8429 73.6225 73.5456 73.3707 73.2863 73.0576 72.9463 72.8692 72.7447 72.5732 72.5441 72.4005 72.3198 72.3196 72.2345
  72.1888 72.1204 72.0614 72.0393 72.0062 71.9 71.8584 71.8053 71.7354 71.7168 71.6713 71.598 71.5704 65.3011 18.3309 3.14307
  3.12954 3.08864 3.05207 3.03576 3.16528 3.23978 3.2168 3.45907 3.59539 3.2864 3.20947 3.18598 3.86254 4.56491 4.09713 3.82742
  3.93625 3.91743 3.50444 3.63468 3.64312 3.56827 3.39703 3.48908 3.4229 3.10873 3.07972 3.01796 2.89176 2.85028 2.83578 2.877
  2.91533 2.99904 3.00458 3.05176 3.0896 3.20215 3.21671 3.07173 3.03882 3.19867 3.49464 3.41775 2.98762 3.39875 3.62028 3.68643
  3.70566 3.73571 3.48041 3.4866 3.35882 3.08782 3.41787 3.526 3.28224 3.49388 3.46826 3.42172 3.23537 3.57387 4.15453 4.30177
  4.30012 4.37073 4.42689 4.52367 4.49333 4.59582 4.66045 5.1314 5.62748 0 3.73887 3.76652 3.88997 4.02192 3.93743 3.8976 3.94367
  3.96501 3.85172 9.24176 11.4025 20.7848 60.6173 72.0906 72.2011 125*0 72.2398 72.2489 2*0 72.5444 72.7237 72.9313 2*0 72.4315
  72.5364 72.6321 0 74.35 73.4537 73.5705 73.9265 74.4066 74.9548 75.031 74.9657 75.1353 75.1153 75.1552 75.4139 75.5519 75.5838
  75.8904 76.1384 76.386 76.4328 76.3657 76.5579 76.6994 76.9007 77.0371 77.0625 77.1787 77.2731 77.2511 77.2198 77.3191 77.4801
  77.5473 77.4971 77.6005 77.5345 77.4211 77.3886 77.4181 77.4021 77.4424 77.3963 77.2987 77.2675 77.1409 77.0577 76.9446 76.8514
  76.5723 76.4492 76.3748 76.3015 76.0969 75.9741 75.8342 75.728 75.5225 75.3056 75.1207 74.8641 74.6992 74.4262 74.1022 73.9197
  73.7133 73.4788 73.3946 73.2233 73.0427 72.844 72.8022 72.7038 72.6118 72.533 72.4453 72.4069 72.3408 72.4164 72.2288 72.1463
  72.011 71.916 71.9682 71.9339 71.8669 71.805 71.7399 71.7078 71.666 71.632 59.0109 12.5693 3.23026 3.18073 3.10754 3.06238 3.10299
  3.15683 3.21732 3.21741 3.22037 3.17628 3.16527 3.20302 3.22221 3.38145 3.39445 3.64583 3.48866 3.40243 3.25346 3.49479 3.465
  3.46215 3.45909 3.29065 3.31437 3.27946 3.3017 3.11052 2.58904 2.86113 2.8793 2.844 2.87394 2.96719 3.12932 3.10225 3.15853
  3.10621 2.96928 3.26629 3.3182 3.3487 3.29343 3.29386 3.44314 3.41269 3.12344 3.54047 3.36912 3.54641 3.62406 3.76033 3.84094
  3.75268 3.73526 3.68444 3.53445 3.45875 3.62954 3.68217 3.51802 3.58642 3.63831 3.59557 3.76041 3.91962 3.92062 4.26706 4.33955
  4.26707 4.26641 4.52411 4.68975 5.08637 4.999 4.05446 3.6542 3.65875 3.87397 3.75371 3.8747 3.95281 3.63453 3.67114 4.02299
  4.59341 6.87608 49.8269 72.3619 72.3597 72.2589 72.2657 72.2555 72.241 120*0 72.1428 72.1816 72.2307 72.2854 2*0 72.5852 72.8017 0
  72.3755 72.4172 72.4524 72.5947 72.6775 74.1487 74.3612 73.4799 74.1268 74.5419 74.7212 74.9071 74.8976 75.0729 75.1509 75.3129
  75.461 75.8387 75.996 76.1403 76.0287 76.2192 76.4349 76.3285 76.4326 76.6264 76.754 76.9977 77.1054 77.1456 77.1872 77.2328
  77.3154 77.3792 77.4217 77.5053 77.6273 77.6856 77.672 77.693 77.6222 77.5888 77.526 77.549 77.5682 77.5018 77.4779 77.2889
  77.1313 76.9786 76.9198 76.8044 76.6139 76.499 76.4588 76.3137 76.14 75.9345 75.868 75.7205 75.5188 75.3117 75.1476 74.9548
  74.6987 74.3938 74.2875 74.0736 73.7551 73.5487 73.4505 73.2928 73.0691 72.9206 72.8054 72.6775 72.5813 72.5273 72.4404 72.378
  72.3346 72.2234 72.0192 72.0718 72.0031 72.0048 71.9648 71.9484 71.8845 71.8196 71.7585 71.711 70.3377 38.9175 5.85238 3.26532
  3.21159 3.16072 3.1162 3.29847 3.20574 3.14705 3.06412 3.11064 3.09791 3.0656 3.07573 3.08249 3.24181 3.36402 3.29523 3.27861
  3.25779 3.27498 3.28112 3.40284 3.53389 3.52218 3.45651 3.27712 3.36893 3.37145 3.19738 2.9424 2.85707 2.87825 2.87331 2.90581
  3.04773 3.14801 3.26808 3.20937 3.2229 3.21175 3.28044 3.31102 3.407 3.50392 3.64249 3.66494 3.63887 3.72729 3.7775 3.86586 3.8894
  3.76837 3.67112 3.82594 3.784 3.64482 3.63923 3.73871 3.69592 3.72142 3.73938 3.75391 3.78059 3.75787 3.94627 3.87007 3.70399
  3.82455 3.88494 3.82443 3.98202 4.01153 4.02019 3.97239 4.22775 4.26702 4.51487 4.0001 4.23343 3.79129 3.68524 3.75777 3.75166
  3.75385 3.82542 3.94504 3.98619 4.03654 3.97382 4.03275 4.12141 72.4488 72.4108 72.1059 72.215 72.2405 72.1925 72.2197 72.225 2*0
  112*0 72.0693 72.0786 72.1027 72.1418 72.2114 72.2667 72.3082 2*0 72.2874 72.33 72.3523 72.3823 72.4252 72.5143 72.6218 72.7276
  73.7691 73.8045 74.0166 74.3959 74.5239 74.7857 74.9205 74.9718 75.0213 75.1553 75.3388 75.5016 75.9096 76.1572 76.2409 76.1032
  76.2143 76.2228 76.3765 76.5315 76.6402 76.8035 76.9751 77.1356 77.2908 77.2529 77.357 77.4466 77.5116 77.5746 77.6466 77.7054
  77.7171 77.6238 77.7127 77.792 77.6922 77.7057 77.6497 77.6253 77.5815 77.3797 77.1809 77.0694 77.0604 76.9487 76.7533 76.6457
  76.5496 76.4334 76.3392 76.1059 75.9031 75.8327 75.7022 75.4249 75.3109 75.0738 74.8598 74.6446 74.3675 74.2572 73.9801 73.6999
  73.5628 73.4081 73.2634 73.096 72.9317 72.7848 72.6514 72.5574 72.5074 72.4652 72.4112 72.3346 72.1765 71.9985 72.0791 72.0775
  72.0179 71.9584 71.9529 71.8978 71.8168 70.4589 47.6344 13.7224 3.34439 3.29694 3.26127 3.22503 3.24003 3.28128 3.14811 3.14777
  3.02986 3.11568 3.0936 3.10447 3.07644 3.08254 3.15608 3.38803 3.35555 3.30033 3.32345 3.39262 3.35954 3.35069 3.42223 3.56732
  3.47383 3.45832 3.30895 3.39737 3.31009 3.2728 3.04461 2.87154 2.96511 3.01478 3.2103 3.15876 3.19258 3.20332 3.14158 3.31447
  3.30658 3.38202 3.46266 3.60313 3.7512 3.82667 3.76353 3.84395 3.83645 3.80194 3.76454 3.77803 3.88506 3.75138 3.83478 3.81201
  3.79768 3.84171 3.76437 3.6618 3.6497 3.68979 3.6234 3.75658 3.70262 3.672 3.68916 3.76662 3.90275 3.78627 3.83662 3.87415 3.88081
  3.86313 3.89846 3.95967 4.09022 3.91435 3.67435 3.60246 3.75851 3.78176 3.81503 3.77819 3.79522 3.88967 3.9391 4.0383 4.09019
  3.92873 4.01084 4.18491 4.16322 4.16395 4.00071 3.93554 3.94101 3.94936 72.2158 72.2295 72.217 111*0 72.0202 72.0298 72.06 72.0786
  72.0995 72.1592 72.2229 72.2971 72.3292 72.2089 72.235 72.3027 72.3371 72.3578 72.4042 72.4365 72.5807 72.9708 73.0787 73.4914
  74.0829 74.1828 74.431 74.6651 74.8016 74.8439 74.8267 74.9843 75.1752 75.3086 75.5204 75.7497 75.9339 76.0195 76.1442 76.2451
  76.293 76.5404 76.7226 76.733 76.8427 77.0612 77.2667 77.3019 77.3639 77.5119 77.5855 77.6494 77.7058 77.7363 77.7781 77.7921
  77.7803 77.6893 77.6699 77.6735 77.6944 77.6619 77.6698 77.5016 77.3848 77.341 77.3437 77.2339 76.9856 76.7521 76.7021 76.5955
  76.4873 76.2222 76.1042 76.1035 75.8498 75.5934 75.3695 75.1535 74.8718 74.583 74.4213 74.2102 74.0407 73.8189 73.6632 73.5079
  73.344 73.236 73.0811 72.9752 72.7346 72.5623 72.466 72.4813 72.4711 72.4776 72.3587 72.4978 72.3694 72.3121 72.0509 72.021
  71.9606 60.9895 41.4311 26.0706 7.59556 3.42867 3.37468 3.31164 3.34917 3.32486 3.44927 3.05503 3.20339 3.00826 3.03292 3.23036
  3.17622 3.13143 3.08865 3.08144 3.22139 3.38779 3.25388 2.98432 3.03393 3.18429 3.17259 3.16818 3.1657 3.4047 3.45317 3.47161
  3.64983 3.53391 3.45987 3.31263 3.32996 3.20492 3.12653 3.15364 3.16599 3.17305 3.17531 3.25301 3.22799 3.33546 3.46163 3.48121
  3.52981 3.59616 3.43897 3.73238 3.87132 3.96348 3.71688 3.85136 3.88455 3.85007 3.73649 3.75941 3.89965 3.99941 3.99249 3.96089
  3.91856 3.93441 4.03255 3.79464 3.95162 4.01055 3.89134 3.95949 3.86053 3.68008 4.04779 4.04716 3.96294 3.96517 3.70609 3.88984
  3.939 4.0232 3.81926 3.83416 3.89727 3.76605 3.77546 3.6433 3.88378 3.86052 3.78052 3.80363 4.00183 4.07177 4.1309 4.11031 4.11036
  4.01669 4.16895 4.10456 3.86313 3.99479 3.97762 3.95009 3.98473 3.93662 36.8693 110*0 2*72.0194 72.0204 72.0263 72.0684 72.0801
  72.1154 72.1793 72.2078 72.3537 0 72.2088 72.2656 72.3163 72.3462 72.3698 72.4185 72.7327 73.0414 73.1478 73.3236 73.6989 74.1112
  74.187 74.4967 74.6519 74.6099 74.7923 75.0214 75.0761 75.2547 75.3835 75.5942 75.7786 75.9066 76.0071 76.1636 76.2857 76.4404
  76.5676 76.6943 76.8046 76.9343 77.166 77.298 77.3524 77.4715 77.6116 77.7049 77.7442 77.7885 77.7944 77.8365 77.8244 77.8523
  77.8273 77.8995 77.8311 77.803 77.8038 77.683 77.5925 77.4023 77.394 77.3775 77.2589 76.9288 76.7596 76.707 76.6972 76.3638
  76.1264 76.0401 76.0956 75.8467 75.6678 75.4206 75.1917 74.9901 74.8072 74.5822 74.2557 73.9029 73.7406 73.5989 73.4811 73.3178
  73.1423 73.0798 73.0935 72.7199 72.5837 72.8181 72.7704 72.6655 72.5095 72.3809 72.459 72.4173 72.0835 60.072 36.794 12.3021
  3.75575 3.73288 3.59467 3.45124 3.38545 3.35991 3.45784 3.17492 3.17897 3.24004 3.14268 3.13011 3.14768 3.29647 3.26285 3.13883
  3.09578 3.16975 3.41101 3.50946 3.4582 2.72386 2.63809 2.75278 3.22948 3.20213 3.18853 3.26448 3.51552 3.61584 3.68713 3.65386
  3.7519 3.61509 3.45351 3.46492 3.3196 3.24404 3.27506 3.33404 3.29103 3.30216 3.38113 3.35687 3.4477 3.50181 3.5656 3.66987
  3.58641 3.39995 3.4862 3.66957 3.79853 3.81584 3.86398 4.04927 4.17427 4.19098 4.16717 4.16184 4.12532 4.09229 4.03707 4.00061
  3.97788 4.04385 4.17315 4.10373 3.76802 3.92241 4.01603 3.63009 3.55429 3.99666 4.00812 3.99985 3.84992 3.50418 4.00121 4.01987
  4.01567 3.89959 4.06197 3.89574 3.88323 4.00615 3.93591 3.8674 3.85672 3.82036 3.7414 4.18581 4.2424 4.26417 4.15298 4.24434
  4.06335 4.17065 4.13587 3.89411 4.01464 4.00375 4.01759 4.00992 3.99373 37.1286 109*0 3*72.0194 72.021 72.0362 72.0768 72.081
  72.1388 72.1887 3*0 72.2179 72.2869 72.3279 72.3538 72.5719 72.7661 72.9128 73.0733 73.2824 73.4515 73.8683 74.2305 74.1681
  74.2357 74.3801 74.6283 74.8889 75.1226 75.2036 75.3288 75.4839 75.6802 75.8544 75.9865 76.1066 76.2102 76.3227 76.616 76.6377
  76.7453 76.862 77.0514 77.2081 77.3364 77.4305 77.5846 77.6749 77.7479 77.8115 77.8281 77.8913 77.9536 77.9085 77.9149 77.9143
  78.0067 77.8936 77.9239 77.842 77.7857 77.6677 77.4714 77.3837 77.5179 77.2922 76.9109 76.7259 76.8334 76.7624 76.2716 76.337
  76.2947 76.0733 75.8315 75.6282 75.4541 75.3442 75.0504 75.0494 74.5651 74.2273 74.0273 73.7946 73.6644 73.4287 73.2633 73.5118
  73.3865 73.1411 72.6724 72.6079 72.7588 72.6215 72.5286 72.4404 72.1242 69.346 43.5383 15.053 3.72475 3.65585 3.55686 3.55797
  3.46095 3.42472 3.40988 3.34602 3.30741 3.52815 3.00017 3.06398 3.28993 3.34649 3.25449 3.31158 3.30889 3.15338 3.13866 3.20462
  3.45656 3.47748 3.48725 2.90008 2.61646 2.57948 2.81038 3.16988 3.27307 3.29106 3.54236 3.77773 3.79098 3.85666 3.89945 3.66769
  3.59578 3.42578 3.43031 3.32475 3.36456 3.40454 3.52748 3.4415 3.46888 3.50036 3.54501 3.50741 3.40402 3.52355 3.62349 3.58562
  3.67092 3.60651 3.86937 4.18419 4.32064 4.31864 4.38011 4.41518 4.40729 4.30942 4.27094 4.29516 4.26123 4.24093 4.21318 4.16744
  4.14063 4.15447 4.11449 4.11998 4.15943 4.10714 4.0876 4.11193 4.16836 4.16718 4.10762 4.14619 4.1443 4.0299 3.97881 3.92472
  3.96633 3.92332 3.93854 3.9255 3.77696 3.91179 3.83933 3.82921 3.85986 4.01725 4.51268 4.31214 4.11588 4.19697 4.22376 4.18221
  4.10856 4.14773 3.9099 4.02854 4.05871 4.06568 4.02955 4.03043 21.3951 72.2886 113*0 72.0797 72.094 72.1535 3*0 72.207 72.2379
  72.3046 72.3342 72.5405 72.6985 72.7881 73.0521 73.2855 73.4282 73.6783 74.0289 74.223 74.4003 74.1134 74.3879 74.5799 74.92
  75.1409 75.2884 75.4201 75.5877 75.7762 75.9641 76.0562 76.238 76.4151 76.7515 76.8474 76.57 76.5838 76.7943 77.0361 77.272
  77.4074 77.5633 77.6263 77.7377 77.8118 77.8332 77.8491 77.9144 77.9623 78.0143 78.0141 77.9982 78.0728 77.9842 77.965 77.8901
  77.8482 77.7013 77.5435 77.4759 77.4112 77.344 76.9625 76.7418 76.8137 76.7892 76.5321 76.4178 76.2759 76.1459 75.8487 75.6394
  75.4767 75.2946 75.2129 75.3563 74.6863 74.1514 74.0625 73.8707 73.8095 73.9134 74.1215 73.8167 73.4194 73.1719 73.0247 72.4998
  72.3981 72.3437 72.5062 62.2865 36.0278 11.9376 3.71647 3.70142 3.99647 3.72466 3.61574 3.55345 3.39331 3.35796 3.39737 3.37319
  3.26526 3.27948 3.22748 3.25124 3.20575 3.20968 3.21807 3.22128 3.15581 3.17658 3.17615 3.38658 3.59565 3.63716 2.98064 2.63919
  2.60545 2.76423 3.24002 3.43206 3.44019 3.5817 3.86743 4.06089 4.07601 3.86511 3.63146 3.61659 3.53828 3.50386 3.43911 3.43317
  3.4678 3.49686 3.5632 3.59235 3.56349 3.51888 3.55933 3.55495 3.60188 3.72622 3.72518 3.7438 3.84071 3.90672 4.39158 4.55858
  4.6501 4.64383 4.76866 4.78844 4.57548 4.53611 4.49439 4.44629 4.26987 4.29901 4.36436 4.31227 4.27629 4.23601 4.25532 4.32215
  4.36363 4.22765 4.22852 4.23033 4.30264 4.28497 4.09621 4.0852 4.15361 4.23547 4.16087 4.03875 4.02648 4.00945 3.98281 4.11871
  3.90269 3.89609 3.84229 3.89194 4.11308 4.70926 4.48527 4.3371 4.11973 4.27316 4.23793 4.30331 3.91915 4.12487 4.06604 3.93646
  4.09976 4.12276 4.07874 4.0707 4.01405 72.1958 101*0 4*72.0194 8*0 72.0808 72.1111 72.1524 2*0 72.1988 72.2087 72.2642 72.3164
  72.4351 72.5432 72.7409 72.9107 73.2109 73.3359 73.545 73.8843 74.0692 74.2597 74.4812 74.2438 74.4828 74.6845 74.9809 75.1772
  75.3472 75.5095 75.5355 75.7476 76.0397 76.2617 76.5007 76.5815 76.7013 76.7332 76.8765 76.6243 76.7903 77.1087 77.2979 77.3496
  77.5502 77.6675 77.6913 77.8913 77.9008 77.9618 77.9796 78.0328 78.1312 78.0771 78.1143 78.0467 78.0474 78.0239 77.9648 77.8968
  77.8308 77.5682 77.5286 77.5329 77.4951 77.0001 76.7998 76.8167 76.7279 76.6438 76.5096 76.3579 76.2424 75.9241 75.6833 75.5183
  75.3101 75.3686 74.8787 74.351 74.1118 74.248 74.4368 74.1326 73.5224 73.1448 72.9685 72.8119 72.6861 72.5269 72.3615 72.3242
  70.426 28.8955 4.27879 3.86749 3.78867 4.0401 4.18052 3.7493 3.78351 3.52588 3.44417 3.35721 3.47447 3.67168 3.4949 3.45164
  3.21572 3.21645 3.22029 3.2517 3.19135 3.21784 3.22147 3.24434 3.27207 3.26247 3.36916 3.32515 2.70639 2.66093 2.72282 2.83695
  3.37645 3.53717 3.49894 3.68315 4.01634 4.11002 4.28258 4.20357 3.75246 3.57907 3.52586 3.52226 3.64627 3.70858 3.60782 3.5825
  3.61789 3.6146 3.66305 3.68463 3.68544 3.78921 3.74129 3.84182 3.9318 4.07533 4.17399 4.63886 4.78412 4.86899 4.93086 4.92748
  4.91424 4.98885 4.86403 4.79177 4.71772 4.73122 4.79493 4.84708 4.61594 4.71751 4.57987 4.53841 4.54285 4.3895 4.33173 4.34875
  4.3423 4.43719 4.40567 4.39715 4.37073 4.33166 4.21405 4.14544 4.0756 4.12135 4.10057 4.0915 4.07712 4.07014 4.04042 4.1017 4.2302
  4.38282 4.49775 4.60977 5.02504 4.82386 4.47401 4.21233 4.16313 4.20499 4.21707 3.83474 4.12605 4.04893 3.75049 4.09593 4.10818
  4.05617 3.91022 3.76356 72.0735 99*0 7*72.0194 2*0 2*72.0194 72.0208 72.0333 5*0 72.1583 72.1971 72.2361 72.3179 72.3851 72.4432
  72.5467 72.7752 73.0646 73.257 73.4528 73.7952 73.961 74.144 74.3209 74.373 74.3644 74.5459 74.862 75.0464 75.22 75.4018 75.546
  75.5694 75.7718 76.05 76.4268 76.8252 76.5929 76.7324 76.895 76.7128 76.7277 76.8402 77.0537 77.2497 77.4243 77.5411 77.5897
  77.8359 77.8646 77.9313 78.0024 78.0692 78.1364 78.2405 78.2179 78.1646 78.154 78.2512 78.0402 78.0073 77.9806 77.949 77.6331
  77.5427 77.6661 77.3182 77.021 77.0514 76.9535 76.7987 76.6796 76.6091 76.4347 76.294 75.9154 75.7403 75.668 75.326 75.1373
  74.7178 75.1362 74.742 73.9901 73.9405 73.3794 73.1136 73.0878 73.2751 72.7586 72.6482 72.5138 72.5767 72.1901 23.8115 4.23973
  3.95352 4.1902 4.16112 4.09848 3.79619 3.4329 3.28014 3.63048 3.57893 3.46568 3.58229 3.34632 3.18607 3.36354 3.2158 3.20866
  3.22173 3.18024 3.20958 3.21996 3.2225 3.34216 3.31269 3.33078 3.21382 2.68327 2.70161 2.72514 2.92762 3.09899 3.57633 3.58464
  3.73539 4.00073 3.99491 3.9985 4.02592 4.04296 3.55251 3.37244 3.41298 3.49999 3.63071 4.44026 4.031 3.7456 3.75542 3.82586
  3.93209 3.86702 3.88158 3.97111 4.02321 4.28998 4.74863 4.88507 4.88834 5.02019 5.16576 5.14373 5.04667 5.11707 5.19115 5.20577
  5.21116 5.20174 5.04622 4.92479 5.06723 5.06222 4.94767 4.89316 4.8794 4.86538 4.79921 4.59016 4.5231 4.47307 4.45485 4.39442
  4.39871 4.30194 4.31668 4.46557 4.45046 4.20416 4.01191 4.30846 4.27162 4.15389 4.08646 4.11651 4.10462 4.16816 4.12008 4.40918
  4.699 4.62738 4.63488 4.47429 4.19313 4.07052 3.75008 3.92726 3.93442 3.7557 3.78138 3.91027 3.72338 4.03352 4.01537 3.93361
  3.97747 3.84197 2*72.0781 95*0 9*72.0194 0 3*72.0194 72.0195 72.0212 72.0415 72.0762 3*0 72.1301 72.1628 72.2039 72.2789 72.3303
  72.3724 72.4199 72.638 72.7847 73.1664 73.4743 73.6982 73.8667 73.9914 74.1352 73.9557 73.8524 74.2456 74.5713 74.8988 75.0911
  75.2765 75.5064 75.7862 75.8495 76.021 76.5964 76.8813 76.9383 76.6064 76.4958 76.5861 76.698 76.7849 76.9457 77.1397 77.3002
  77.4269 77.5959 77.6936 77.8345 77.9634 78.0113 78.0541 78.096 78.1867 78.238 78.2545 78.257 78.1841 78.2544 78.0891 78.0863
  78.0757 78.0308 77.7538 77.5749 77.555 77.2984 77.1294 77.0922 77.087 76.9442 76.8285 76.6712 76.5854 76.2307 76.0002 75.7557
  75.6251 75.33 75.6641 75.1367 75.015 74.6059 73.8528 73.8157 73.8089 73.4655 73.3694 73.0365 72.7207 72.5438 72.3341 50.5792
  8.22034 4.23711 4.42818 4.27695 3.99195 3.81959 3.51745 3.62067 3.6641 3.69508 3.65816 3.62328 3.55736 3.52756 3.27882 3.04288
  3.23587 3.21208 3.2106 3.18852 3.17433 3.16934 3.15266 3.1723 3.19302 3.28405 3.31403 3.10954 2.69404 2.87787 2.90429 3.0198
  3.81365 3.96018 4.27517 4.57982 4.32904 4.02438 3.78438 3.75641 3.508 3.3484 3.50591 3.51433 3.62345 4.36996 4.93142 4.96505
  4.64445 4.38861 4.2794 4.14734 4.02716 4.133 4.51574 4.85955 4.94849 5.0681 5.25304 5.28873 5.42204 5.23472 5.22106 5.37188
  5.43966 5.40964 5.41344 5.43467 5.3999 5.37646 5.23509 5.13728 5.02045 4.92915 4.83209 4.8658 4.75479 4.67804 4.64213 4.63876
  4.64611 4.57816 4.55419 4.49804 4.45014 4.4189 4.39832 4.38884 4.41912 4.33493 4.35775 4.2527 4.21261 4.16985 4.16928 4.09468
  4.14148 4.05175 4.25277 4.64691 4.29188 4.03194 3.72934 3.69728 3.68136 3.69244 3.94867 3.96717 3.90264 3.8645 3.94273 3.82364
  3.96568 3.94344 4.03073 4.1109 4.03865 72.0779 72.0773 93*0 15*72.0194 72.0198 72.0219 72.0482 72.0767 72.0705 72.1006 72.1244
  72.1507 72.1751 72.2245 72.2671 72.3 72.3425 72.3525 72.6509 72.9232 73.3735 73.5685 73.7487 73.8643 74.0098 73.8248 73.3813
  73.6737 74.2525 74.6448 74.9633 75.0512 75.2496 75.7762 76.0936 76.4162 76.6747 76.9694 77.3324 77.2307 76.6115 76.5258 76.6084
  76.6893 76.8342 77.0129 77.1886 77.3361 77.4371 77.6231 77.751 77.9284 78.0227 78.0939 78.1513 78.2036 78.249 78.2884 78.2629
  78.2736 78.2036 78.2185 78.2229 78.1564 78.1116 78.0955 77.8343 77.6088 77.4579 77.304 77.1812 77.0587 76.9849 77.0694 76.8982
  76.8603 76.4709 76.3863 76.1298 75.9078 75.6452 75.0134 75.1237 74.2842 74.1194 74.0191 74.1453 74.0866 73.5708 73.5129 73.0711
  72.8172 70.8018 49.1749 28.4678 4.06512 4.41211 4.37396 4.07602 3.99513 3.54121 3.71434 3.81168 3.80701 3.7352 3.71985 3.59635
  3.52727 3.46045 3.30038 2.95747 3.29247 3.42266 3.29304 3.18498 3.16663 3.14854 3.15748 3.15511 3.22532 3.2378 3.52846 3.72207
  2.9855 3.7262 3.37657 3.52775 3.7226 4.05808 4.3049 4.69388 4.48532 4.289 4.0139 3.72221 3.64655 3.56045 3.50413 3.46392 3.88501
  4.20712 4.80018 5.33617 5.37608 5.63745 5.54246 4.77083 4.29126 4.37138 4.86924 5.16046 5.22558 5.31364 5.29522 5.3405 5.30196
  5.472 5.55252 5.66606 5.67553 5.65029 5.65289 5.67921 5.6359 5.62746 5.60015 5.50309 5.2845 5.05117 5.01842 4.94163 4.88237
  4.74873 4.74312 4.7106 4.73169 4.70724 4.72629 4.68264 4.65126 4.60389 4.64654 4.57249 4.46295 4.40381 4.33294 4.37802 4.30808
  4.30741 4.24321 4.21549 4.07436 4.03235 3.97652 4.24086 4.4848 4.31907 3.90884 3.65935 3.6841 3.61276 3.61194 3.73148 3.72537
  3.73014 3.81625 4.05285 3.74664 3.9693 3.9998 4.02406 4.03357 3.76875 72.0777 72.0759 72.0726 89*0 18*72.0194 72.0201 72.0228
  72.0355 72.0555 72.0868 72.1118 72.124 72.1809 72.2063 72.247 72.2751 72.3091 72.4186 72.6862 72.8479 73.0006 73.4241 73.6182
  73.7214 73.7688 73.7881 73.2592 73.2627 73.5954 74.2889 74.803 75.0558 75.3788 75.8607 76.3858 76.8249 77.2495 77.5688 77.6896
  77.3358 76.8833 76.4869 76.5283 76.6365 76.7123 76.9061 77.0615 77.2376 77.4569 77.5275 77.8104 77.8991 78.0214 78.1084 78.1897
  78.2112 78.2287 78.2988 78.305 78.3091 78.3281 78.2606 78.2221 78.2653 78.1788 78.156 78.0445 77.818 77.3767 77.4717 77.3216
  77.2305 77.1347 76.9895 76.9781 76.683 76.7162 76.5853 76.6134 76.0139 75.9143 75.5072 74.7079 74.7515 74.9949 74.6763 74.4282
  74.2791 44.4951 38.1226 36.7008 32.2063 14.9801 4.38334 4.21012 4.42325 4.50764 4.26406 3.8902 3.81226 3.62674 3.88388 3.92192
  3.84153 3.81925 3.61977 3.67925 3.55925 3.46465 3.39654 3.37041 3.40022 3.38142 3.2053 3.17863 3.1545 3.16074 3.15473 3.15958
  3.19187 3.52009 3.48042 3.20104 3.79719 3.50122 3.81174 3.69355 3.84373 3.87371 4.51586 4.761 5.377 4.2059 3.9074 3.68229 3.44873
  3.58128 3.63028 3.55358 3.78795 4.51439 4.59806 5.52621 6.4461 7.19863 6.82283 6.13276 4.73483 4.86787 4.93302 5.31895 5.39314
  5.51165 5.51463 5.50891 5.76404 5.86231 5.93101 5.95663 5.95317 5.88467 5.91777 5.8944 5.9214 5.83029 5.80171 5.77568 5.71823
  5.66968 5.38092 5.13708 5.03789 4.99787 4.92578 4.95785 4.93225 4.8671 4.84908 4.84392 4.72209 4.58471 4.5416 4.61175 4.58569
  4.3915 4.44233 4.49391 4.60103 4.41116 4.37478 4.35223 4.40631 3.84961 3.92345 4.02618 4.12523 4.2374 4.48418 4.66521 4.41744
  3.95177 3.70065 3.74798 3.72992 3.72814 3.71947 3.8641 3.86056 3.74789 4.00549 3.99833 4.03929 4.14102 38.9072 72.0774 72.0757
  72.0706 87*0 20*72.0194 72.0202 72.0218 72.0359 72.0589 72.076 72.0949 72.1235 72.1581 72.2088 72.2614 72.3018 72.3804 72.5377
  72.6594 72.4256 72.9144 73.4232 73.7336 73.5042 73.4769 72.7484 72.7454 72.9935 73.7718 74.3527 74.9739 75.4508 76.0025 75.9768
  76.3988 77.0056 77.1802 77.5 77.3327 76.8634 76.5905 76.4421 76.5779 76.6784 76.7511 76.883 77.3383 77.4428 77.5087 77.7476 77.967
  77.9828 78.0411 78.1271 78.2439 78.2344 78.252 78.2848 78.3453 78.3781 78.3655 78.2964 78.2698 78.2107 78.1787 78.0795 77.8944
  77.6632 77.6767 77.5081 77.4084 77.3067 77.1906 77.0576 77.1223 76.7886 76.822 76.0577 76.4724 75.5339 75.5942 75.7331 75.2837
  74.9439 74.2624 54.5498 39.7924 27.2011 5.4249 4.98833 4.80347 4.73046 4.6136 4.43712 4.47442 4.32981 4.08825 3.90184 3.84462
  3.78974 3.90316 3.84148 3.79535 3.75437 3.76687 3.78604 3.6383 3.54314 3.62184 3.39748 3.41667 3.27241 3.20455 3.16657 3.17857
  3.24216 3.13346 3.16742 3.46488 3.39678 3.6872 3.25837 3.13991 3.74581 3.93046 4.30231 4.28634 4.51026 3.61706 6.34117 5.58238
  5.1195 3.59468 4.10671 3.99215 4.20085 4.37417 4.30923 4.55821 5.29569 5.94749 6.53589 7.4136 8.03765 10.7258 9.0016 5.54981
  5.20992 5.17882 5.3646 5.59289 5.72148 5.77995 5.81206 5.8381 6.05831 6.12033 6.14991 6.14908 6.13744 6.18139 6.14175 6.1036
  6.07798 6.05668 5.97962 5.92601 5.87849 5.64891 5.46347 5.31085 5.25187 5.22651 5.20087 5.1022 5.03445 5.05493 5.01624 4.91988
  4.83385 4.67513 4.63005 4.58884 4.43535 4.42095 4.50995 4.6116 4.54999 4.45658 4.38006 4.21251 4.42769 3.65043 3.79021 4.14105
  3.9084 3.98381 4.05365 4.61272 4.55372 3.86642 3.78997 3.79118 3.77266 3.74497 3.73956 3.88253 3.94492 4.03878 4.03766 4.15592
  4.11638 20.5396 72.0789 72.0772 72.0738 72.0509 84*0 23*72.0194 72.0204 72.0255 72.0464 72.0655 72.0765 72.1017 72.1324 72.1622
  72.246 72.3158 72.3686 72.4612 72.6222 72.3915 72.4312 72.5661 72.9745 73.122 73.5214 73.0455 72.9057 72.9433 73.0806 73.3616
  74.6315 75.689 76.3258 76.6533 76.4279 76.1865 76.8384 76.9338 77.2997 77.0179 76.5848 76.5792 76.4892 76.6104 76.7094 76.7942
  77.126 77.4291 77.427 77.5161 77.8362 77.9247 78.0313 78.1035 78.1526 78.2302 78.2204 78.2644 78.2907 78.2948 78.3306 78.3733
  78.2938 78.2513 78.21 77.9529 78.0247 77.8573 77.7334 77.733 77.5555 77.4315 77.3808 77.2139 77.0925 77.1111 76.5656 76.4171
  76.2744 76.3504 74.5272 52.1238 40.527 37.2278 19.3218 6.54986 6.36544 6.08182 5.80359 5.46916 5.29734 5.12247 4.94622 4.75584
  4.56094 4.54316 4.07366 3.9206 3.94011 3.75658 3.76194 3.67151 3.66766 3.65929 3.64673 3.54065 3.60251 3.57719 3.40935 3.56824
  3.41642 3.34794 3.23241 3.20946 3.16411 3.16274 3.39588 3.06807 3.32958 3.31515 3.20367 3.41728 3.11859 3.68232 3.76592 3.83857
  4.52646 4.64944 4.63227 3.94082 5.09982 5.35177 5.26497 4.62005 4.34423 4.15471 4.32502 4.44125 4.25048 8.55438 9.50347 6.26379
  6.04164 7.87723 8.92964 9.70052 8.20179 5.13129 5.24418 5.45773 5.7109 5.84722 5.96074 6.08288 6.11512 6.13517 6.31305 6.39978
  6.0131 5.70156 5.79204 6.31046 6.35563 6.24876 6.24905 6.28853 6.24535 6.21418 5.93502 5.87252 5.68261 5.58607 5.44982 5.38218
  5.28396 5.1773 5.16156 5.14408 5.12762 5.00494 5.0179 4.96366 4.88209 4.7463 4.59744 4.6768 4.71713 4.45959 4.18577 4.26506
  4.16596 4.35264 4.15765 3.70896 4.09246 4.19318 3.93948 4.11079 4.45167 4.5308 4.11703 3.87246 3.80665 3.88876 4.14873 3.96745
  4.13122 4.0439 4.04933 4.17677 4.29203 4.36304 11.4921 68.4443 72.0787 72.0769 72.0711 72.0468 72.0267 81*0 14*72.0194 0 72.0194
  8*72.0194 72.0195 72.0207 72.0298 72.07 72.0832 0 72.1207 72.1414 72.1672 72.2186 72.332 72.4695 72.6381 72.9207 72.4026 72.4397
  72.5933 72.676 72.8463 73.0403 73.3075 73.1312 73.2087 73.4525 73.8692 74.0303 76.1223 77.5175 76.4663 75.7558 76.0009 76.3184
  76.2313 76.4033 76.6241 76.4725 76.429 76.5156 76.688 76.704 76.8271 77.3569 77.4308 77.3527 77.4169 77.6563 77.8739 78.004
  78.0979 78.1757 78.2085 78.1947 78.2487 78.3287 78.3835 78.3754 78.351 78.2417 78.243 78.172 78.1624 78.1182 77.8877 77.7843
  77.7084 77.7474 77.4713 77.3603 77.2361 77.2513 77.172 77.1454 69.1233 58.3322 37.2851 8.17785 7.77748 7.48103 7.15178 6.80341
  6.52811 6.28384 6.04017 5.4547 5.20896 4.90495 4.99297 4.77777 4.36113 4.31804 4.27837 3.85656 3.83066 3.97165 3.82635 3.65789
  3.59361 3.54557 3.52897 3.4679 3.38968 3.48249 3.60073 3.60912 3.49019 3.30087 3.36917 3.24588 3.19047 3.24454 3.31182 3.55352
  2.96125 3.09224 3.05336 3.2136 3.61406 3.704 3.81295 3.66784 4.12526 4.77882 4.85496 4.98235 4.88099 5.21696 5.75092 5.34208
  4.49816 4.37851 4.54943 4.87028 4.87726 4.57272 5.7845 11.9107 12.8178 8.85253 8.09709 8.89789 8.36991 5.32644 5.0304 5.4318
  5.70657 5.94276 6.06236 6.04943 5.79637 6.01806 6.46547 6.45609 6.26551 5.95799 5.85662 5.839 6.39499 6.46691 6.41756 6.39556
  6.46369 6.43563 6.22068 6.12807 6.13011 5.98433 5.79903 5.67721 5.63739 5.57099 5.43669 5.37165 5.33541 5.39748 5.35211 5.23218
  5.04481 4.91531 5.07129 4.80894 4.79714 4.67354 4.14494 4.11505 4.24257 4.2809 4.22554 3.71473 3.8314 4.34441 3.99791 3.94957
  4.25607 4.46411 4.3867 3.95653 3.98808 4.09088 4.15926 3.89594 4.16006 4.07193 4.07487 4.23724 4.28659 4.19744 10.2279 50.0171
  72.0803 72.0785 72.0767 72.069 72.0428 72.0493 79*0 26*72.0194 72.0196 72.021 72.0368 72.0728 72.0814 0 72.1448 72.1626 72.1866
  72.2669 72.3317 5*0 72.6339 72.7286 72.8909 73.0581 73.279 73.4909 73.6107 73.7196 73.8834 2*0 77.7344 76.3372 75.8289 76.0603
  76.0667 75.2639 75.6521 76.2404 76.2296 76.352 76.5613 76.7163 76.7681 76.8537 77.1979 77.077 77.3586 77.5493 77.6762 77.8888
  77.9646 78.1278 78.1096 78.1615 78.1884 78.2338 78.3212 78.3622 78.3465 78.2716 78.2168 78.1278 78.023 78.1648 78.0024 77.8382
  77.789 77.8993 77.7227 77.4656 77.4189 77.2759 63.1674 33.8572 9.857 8.6576 8.28677 8.26204 7.95971 7.76791 7.49256 7.22035
  6.86182 6.54697 6.24154 5.95225 5.67139 5.28311 4.94589 4.94077 4.47155 4.26605 4.15806 4.06448 3.83464 3.81089 3.96582 3.70408
  3.58698 3.50515 3.50583 3.45716 3.43127 3.42846 3.60946 3.67534 3.27524 3.32406 3.19323 3.2337 3.23028 3.21532 3.13129 3.04467
  3.11596 2.92561 3.11711 3.25832 3.42216 3.40277 3.74917 3.83404 3.64913 3.96319 4.77454 4.8402 4.91013 5.16749 6.26651 6.21068
  6.43327 4.90148 4.84 4.86872 5.33359 5.86506 6.51985 8.87866 10.5574 11.4535 11.5228 9.8744 9.59532 6.37981 5.15944 5.25055
  5.67118 5.88294 5.86405 5.79111 5.39548 5.45737 5.85576 6.12341 6.39112 6.22759 6.17521 6.34079 6.37512 6.5826 6.54965 6.55564
  6.56407 6.45624 6.531 6.50348 6.45001 6.23792 6.15871 6.07644 5.98029 5.86692 5.74661 5.60408 5.51575 5.48542 5.57507 5.50918
  5.42857 5.37157 5.19538 5.06413 5.06017 4.75783 4.34819 3.9868 4.29657 4.49718 4.12866 3.86054 4.08493 4.40806 4.35701 4.24753
  4.33023 4.44581 4.42837 4.35602 4.09662 4.45759 4.35538 3.90916 4.2599 4.20471 4.25599 4.42097 4.06015 3.80918 7.06473 47.1675
  72.0813 72.08 72.0784 72.0762 72.0653 72.0368 72.0376 77*0 12*72.0194 0 15*72.0194 72.0198 72.0215 72.0354 72.0662 72.0798 0
  72.1483 72.1968 72.2236 72.2971 6*0 72.6146 72.7295 72.9438 73.0955 73.3375 73.516 73.6374 4*0 77.8565 75.8285 75.8784 75.6215
  75.6958 75.3616 75.2778 76.0521 76.3904 76.3656 76.5158 76.6571 76.7617 76.846 77.1515 77.1918 77.492 77.6756 77.9097 77.9381
  77.9851 78.0845 78.2596 78.4154 78.3175 78.2641 78.2897 78.3246 78.2532 78.2238 78.1878 78.0487 77.9058 78.1579 78.0832 78.8055
  78.1568 78.1291 77.6178 77.2279 59.0139 22.4717 9.95565 8.8151 8.53922 8.51825 8.40523 8.34837 8.11111 7.77947 7.36509 7.01685
  6.82033 6.50692 6.22314 5.8089 5.37392 5.22349 4.93367 4.78849 4.38922 4.16638 4.04493 3.93904 3.90272 3.83826 3.76915 3.47984
  3.41832 3.37577 3.53107 3.39208 3.4136 3.49485 3.16644 3.25051 3.21045 3.23208 3.31216 3.17278 3.24846 3.2271 3.19405 3.17367
  3.08427 3.03998 3.18932 3.33995 3.45178 3.48063 3.62425 3.67097 3.74709 4.31325 4.51263 4.71342 4.36756 5.22076 6.41039 6.99237
  6.47053 5.85713 4.85747 4.9043 6.31592 7.09421 6.81494 6.8304 7.38262 10.7236 10.4193 8.87158 6.67114 5.59 5.2377 5.31653 5.59247
  5.58785 5.43346 5.24835 5.3575 5.45361 5.92466 6.02507 6.45757 6.64226 6.68558 6.66703 6.7436 6.71875 6.66536 6.48656 6.42058
  6.45699 6.51096 6.51834 6.48977 6.3029 6.28321 6.2376 6.13981 6.02202 5.888 5.78281 5.71074 5.76525 5.73935 5.49567 5.53896
  5.45587 5.39425 5.16175 4.35599 4.11948 4.00542 4.31236 4.38114 4.17318 4.51119 4.6612 4.82264 4.5384 4.87648 4.65228 4.88435
  4.63003 4.70791 4.47493 14*0 72.0775 72.076 72.0588 72.0309 72.0223 72.2684 71*0 36.0097 3*0 12*72.0194 3*0 14*72.0194 72.02
  72.0216 72.0375 72.0766 72.0802 11*0 72.6307 72.7395 72.919 73.0681 73.3113 73.6132 74.1031 4*0 74.4194 74.9916 75.0656 75.4875
  75.7096 75.8492 75.455 76.0687 76.4726 76.4601 76.4743 76.6831 76.8198 77.0064 77.159 77.5449 77.7126 77.956 78.1035 78.1496
  77.9452 78.2132 78.6623 78.6677 78.7177 78.1998 78.2189 78.2228 78.1756 78.1152 78.2429 78.1252 78.2582 78.6916 78.1782 78.2672
  77.9794 77.7491 70.431 31.6018 9.3556 9.24165 9.25946 8.76455 8.15324 8.50294 8.44011 8.23919 8.00038 7.66603 7.44187 7.37991
  6.92997 6.42091 6.07407 5.5785 5.2411 5.05428 4.90916 4.66031 4.31924 4.07856 3.97296 3.92405 3.79796 3.55519 3.47759 3.37064
  3.58792 3.40992 3.44245 3.55011 3.15747 3.23329 3.00192 3.25498 3.2729 3.15683 3.18279 3.09682 3.26812 3.2767 3.18572 3.09084
  3.0124 3.03247 3.18324 3.32582 3.31983 3.36199 3.45818 3.46939 4.07698 4.47761 4.25684 3.91164 4.05771 5.39913 7.83576 8.22755
  9.37778 9.54029 5.69195 6.2607 6.62267 6.16971 5.79081 5.31968 6.40378 6.62788 6.59086 6.58027 5.63027 5.27988 5.20953 5.26771
  5.36536 5.31406 5.22379 5.30124 5.42059 5.74398 6.02783 6.15406 6.65795 6.8967 7.16084 7.17481 7.02454 6.92931 6.6008 6.49055
  6.55469 6.55369 6.57193 6.57599 6.52155 6.45507 6.47039 6.3472 6.22701 6.11936 5.98452 5.92298 5.90589 5.925 5.88854 5.77165
  5.66463 5.54206 5.51019 5.1882 5.04785 5.16181 4.75548 4.85128 4.76006 4.91617 4.68476 4.84015 97*0 4*72.0194 2*0 2*72.0194
  10*72.0194 2*0 15*72.0194 72.0201 72.0222 72.0486 72.0771 72.0801 11*0 72.6783 72.6788 72.8813 73.1668 73.6234 74.0787 74.6315 2*0
  0 74.253 74.4035 74.9754 75.1557 75.5361 75.696 75.83 75.8317 76.3085 76.5629 76.3896 76.5828 76.7469 76.961 77.1199 77.1831
  77.4933 77.7515 78.3872 78.834 78.758 78.4312 78.5603 78.5825 78.5532 78.4395 78.1765 78.1988 78.1795 78.1326 78.2383 78.3223
  78.3681 77.8814 78.6297 77.6226 77.699 60.7216 34.1125 9.50734 9.44146 9.35731 9.31806 8.93057 8.40674 8.68328 8.48221 8.32318
  8.137 7.84302 7.6157 7.40987 7.27471 6.9449 6.49506 5.87352 5.464 5.17116 4.90662 4.79801 4.40292 4.1879 3.99298 3.98811 3.72374
  3.5524 3.48813 3.4115 3.49946 3.30888 3.16181 3.11255 3.14961 2.92373 3.24802 3.11024 3.15572 3.13025 3.11898 3.14081 3.06322
  3.11123 3.23135 3.11422 3.03178 3.00073 3.00227 3.08377 3.1269 3.08498 3.20881 3.32676 3.52631 4.35278 4.1038 4.2851 3.9447
  4.47248 7.16372 8.43511 4.60489 9.6528 7.83608 6.25763 5.60337 5.53482 5.4467 4.90016 5.0275 5.54415 5.78257 6.13522 6.19035
  5.67452 5.42761 5.31177 5.1156 5.09082 5.17225 5.18037 5.43196 6.03181 6.07339 6.22571 6.52672 7.07179 7.45128 7.49131 7.44291
  7.33709 7.03021 7.01243 6.94178 6.76512 6.63214 6.64531 6.70225 6.64144 6.55468 6.54173 6.44621 6.3219 6.29864 6.17816 6.07876
  5.97817 5.9998 5.96837 5.88915 5.58852 5.63775 104*0 15*72.0194 0 3*72.0194 0 18*72.0194 72.0203 72.0244 72.0599 72.0793 4*0
  72.2602 72.3234 72.3486 72.3615 5*0 73.1149 73.4177 73.6548 73.963 74.0199 74.2809 74.2038 74.3162 75.0193 74.904 74.7851 75.0529
  75.1902 75.5386 76.2571 76.5711 76.6769 76.1895 76.3903 76.2928 76.6466 76.7938 76.8638 77.035 77.1722 77.5253 77.7291 77.8745
  78.6417 78.4994 78.3852 78.5236 78.5647 78.3901 78.1247 78.0806 78.0606 78.0033 78.0624 78.1836 77.9545 77.7737 62.0927 49.1629
  49.6587 10.7298 9.84906 9.62596 9.40917 9.27383 9.33697 9.23528 9.07723 8.90308 8.72003 8.52412 8.36096 8.13447 7.86808 7.63692
  7.46228 7.2633 6.75176 6.49952 5.91948 5.38947 5.09578 4.77973 4.57425 4.25914 4.05977 3.89857 3.72113 3.53353 3.44071 3.24172
  3.15744 3.38983 2.9139 3.10412 3.14196 3.14907 3.17544 3.19474 3.21065 3.12795 3.09049 2.99629 3.07387 3.04313 3.06309 3.15701
  3.12971 3.01612 2.93533 2.97607 3.02444 3.04353 3.05923 3.07997 3.20494 3.92693 4.60926 4.32889 3.99283 4.46486 3.97252 6.13923
  7.06857 5.20753 7.79299 7.64976 5.83368 5.04331 4.7592 4.85416 5.15561 5.4754 5.44148 5.56968 5.68833 6.12263 5.8332 5.80592
  5.70433 5.49286 5.34548 5.09642 5.22241 5.58995 6.1521 6.29341 6.67089 7.52839 7.70118 7.65301 7.4043 7.77833 7.16021 7.2448
  7.33878 7.30711 7.19181 6.92097 6.76093 6.75284 6.71733 6.64151 6.58939 6.51834 6.52085 6.55726 6.40664 6.13109 6.23263 106*0
  11*72.0194 2*0 72.0194 7*0 19*72.0194 72.0195 72.0205 72.0311 72.0611 72.0864 72.0813 72.1342 72.1747 72.2081 72.2683 72.3018
  72.2854 72.3816 72.4195 3*0 73.8841 73.2645 73.2608 73.4325 73.9026 74.0933 74.3719 74.6476 74.9927 74.9154 74.8507 74.8665
  75.0901 75.242 75.5525 75.6945 76.7328 76.2757 76.5017 76.4201 76.3437 76.655 76.7788 76.9933 77.3416 77.4243 77.5797 77.6867
  77.5744 77.8197 78.175 78.3109 78.4498 78.2348 78.0495 78.0114 78.0159 78.0065 76.8075 56.4027 42.0828 23.3799 10.535 9.79809
  9.85297 9.82534 9.83518 9.78459 9.48896 9.42925 9.31025 9.22998 9.12247 9.06388 8.90755 8.69778 8.54306 8.33744 8.13585 7.91306
  7.60088 7.52482 7.28034 6.74158 6.41707 5.9188 5.40235 5.03371 4.67138 4.35062 4.1482 3.94317 3.69982 3.52909 3.34526 3.25139
  3.22543 3.25736 3.10851 2.94268 2.92492 2.95907 3.01646 3.04788 2.9824 3.05959 3.08907 3.14718 3.16055 3.11244 3.01417 3.07789
  3.05628 3.00124 2.90353 2.87605 2.97425 2.99964 3.22298 3.05995 3.66406 3.58751 4.16309 4.11292 4.08636 3.56887 3.91555 4.00081
  4.05753 7.12683 8.86952 7.04072 5.6748 5.66737 4.85942 4.69095 4.90356 5.10775 5.13857 5.17663 5.47658 5.53387 5.31742 4.9643
  5.28272 5.71357 5.27937 5.25951 4.94257 4.73089 5.63979 6.66519 7.12103 7.85192 9.43184 8.52645 7.12946 6.84446 7.27462 7.1259
  7.42097 7.41611 7.41321 7.37541 7.19902 7.02631 6.91058 6.76233 6.51398 6.67091 6.60622 108*0 12*72.0194 11*0 20*72.0194 72.0195
  72.0205 72.0308 72.0664 72.0865 72.0821 72.1392 72.1788 72.2088 72.2761 72.2679 72.2895 72.4759 72.5143 72.3982 2*0 72.7066
  72.7815 72.9756 73.6015 74.0996 74.3308 74.6137 75.0461 74.9057 75.07 75.1505 74.8801 75.1043 75.2714 75.5801 75.3375 0 77.0323
  76.7294 76.5053 76.4444 76.6674 76.7607 77.1102 77.3011 77.393 77.4705 77.3886 77.3068 77.6603 78.1091 78.2466 78.3603 78.0613
  77.9583 56.195 38.1869 14.2073 9.66106 9.59806 9.76032 9.78885 9.79316 9.78768 9.79394 9.78409 9.72556 9.63503 9.40956 9.37589
  9.26521 9.21546 9.0351 8.90309 8.77202 8.65771 8.4773 8.33627 8.06503 7.88111 7.66906 7.5122 7.2466 6.83075 6.25045 5.73156 5.2688
  4.86827 4.48349 4.27281 4.05681 3.72127 3.53853 3.38281 3.31543 3.16542 3.18106 3.07336 2.91034 2.84305 2.78772 2.88228 2.9877
  3.06488 3.04545 3.04734 3.05044 3.13706 3.13036 2.95843 2.8702 2.98928 3.10977 2.90389 2.83951 3.12066 3.25256 3.12492 3.33562
  3.33193 3.79966 2.63955 3.5595 3.49751 3.44066 3.35086 3.35646 4.12657 4.27096 4.44799 6.22327 5.3194 5.17538 4.91605 4.71893
  4.77022 4.93441 4.97208 4.93596 5.24452 5.08537 5.19417 4.51692 4.66224 4.5169 4.17974 4.78477 4.633 4.4861 4.90467 6.06903
  6.87348 7.14426 9.52024 10.9669 10.1619 8.12264 7.81413 7.5398 7.46369 7.50452 7.56214 7.50469 7.43053 7.42841 7.19085 111*0
  14*72.0194 10*0 21*72.0194 72.0195 72.0205 72.0259 72.0655 72.0788 72.0855 72.1425 72.183 72.2094 72.2654 72.2674 72.3734 72.499
  72.6105 72.674 2*0 72.707 72.8686 73.9193 74.5444 74.6701 74.3695 74.7505 75.2521 75.1067 74.8586 74.7125 74.9025 75.1374 75.2941
  75.1956 74.921 79.1815 76.8076 76.5891 76.4464 76.524 76.6135 76.7065 76.9059 77.2086 77.2356 77.2048 77.3347 77.4954 77.9539
  78.0607 78.1811 74.5415 46.823 21.9341 9.61546 9.68538 9.68107 9.63341 9.62126 9.68149 9.74041 9.72788 9.75151 9.7817 9.71083
  9.58871 9.51143 9.4353 9.35035 9.27618 9.11369 8.99489 8.87938 8.74573 8.59586 8.51891 8.30614 8.06274 7.84585 7.7642 7.54394
  7.12049 6.54592 6.01217 5.62833 5.16326 4.70682 4.32475 4.05087 3.88685 3.57524 3.44264 3.28373 3.08868 2.99606 2.99979 2.87494
  2.8021 2.78457 2.74198 2.77916 2.84507 2.90471 2.92153 2.91598 2.83775 2.92326 2.95798 2.8004 2.66054 2.92706 3.08109 2.87307
  3.02999 2.95479 2.93524 3.20249 3.10691 3.29649 3.42836 3.10337 3.51472 3.70468 3.50808 3.32176 3.57814 3.99842 4.03849 3.60878
  3.8655 4.07909 4.11593 4.44849 4.57131 4.73628 5.09147 4.91333 5.13395 5.30491 4.89732 4.33665 4.47977 4.59435 4.35111 4.28855
  4.37054 4.18629 4.45253 5.15155 5.28418 6.00463 9.4221 10.8413 11.5961 12.4487 10.294 8.20164 7.58411 7.68418 7.7033 113*0
  18*72.0194 0 2*72.0194 4*0 24*72.0194 72.0207 72.0284 72.0675 72.0791 72.0887 72.1441 72.1871 72.2108 72.2865 72.3317 72.6099
  72.7225 72.9701 72.811 72.3385 2*0 74.1539 74.3854 74.0974 73.9296 74.185 74.9883 74.9407 74.3137 74.5817 74.776 74.9348 74.8025
  74.5835 74.8824 75.9931 77.6618 77.018 76.2836 76.4619 76.6678 76.6397 76.6575 76.8079 76.9094 77.0112 77.3846 77.6503 77.8162
  60.6389 43.0573 19.6931 9.84106 9.71454 9.55023 9.58797 9.59495 9.6029 9.56024 9.57609 9.63044 9.74885 9.74788 9.6954 9.65424
  9.59769 9.50272 9.44662 9.42219 9.28966 9.16898 8.99947 8.92193 8.81283 8.71196 8.55939 8.3911 8.25175 8.07929 7.84126 7.71934
  7.24532 6.93649 6.51069 5.89372 5.47336 5.11831 4.80955 4.11858 3.83315 3.57865 3.35977 3.21022 3.07703 2.86607 2.8689 2.81264
  2.7081 2.71376 2.6758 2.64308 2.67462 2.69946 2.68186 2.68287 2.71139 2.73925 2.77937 2.78102 2.74194 2.81923 3.25253 3.32135
  3.11191 2.94854 2.75268 2.62279 3.37253 3.18355 3.30209 3.53267 3.53284 3.57803 3.36148 3.0265 3.3267 3.48479 3.74517 3.59453
  3.32608 3.70767 4.08537 4.15285 4.38173 5.37405 5.90777 6.11116 5.9977 5.68526 4.53696 4.8168 4.65646 4.83191 3.63241 4.50957
  4.61383 4.6124 4.45207 4.53121 5.30511 5.59416 8.47248 8.88496 9.83026 11.4271 118*0 12*72.0194 0 37*72.0194 72.0204 72.0281
  72.0714 72.0793 72.0914 72.1457 72.1904 72.2146 72.2906 72.3296 72.6102 72.5697 72.5851 72.536 72.4342 2*0 74.1931 73.8339 73.7461
  74.1794 74.563 74.2583 74.1977 74.3508 74.5842 74.7739 74.8904 74.5119 74.5793 75.7083 77.3561 77.7565 77.0097 76.3962 76.5395
  76.7861 76.8591 76.68 76.7979 76.9907 75.6341 48.5554 36.148 10.0758 9.49492 9.57366 9.67052 9.56903 9.51111 9.41754 9.48671
  9.5198 9.54415 9.53972 9.54489 9.62617 9.7156 9.68253 9.62902 9.62566 9.55383 9.47569 9.3868 9.27314 9.1993 9.04919 8.94286
  8.84282 8.71365 8.58913 8.4655 8.2698 8.13246 8.12776 7.92457 7.52114 7.15181 6.78348 6.14682 5.44412 5.22658 4.9176 4.65908
  4.19187 3.79807 3.48101 3.231 3.066 2.93493 2.79206 2.71625 2.65023 2.58866 2.58315 2.55421 2.56235 2.59458 2.56563 2.57828
  2.61551 2.637 2.70141 2.71884 2.76196 2.98013 2.97166 2.88018 2.95405 2.72588 2.89935 3.08816 3.30785 3.32292 3.17126 3.14805
  3.16242 3.30462 3.4482 3.31182 3.291 3.60007 3.65524 3.70736 3.47512 3.74707 4.02349 4.35638 4.87422 5.07831 5.63562 6.34173
  6.73017 6.89973 5.12718 4.89817 4.80699 5.26825 5.86037 4.63399 6.66685 6.18993 6.35443 6.6152 5.92126 6.62387 8.35632 9.53056 2*0
  119*0 30*72.0194 0 19*72.0194 72.0202 72.0221 72.052 72.0911 72.1062 72.1471 72.193 72.2178 72.2907 0 72.329 72.3422 72.3617
  72.4144 0 72.3592 0 73.8916 73.7502 73.9208 74.0321 73.7927 74.131 74.2407 73.9278 74.0572 74.8003 74.9394 74.7942 75.0872 76.6418
  77.4049 77.5789 77.1745 76.7902 76.858 77.0835 76.8014 60.1148 42.8141 20.1747 9.05605 9.13938 9.3256 9.39691 9.44223 9.53693
  9.38093 9.46025 9.42892 9.31503 9.36268 9.4047 9.46279 9.45045 9.47727 9.56918 9.58469 9.57073 9.49331 9.50757 9.43184 9.33948
  9.26388 9.1856 9.09794 8.99002 8.85283 8.73447 8.60794 8.54529 8.3568 8.26092 8.13112 8.32318 7.54512 7.46329 7.27682 6.62306
  6.06656 5.58934 5.27962 4.82255 4.41955 4.05607 3.62243 3.37615 3.07325 2.85835 2.71282 2.60889 2.5432 2.50315 2.47703 2.44542
  2.40567 2.47176 2.53596 2.458 2.49413 2.57845 2.6548 2.75771 2.90535 2.90558 2.80307 2.71504 2.70017 2.80128 2.71549 2.75359
  2.8255 2.99108 2.97564 2.99288 3.11801 3.11719 3.39483 3.30943 2.94195 3.1438 3.1799 3.42805 3.67797 3.90724 4.20338 4.44556
  4.79911 5.03003 5.40842 5.6665 6.66594 8.48842 7.25631 6.51422 6.49425 7.06862 7.2757 9.90389 7.6851 9.59137 7.0948 7.64686
  7.96611 124*0 29*72.0194 4*0 18*72.0194 72.0201 0 72.0786 72.095 72.1021 72.1477 72.1947 72.218 0 72.1801 72.2492 72.3429 72.3623
  72.3647 0 72.4955 74.0158 74.1204 74.1641 73.623 73.7884 73.9759 74.1367 74.0011 73.7356 74.1081 74.7888 74.9271 75.1195 75.8638
  76.583 77.4045 77.5677 77.6942 64.1881 51.3538 26.4115 8.85996 8.58512 8.75109 9.03992 8.75809 8.39011 8.92198 9.26563 9.37688
  9.46593 9.39784 9.36084 9.29156 9.21274 9.2529 9.28263 9.34304 9.36364 9.39703 9.41893 9.40787 9.35433 9.34092 9.33342 9.22747
  9.13932 9.10832 9.03754 8.92537 8.78846 8.73395 8.63057 8.51457 8.53575 8.3578 8.25053 7.74852 8.07216 7.7654 7.24001 7.4019
  6.87923 5.93101 5.4827 5.23897 4.59727 4.14123 3.82281 3.4447 3.20513 2.85799 2.68575 2.54601 2.46615 2.40093 2.37293 2.3451
  2.32684 2.31164 2.32656 2.42813 2.39876 2.43678 2.64944 2.48177 2.57845 2.73121 2.68969 2.71866 2.73103 2.81015 2.6777 2.65029
  2.77983 2.8155 2.86045 2.89982 2.95804 3.09437 3.34174 3.24564 3.26176 3.49987 3.6547 3.71433 3.87839 3.90131 3.99157 4.19645
  4.91717 4.92502 4.35652 4.93206 5.04169 6.2001 6.70177 6.23066 7.05325 8.82333 9.09577 9.78451 10.1552 7.61868 126*0 72.0194
  30*72.0194 5*0 17*72.0194 0 72.0472 72.077 72.0915 72.0944 72.1341 72.1957 4*0 72.3519 72.3625 72.3647 72.4035 72.7327 73.6559
  73.6601 73.4137 73.8197 73.8397 73.9704 74.1436 73.8973 73.9295 74.6465 74.7765 74.9351 74.9636 75.7676 71.0382 50.4975 37.2641
  10.9293 8.97655 7.65509 7.54492 7.55411 8.14849 8.77388 8.97162 8.92677 8.59913 9.0243 9.21927 9.3294 9.39769 9.51303 9.51774
  9.22991 9.12833 9.17039 9.19212 9.19922 9.22162 9.21352 9.19604 9.1675 9.14625 9.16069 9.16354 9.09878 8.98568 8.92734 8.84276
  8.78358 8.66178 8.59874 8.49432 8.38751 8.32377 7.99515 7.80675 7.67757 7.73519 7.5918 7.47152 7.39751 6.86199 6.00311 5.35499
  5.02061 4.42483 4.01977 3.6547 3.27375 3.04089 2.85931 2.54191 2.36311 2.30752 2.27558 2.2616 2.2485 2.24981 2.24689 2.27727
  2.31925 2.29649 2.39353 2.50122 2.38644 2.65019 2.71481 2.73918 2.79666 2.62895 2.73211 2.76754 2.74421 2.93484 2.77769 2.81651
  2.86257 2.9333 3.19374 3.27207 3.28711 3.4399 3.53624 3.57619 3.65287 4.00882 4.15663 3.77427 4.08219 3.78643 3.67241 4.25457
  4.64021 4.80573 5.25739 4.60932 5.38425 6.75561 7.94823 9.05265 128*0 26*72.0194 12*0 16*72.0194 0 72.0478 72.0778 72.0854 5*0
  72.2098 72.329 72.3211 72.3373 72.483 73.4898 73.6649 73.7015 73.8868 73.7131 73.7387 73.8293 73.9948 73.9898 74.3172 74.4149
  74.641 74.5974 69.0311 41.5972 22.4645 7.80092 7.43297 7.58735 7.84446 7.43505 7.35377 7.51549 7.57159 7.92567 8.21726 8.6323
  8.95433 8.68076 8.84925 8.77733 8.7887 9.15173 9.19288 9.24979 8.98038 8.88833 9.00841 9.08774 9.09488 9.0828 9.06956 9.03452
  9.00693 8.96766 8.95088 8.91063 8.88772 8.83413 8.74485 8.68377 8.56463 8.49621 8.38155 8.28284 8.15769 8.04507 7.41748 7.81672
  7.63555 7.34706 7.17485 7.09943 7.0021 6.59723 5.90401 5.38409 4.85658 4.27277 3.80688 3.37729 3.13604 2.93431 2.66824 2.48661
  2.27992 2.19185 2.16682 2.17028 2.16693 2.15937 2.16935 2.20028 2.2284 2.24212 2.31548 2.3655 2.446 2.60119 2.623 2.65274 2.58876
  2.56014 2.62958 2.63953 2.69255 2.73305 2.62583 2.71847 2.94806 3.06075 3.15516 3.26456 3.42332 3.43897 3.3314 3.08002 3.65576
  4.02395 3.69315 2.83845 3.14445 2.94044 3.41574 4.51121 4.44893 4.57136 4.90734 5.04232 130*0 27*72.0194 13*0 16*72.0194 0 72.0468
  72.0776 72.0891 2*0 72.205 72.2902 72.262 72.2802 72.3312 72.4382 72.6093 72.9411 73.2909 72.9416 73.3188 73.6953 73.4891 73.7053
  73.8499 74.044 74.1885 74.3012 72.2169 43.3343 18.2743 6.27158 6.38203 6.63556 7.17968 7.38318 7.10441 6.94829 7.07198 7.33165
  7.66891 7.76209 7.9372 7.93378 8.1095 8.3299 8.75197 8.36523 8.46692 8.69472 8.46111 8.27882 8.54011 8.64454 8.6064 8.64102
  8.65553 8.79513 8.72927 8.77948 8.77531 8.74079 8.82586 8.77397 8.72137 8.71622 8.6272 8.49611 8.38562 8.29368 8.24546 8.16226
  7.9693 7.80719 7.68979 7.44388 7.33038 7.13831 7.12642 6.93519 6.72219 6.44208 6.06246 5.60631 5.16908 4.63459 4.04198 3.57412
  3.21209 3.0176 2.69875 2.49334 2.30307 2.16133 2.06604 2.06696 2.0846 2.09077 2.08351 2.10032 2.13241 2.13917 2.15881 2.2249
  2.25526 2.27038 2.32693 2.47826 2.44598 2.48748 2.56206 2.61644 2.54514 2.52084 2.47442 2.61327 2.82109 2.97393 3.09062 3.12135
  3.16248 3.2818 3.25598 3.04647 2.8091 3.27073 3.6664 3.1605 2.85681 3.97811 4.34415 3.91542 4.82242 133*0 27*72.0194 14*0 72.0194
  6*72.0194 0 8*72.0194 72.0201 72.0424 72.0775 72.0908 72.1332 72.1721 72.2476 72.2668 72.3018 72.3443 72.3344 72.4875 72.801
  73.0694 73.0372 73.0497 73.1691 73.3704 73.5169 73.3392 73.849 74.0182 56.7201 24.8982 5.89107 6.08809 6.10318 6.22015 6.33792
  6.7912 6.89075 6.80002 6.76882 6.86419 7.06513 7.40552 7.48604 7.51636 7.60597 7.65848 7.90227 8.02709 8.65143 8.235 8.51628
  8.20425 7.6286 7.60706 8.10702 8.30851 8.3347 8.55682 8.59977 8.30902 7.91975 8.22223 8.67126 8.58833 8.58472 8.54576 8.50294
  8.43229 8.3346 8.25444 8.17142 8.11054 8.01564 7.92801 7.67425 7.32621 8.04011 7.0319 6.90028 6.6972 6.6299 6.40436 6.22378
  6.01582 5.69747 5.21555 4.68531 4.09745 3.70956 3.34338 3.04999 2.77133 2.4827 2.27663 2.15286 2.0357 1.96891 1.97396 1.98767
  2.01032 2.01843 2.04162 2.06438 2.08324 2.11371 2.16566 2.20587 2.0263 2.08054 2.22656 2.35401 2.39973 2.46765 2.43631 2.45654
  2.53256 2.75333 2.7989 2.8618 2.96599 3.02416 3.05795 3.04171 3.18116 3.1761 3.24924 3.33105 3.77946 3.96667 3.79197 3.20168
  3.88615 135*0 28*72.0194 6*0 3*72.0194 3*0 8*72.0194 3*0 7*72.0194 72.0202 72.035 72.0619 72.0807 72.1377 72.1608 72.2244 72.2701
  72.3227 72.3926 72.4323 72.5692 72.8825 73.1096 73.1151 73.047 73.1571 73.2501 73.3848 73.6242 56.1373 21.7566 5.84458 5.76278
  5.86644 6.01842 6.10936 6.18428 6.40796 6.76697 6.5517 6.54055 6.71328 6.7957 7.08658 7.32661 7.01452 7.22721 7.47111 7.73093
  7.91034 8.20671 8.39778 8.41859 8.22059 7.24201 7.044 7.28687 7.76131 8.02894 8.22073 8.41001 8.56129 7.85582 7.63804 9.00134
  10.2613 9.12927 8.40997 8.30659 8.23602 8.19126 8.11037 8.14192 8.03319 7.87499 7.72168 7.57975 7.61551 7.31258 6.75566 6.69208
  6.57222 6.31434 6.20452 6.05244 5.77388 5.42676 5.10405 4.70246 4.24373 3.78854 3.42721 3.07915 2.81494 2.51862 2.3227 2.14586
  1.98413 1.92159 1.91501 1.91315 1.91729 1.93159 1.95661 1.97589 2.00091 2.02756 2.02017 2.03648 1.96831 1.99772 2.0568 2.14465
  2.33316 2.4399 2.53985 2.6464 2.68773 2.72999 2.78464 2.79354 2.81128 2.8397 2.72434 2.714 2.84877 2.94139 3.05803 3.08414 3.34658
  3.7061 3.56943 138*0 15*72.0194 0 12*72.0194 4*0 5*72.0194 0 9*72.0194 4*0 7*72.0194 72.0203 72.0306 72.0621 72.0772 72.1247
  72.1533 72.2241 72.2615 72.3169 72.3842 72.4706 72.7027 72.9585 73.1289 73.1945 73.0476 72.9412 72.9646 73.1135 19.7567 5.51499
  5.65215 5.73763 5.73207 5.83829 5.95059 6.09696 6.25782 6.5353 6.4835 6.5655 6.66407 6.58802 6.8535 7.10395 7.21597 7.07335
  7.41817 7.88994 7.92069 8.05333 8.22487 8.38288 8.47612 8.08119 7.35505 7.08986 7.08856 7.28782 7.86864 8.20333 8.46272 8.5324
  8.5287 9.56139 10.713 10.6522 10.6127 9.10198 8.33303 8.09232 8.0211 7.9724 7.89993 7.82747 8.08118 7.46926 7.29273 7.23116
  6.60676 6.76649 6.49167 6.20262 5.97236 5.76884 5.56807 5.40898 5.17016 4.80902 4.42731 4.01263 3.65839 3.42725 3.11503 2.66412
  2.32385 2.17769 1.99305 1.85154 1.84834 1.85692 1.8772 1.87464 1.87989 1.8987 1.92423 1.95182 1.92882 1.91952 1.90175 1.92147
  1.96035 1.99352 2.0144 2.21408 2.49608 2.50167 2.55891 2.57686 2.6085 2.67311 2.71067 2.47184 2.42821 2.55698 2.65716 3.12005
  3.04494 3.03477 2.98955 141*0 6*72.0194 2*0 7*72.0194 0 10*72.0194 6*0 26*72.0194 72.0202 72.0297 72.0563 72.0714 72.1212 72.149
  72.2205 72.2599 72.3123 72.3941 72.4837 72.7041 72.9205 73.1701 73.4531 73.2602 34.4533 8.02011 4.78752 5.13554 5.45996 5.66069
  5.75762 5.68256 5.78313 5.90434 6.0665 6.36338 6.50076 6.41751 6.54726 6.59791 6.70338 6.96012 7.0772 6.95282 7.12369 7.71167
  7.84351 7.96596 8.09755 8.24236 8.27354 8.29872 8.16533 7.62468 7.32682 6.96131 6.99835 7.75294 8.0468 8.3551 8.67829 9.18247
  9.14076 9.22005 9.58556 10.2575 9.53345 8.53437 8.16507 7.90279 7.78578 7.71978 7.59314 7.46427 7.20763 7.00947 6.90579 6.24179
  6.57698 6.20057 5.85544 5.72382 5.57012 5.39023 5.17621 4.80245 4.66894 4.31504 3.68104 3.47937 3.23251 2.96806 2.58229 2.32816
  2.11838 1.93107 1.82528 1.82373 1.8405 1.84449 1.84714 1.85404 1.86649 1.88661 1.88527 1.87826 1.84478 1.851 1.87133 1.90942
  2.00688 2.04216 2.11775 2.14859 2.43902 2.39028 2.39541 2.43192 2.44403 2.39494 2.33561 2.45406 2.69738 2.84767 2.74721 141*0
  72.0194 2*0 6*72.0194 4*0 3*72.0194 3*0 8*72.0194 5*0 7*72.0194 0 21*72.0194 72.0201 72.0276 72.0588 72.0742 72.11 72.1579 72.2197
  72.2585 72.3146 72.3775 72.4744 72.5814 72.7906 73.2137 70.66 27.0965 4.59155 4.88426 5.04049 5.27002 5.55676 5.69876 6.079
  6.01606 5.87509 5.79889 6.18248 6.51156 6.65787 6.67625 6.42594 6.53653 6.8118 7.01706 7.13986 7.17189 7.41045 7.60242 7.76626
  7.75018 7.84874 7.92362 7.98665 8.09739 8.26305 7.7284 7.39312 7.15687 6.91039 7.75784 8.01262 8.83459 9.85682 8.93108 8.19976
  8.76634 8.96764 9.74434 8.55169 8.06359 8.03662 7.85283 7.71348 7.69194 7.49797 7.20065 6.97234 6.69651 6.32761 6.31082 6.16545
  5.6755 5.58625 5.44264 5.33558 5.2796 4.89673 4.40674 4.20238 3.98479 3.80728 3.30583 3.1169 2.92113 2.62801 2.34271 2.22896
  2.00911 1.89807 1.84417 1.84455 1.84377 1.83635 1.83613 1.83262 1.84969 1.84801 1.81956 1.7861 1.81484 1.85532 1.85899 1.93241
  1.96215 2.00391 2.09418 2.28751 2.26594 2.28948 2.33202 2.24684 2.36935 2.40226 2.51667 143*0 12*72.0194 9*0 6*72.0194 4*0
  31*72.0194 72.02 72.0265 72.0572 72.0689 72.1051 72.1541 72.2122 72.2476 72.2677 72.326 72.4447 72.5524 70.5434 32.247 5.29272
  5.20883 4.92864 5.06522 5.34262 5.33534 5.56906 5.77105 6.08627 6.13765 6.13749 5.8889 5.8347 5.81469 6.24492 6.85273 6.47526
  6.46716 6.99343 7.40735 7.35295 7.20083 7.42637 7.50382 7.52082 7.66473 7.72149 7.6722 7.6668 7.85559 8.00667 7.82843 7.18971
  6.77363 6.80802 7.94291 8.12244 9.48969 9.62632 9.2264 8.71239 8.39019 8.6516 9.43973 8.07327 7.53586 7.7183 7.53522 7.34047
  7.16568 7.01881 6.77031 6.59378 6.41023 6.31082 5.93715 5.74284 5.26212 5.59572 5.05079 4.86987 5.07201 4.8645 4.24917 4.05387
  3.77232 3.57399 3.35175 3.1119 2.87617 2.5718 2.43536 2.24613 2.09194 1.93415 1.89087 1.88231 1.8608 1.84729 1.83645 1.85147
  1.85949 1.8592 1.81686 1.79098 1.79379 1.79374 1.7229 1.86131 1.92627 1.97917 2.01661 2.22539 2.18722 2.29751 2.29464 2.23206 2*0
  139*0 18*72.0194 5*0 72.0194 2*0 5*72.0194 5*0 19*72.0194 3*0 9*72.0194 72.0199 72.0244 72.0498 72.0677 72.1016 72.1549 72.2041
  72.234 72.2856 72.3135 72.4945 65.5514 28.1216 5.05184 5.09845 4.90468 4.95346 5.2339 5.656 5.66552 5.82182 5.87864 6.06859
  6.23104 5.70344 5.74238 5.89744 6.11397 6.61287 7.24796 7.28225 7.38003 7.26778 7.28111 7.28411 7.30333 7.28986 7.35884 7.44842
  7.57332 7.46748 7.38108 7.44157 7.33559 7.62915 7.60493 7.39403 6.91719 6.86515 7.71882 8.8474 9.29229 9.02281 8.85755 7.45528
  8.97962 8.70654 8.30396 7.88311 7.20758 7.31179 7.27109 6.92108 6.74688 6.55176 6.3342 6.16751 6.16793 5.85492 5.79799 5.38407
  5.28177 5.09503 4.79095 4.64195 4.58005 4.72348 4.0719 3.66592 3.57289 3.35859 3.31401 3.0774 2.65133 2.39942 2.35316 2.18518
  2.08011 1.9569 1.92122 1.88791 1.87183 1.84012 1.84652 1.86717 1.85696 1.85399 1.83153 1.85059 1.82344 1.80495 1.83479 1.84842
  1.99648 2.02235 2.04942 2.19606 2.26124 2.23603 137*0 23*72.0194 6*0 7*72.0194 4*0 20*72.0194 2*0 11*72.0194 72.0198 72.0229
  72.0437 72.0646 72.1121 72.1612 72.2255 72.2317 72.2248 72.2624 72.3195 3.99538 4.43505 4.70099 4.8176 4.59575 4.68788 5.65128
  5.80172 5.75378 5.82827 5.8982 6.00411 5.77689 5.71474 5.92365 6.10566 6.21245 6.89815 7.35153 7.6833 7.63154 7.36119 7.62377
  7.51206 7.37201 7.32567 7.23786 7.24279 7.3506 7.28778 7.27811 7.24956 7.18962 7.42586 7.39342 7.38409 7.73743 8.18154 8.84052
  8.98525 8.8384 8.21378 8.48358 8.66648 8.47624 8.55547 8.06792 7.54228 7.19299 6.93417 6.8111 6.43551 6.39964 6.22629 5.94736
  5.80274 5.94446 5.93568 5.35093 5.01738 4.82699 5.20812 4.59635 4.33182 4.26891 4.045 3.84492 3.69145 3.40203 3.35995 3.24701
  2.97724 2.66545 2.38932 2.2232 2.09721 2.00736 1.97062 1.93047 1.88838 1.86121 1.7833 1.78267 1.85381 1.85203 1.84373 1.82861
  1.90743 1.88823 1.87305 1.86023 1.88907 1.9325 1.95941 1.95409 2.11634 138*0 24*72.0194 6*0 5*72.0194 3*0 36*72.0194 72.0196
  72.0212 72.0398 72.066 72.1122 72.1545 72.1503 72.1702 72.202 71.2354 34.8192 9.26614 4.31321 4.47683 4.59192 4.5615 5.41196
  5.55672 5.75956 5.61288 5.80318 5.72603 5.72575 5.62243 5.81084 6.04093 6.09375 6.19262 6.91637 7.29389 7.57564 7.64521 7.6255
  7.68327 7.74806 7.41133 7.09192 6.84538 6.93771 7.02842 7.16349 7.17169 7.31848 7.06333 7.27985 7.27812 7.61717 8.80233 8.71225
  8.65687 7.94255 8.00627 8.35868 8.25876 8.08293 8.00897 8.11288 7.80185 7.40621 7.07927 6.78998 6.57828 6.24278 6.12081 6.01663
  5.5767 5.5755 5.67007 5.67888 5.12564 4.66371 4.21644 4.7425 4.95268 4.66123 4.34757 3.84487 3.58626 3.69034 3.51081 3.21296
  2.87271 2.68263 2.33735 2.12395 1.94233 1.89519 1.96656 1.97557 2.0158 1.95362 1.72007 1.72499 1.7089 1.79295 1.87055 1.84379
  1.91073 1.92556 1.90829 1.93589 1.95436 1.89748 1.88399 140*0 25*72.0194 5*0 45*72.0194 72.0198 72.0228 72.0417 72.0653 72.102
  72.1217 72.1502 72.1654 42.1623 11.6457 4.06913 4.12016 4.23978 4.34846 4.44304 5.02591 5.34412 5.45672 5.4183 5.57006 5.73496
  5.62763 5.38447 5.45714 5.74547 6.0169 6.10129 6.77408 7.26789 7.19489 7.46876 7.48321 7.31472 7.47651 7.83677 7.00322 6.61347
  6.56866 6.58979 6.73413 7.01112 7.10393 7.02488 6.94115 7.05118 7.20677 8.22334 8.47883 8.45868 0 7.02055 7.76093 8.11385 7.82876
  7.54323 7.58898 7.32718 7.019 6.73811 6.62241 6.50656 6.19062 6.08005 5.93641 5.84176 5.45866 5.49374 5.37129 5.32637 4.85067
  4.28195 4.64706 4.34829 4.52758 4.35979 4.14183 3.705 3.52111 3.55079 3.38054 3.16646 2.73641 2.39145 2.23857 2.08858 1.93385
  2.05316 2.05026 2.0995 2.02045 1.94502 1.76733 1.71538 1.73333 1.80932 1.83989 1.94166 1.96011 1.98386 2.06317 2.18309 2.18011 2*0
  139*0 27*72.0194 4*0 45*72.0194 72.0198 72.0224 72.0356 72.0578 72.0943 72.1116 47.7346 11.8794 3.92173 4.01917 4.07745 4.19648
  4.37125 4.48969 4.87976 5.17595 5.26397 5.30404 5.39159 5.59948 5.67543 5.84536 5.67309 5.55748 5.76026 6.31513 6.58796 6.71303
  7.02526 7.18822 7.33451 7.20402 6.93653 6.72612 6.6781 6.20023 6.46126 6.50258 6.56059 6.51846 6.67953 6.81434 6.78923 6.84441
  7.01908 7.12057 7.70889 6.73501 3*0 7.93313 7.6692 7.24099 7.10698 6.74495 6.58446 6.50803 6.35471 6.22686 6.18202 6.05122 5.6784
  5.45431 5.53548 5.51827 5.51728 5.05424 4.74809 4.88944 4.67416 4.60056 4.36032 4.32858 4.11831 3.82802 3.56332 3.36182 3.4192
  3.19499 3.01083 2.55174 2.33396 2.1494 2.11479 1.88601 2.05198 2.12925 2.2097 2.18331 1.97432 1.80938 1.81799 1.81481 1.85896
  2.00064 1.99744 1.98177 2.02544 144*0 26*72.0194 4*0 24*72.0194 4*0 18*72.0194 72.0195 72.0205 60.248 29.5011 24.849 4.60473
  3.8185 3.87673 3.91966 3.98408 4.04627 4.15331 4.27485 4.66049 4.90972 5.05602 5.09859 5.1395 5.30884 5.479 5.60205 5.75421
  5.83765 5.87714 5.98026 6.37895 6.56188 6.95548 6.98621 7.15804 7.31381 7.25997 6.95847 6.52516 6.40784 6.46616 6.53489 6.60115
  6.60342 6.50913 6.49761 6.73454 6.78267 6.69485 6.72429 6.52344 6.34386 6.27415 3*0 7.60365 7.2217 6.921 6.69728 6.41084 6.45663
  6.40525 6.25502 6.13435 6.00992 5.9116 5.62008 5.43075 5.5447 5.09356 5.26311 5.12414 5.03766 4.77756 4.68645 4.61388 4.28772
  4.28576 3.87506 3.4962 3.33984 3.21583 3.23632 2.93694 2.67549 2.46484 2.12231 2.09087 2.11838 2.04727 2.09733 2.06512 2.23991
  2.1425 2.04327 1.98944 1.91924 1.89775 2.02296 2.03997 2.01423 146*0 26*72.0194 3*0 23*72.0194 7*0 6*72.0194 72.0319 72.0194
  9*72.0194 48.2573 18.6133 3.71241 3.73127 3.75469 3.7729 3.81487 3.85864 3.92359 3.9651 3.99507 4.05779 4.14424 4.36271 4.74523
  4.72661 4.738 4.97433 5.24799 5.25375 5.16344 5.28814 5.80855 5.96404 6.09307 6.23599 6.37927 6.71114 6.94468 7.072 6.99673
  6.99146 6.5719 6.33509 6.3215 6.2933 6.25795 6.33856 6.53668 6.50581 6.40461 6.49823 6.67315 6.73977 6.76166 6.66594 6.42102
  5.64533 5.57726 2*0 7.18422 6.90538 6.65321 6.29402 6.226 6.26861 6.18015 5.98969 5.90427 5.83423 5.71303 5.60758 5.52463 5.33318
  5.13981 4.76002 4.81249 4.96168 4.69336 4.51098 4.39865 4.11655 3.95439 3.61295 3.45369 3.22016 3.22809 3.13453 2.87024 2.65839
  2.45815 2.22248 2.07659 2.27477 2.33905 2.04552 1.9635 2.19998 2.16877 2.07305 2.04785 1.99441 2.00032 2.06181 148*0 72.0194
  23*72.0194 5*0 23*72.0194 3*0 2*72.0194 0 15*72.0194 65.4149 38.409 8.05629 3.7081 3.70738 3.70591 3.71722 3.7457 3.77053 3.79677
  3.85095 3.8893 3.95051 3.99265 3.9925 4.12385 4.18468 4.32982 4.36241 4.56871 4.73514 4.84273 4.90871 5.02686 5.21499 5.74491
  5.98009 6.11487 6.25877 6.2291 6.49226 6.60023 6.6372 6.59901 6.57053 6.28791 6.24574 6.1969 6.1607 6.15842 6.23225 6.47101
  6.40156 6.31591 6.19318 6.79248 6.83928 6.70018 6.61508 6.21959 5.53607 5.54762 0 6.95312 6.87363 6.59697 6.44293 6.04721 5.98303
  6.01156 5.89834 5.75852 5.60178 5.50386 5.45809 5.31953 5.37768 5.26609 4.82786 4.40152 4.77064 4.76363 4.50308 4.40446 4.2175
  3.89234 3.65269 3.51132 3.35984 3.18642 3.13682 2.8755 2.80728 2.65489 2.44912 2.33368 2.3129 2.33689 2.28543 2.15932 2.12994
  2.16847 2.186 2.11283 2.04192 2.01776 150*0 23*72.0194 6*0 41*72.0194 61.4891 22.3622 28.2419 4.05563 3.70618 3.70314 3.69905
  3.69731 3.6991 3.72111 3.73819 3.77017 3.8152 3.8521 3.85479 3.85791 3.88544 3.93099 3.93781 3.9473 4.08571 4.26839 4.42092
  4.73953 4.74309 4.84119 5.04727 5.37597 5.73651 5.97908 6.1692 6.33388 6.38084 6.42989 6.42598 6.35538 6.25985 6.28476 6.25562
  6.269 6.12655 6.14753 6.08977 6.24969 6.3199 6.25636 6.21281 6.46499 6.55624 6.55558 6.49106 6.38955 6.11633 5.37127 2*0 6.64853
  6.57518 6.43087 6.16958 5.81975 5.7772 5.77573 5.68799 5.58708 5.38312 5.37902 5.24627 5.08466 5.09624 4.96258 4.64687 4.46977
  4.612 4.54832 4.41648 4.25197 3.93161 3.68597 3.65728 3.54021 3.30466 3.1661 3.0219 2.90782 2.68618 2.58862 2.46147 2.46541
  2.34552 2.33263 2.39224 2.24453 2.14144 2.15319 2.147 2.17489 152*0 19*72.0194 10*0 39*72.0194 60.3158 21.6763 3.7094 3.70598
  3.70275 4.03305 3.69532 3.69294 3.69015 3.68724 3.68986 3.71719 3.7351 3.76737 3.80418 3.81415 3.84042 3.84136 3.86332 3.86924
  3.89882 4.06928 4.07095 4.23076 4.58958 5.04187 5.10068 5.3519 5.46639 5.59083 5.70814 5.92775 6.05405 6.20987 6.15581 6.2084
  6.24428 6.21174 6.2011 6.22744 6.16804 5.91922 5.87923 5.82837 5.75424 5.86823 5.82401 5.76848 5.73256 6.56785 6.61092 6.31042
  6.23666 6.21015 6.02578 5.18673 6.45055 6.57421 6.55906 6.57237 6.28341 5.93979 5.68631 5.65798 5.5775 5.52268 5.30583 5.33199
  5.15764 5.02961 4.94913 4.89111 4.79282 4.63049 4.45512 4.34129 4.41853 4.29797 4.01632 3.72833 3.67265 3.59788 3.46585 3.16098
  2.98022 2.8466 2.7915 2.6616 2.52085 2.61713 2.49463 2.22722 2.44214 2.45068 2.34814 2.32299 2.14888 154*0 18*72.0194 7*0 72.0194
  40*72.0194 65.6973 29.3642 3.70948 3.7055 3.70161 3.69817 3.6953 3.69202 3.68877 3.68413 3.68137 3.67911 3.68052 3.70339 3.72365
  3.75585 3.77797 3.78476 3.82592 3.82357 3.82972 3.83892 3.94665 4.13031 4.24294 4.27989 4.13959 4.62135 4.45203 5.2892 5.30005
  5.55846 5.64649 5.79231 5.90093 6.14503 6.03211 6.07732 6.11628 6.0334 6.14141 6.12652 5.82457 5.82705 5.81182 5.70705 5.61953
  5.77515 5.80626 5.78439 5.77099 6.45899 6.44395 6.23826 6.14542 6.11612 6.0048 6.56933 6.51755 6.44355 6.37075 6.19248 6.09098
  5.71824 5.57744 5.53474 5.51123 5.3648 5.33315 5.12418 5.01637 4.98861 4.8675 4.82579 4.62567 4.59697 4.43185 4.23188 4.15936
  4.02511 3.80048 3.61262 3.51679 3.37556 3.28551 3.053 2.89027 2.78673 2.70681 2.6831 2.56988 2.61855 2.50432 2.37299 2.49615
  2.42388 2.39501 155*0 18*72.0194 7*0 34*72.0194 0 5*72.0194 65.2466 30.0731 3.70959 3.70716 3.70409 3.70028 3.69658 3.6908 3.6911
  3.68344 3.67907 3.6765 3.67353 3.6708 3.66925 3.68034 3.70317 3.72977 3.74751 3.76784 3.78703 3.77111 3.75954 3.77348 3.64368
  4.17307 3.9997 3.94354 4.00271 4.0823 4.21183 4.62603 5.30033 5.39693 5.67752 5.83276 5.92675 6.01571 5.95463 6.0264 6.10002
  6.0463 6.13862 6.47915 5.77734 2*0 5.96132 5.78517 5.73111 5.81538 5.79486 6.05505 6.34821 6.29071 6.18763 6.08953 6.0384 6.01607
  6.43179 6.3344 6.26053 6.04849 5.94842 5.78125 5.68192 5.61062 5.54592 5.44423 5.35234 5.18657 5.07572 4.95177 5.03483 4.87279
  4.69576 4.47237 4.46602 4.30881 4.18184 4.04474 3.95805 3.67602 3.53372 3.41198 3.38569 3.20384 3.04474 3.01231 2.81756 2.72162
  2.6555 2.61472 2.56465 2.50381 2.586 2.52354 156*0 19*72.0194 7*0 39*72.0194 37.7636 3.70995 3.70598 3.70352 3.6997 5*0 3.6749
  3.6719 3.66917 3.6661 3.66348 3.66186 3.66955 3.68472 3.70195 3.72497 3.73336 3.72346 3.78069 3.76192 3.78747 3.81269 4.033
  3.88212 3.92634 3.98364 4.03191 4.20505 4.6809 5.25419 5.47817 5.67935 5.79591 5.86698 5.94094 5.96022 6.10509 6.20813 6.51122
  6.47776 2*0 5.64446 5.95319 5.81348 5.71613 5.7639 5.83706 5.92155 6.22186 6.18813 6.14489 6.09825 6.01582 5.89676 5.82251 6.27582
  6.18848 6.08111 5.84495 5.7004 5.67477 5.64117 5.57037 5.44659 5.36258 5.17929 5.07923 4.97778 4.82464 4.71161 4.62024 4.48016
  4.35634 4.22663 4.07638 3.99137 3.96653 3.82458 3.68568 3.49657 3.44555 3.38437 3.23273 3.04113 2.98893 2.84979 2.71268 2.78803
  2.69016 2.5648 2.49462 157*0 16*72.0194 11*0 37*72.0194 49.2553 12.9461 3.70772 3.70388 3.6998 3.69536 3.69442 5*0 3.66802 3.66524
  3.66259 3.65927 3.65581 3.65406 3.66172 3.67366 3.68651 3.69783 3.71709 3.73811 3.77272 3.76814 3.78969 3.81178 3.81546 3.85745
  3.90249 3.93998 4.04887 4.263 4.72753 5.36607 5.47079 5.46787 5.73425 5.82372 5.91242 5.95157 6.00141 6.2978 5.99756 5.6292
  5.62574 5.61524 5.83575 5.77842 5.72529 5.8012 5.89879 6.0866 6.1355 6.03422 5.97358 5.93804 6.04553 5.87331 5.96401 6.01462
  6.08252 6.00469 5.8472 5.74605 5.64114 5.59393 5.52384 5.46175 5.36493 5.25206 5.08783 4.97871 4.8205 4.66389 4.60217 4.5961
  4.3771 4.24748 4.12778 4.00097 3.99248 3.94329 3.72404 3.59457 3.49517 3.44433 3.42541 3.29578 3.10799 3.05658 2.97303 2.87153
  2.6847 160*0 15*72.0194 11*0 37*72.0194 38.4023 3.70923 3.70548 0 3.69513 3.69216 6*0 3.66367 3.66241 3.65907 3.65577 3.65224
  3.64877 3.6478 3.64504 3.65969 3.67833 3.6874 3.70439 3.72171 3.75565 3.76988 3.8032 3.82181 3.80386 3.84661 3.87499 4.04228
  4.07533 4.72953 4.96905 5.27939 5.41116 5.17415 5.3305 5.45882 5.82719 5.94405 6.03235 6.11452 5.90504 5.95413 5.94907 5.89187
  5.84242 5.64015 5.65222 5.69993 5.93182 5.95006 6.00921 5.91621 5.86009 5.87552 6.10756 6.19967 6.09034 6.01051 5.90865 5.84173
  5.66828 5.65346 5.607 5.47778 5.38408 5.21462 5.24379 5.15868 4.98432 4.80016 4.62017 4.48622 4.5241 4.49546 4.35917 4.17265
  4.08982 4.0772 3.96891 3.86615 3.74311 3.44286 3.34531 3.39002 3.37097 3.32058 3.17077 2.93012 162*0 7*72.0194 2*0 2*72.0194
  4*72.0194 12*0 36*72.0194 25.7524 3.70743 3.7027 3.69754 9*0 3.6606 3.65711 3.65285 3.64919 3.64443 3.64319 3.64059 3.64109
  3.64777 3.66856 3.67751 3.68854 3.70853 3.73239 3.7671 3.79196 3.80758 3.79344 3.79227 3.9072 4.06531 4.21526 4.84174 4.99114
  5.18414 5.3065 4.95768 5.01935 5.04872 5.00758 5.75964 5.94769 5.82685 5.83254 5.91141 5.48796 5.3513 5.44619 5.49539 5.56669
  5.68009 5.86341 6.01763 5.87555 5.73818 5.7197 5.96967 6.07735 5.98494 5.89647 5.77323 5.71371 0 5.56452 5.66227 5.54666 5.32609
  5.16152 5.2107 5.11798 5.03438 4.82059 4.59304 4.46494 4.39875 4.4801 4.46235 4.28615 4.2406 4.15626 4.00672 3.85065 3.7196 3.6332
  3.44191 3.57064 3.47475 3.4111 165*0 14*72.0194 13*0 10*72.0194 2*0 22*72.0194 66.6963 17.1066 3.70669 3.69825 3.69333 3.68878
  3.68403 9*0 3.6481 3.64488 3.64182 3.63917 3.63763 3.63659 3.63558 3.63783 3.65617 3.66614 3.68204 3.70473 3.72538 3.76963 3.80387
  3.84107 3.78951 3.81981 4.00595 4.15975 4.36789 4.72786 4.87563 5.02532 5.18084 5.00646 4.90579 4.99519 5.45128 5.70532 5.72518
  5.73708 5.74361 5.30687 5.29038 5.33818 5.5453 5.62905 5.59866 5.7061 5.8592 5.95922 5.92516 5.80933 5.93514 5.9929 5.94336
  5.87841 4*0 5.65267 5.54125 5.59611 5.14839 5.06901 5.02582 4.90455 4.78281 4.607 4.47707 4.38609 4.34484 4.34296 4.36794 4.18853
  4.08831 4.05386 3.86043 3.74625 3.68365 3.60621 3.575 171*0 11*72.0194 9*0 2*72.0194 3*0 9*72.0194 3*0 20*72.0194 46.7675 9.8196
  3.70374 3.69707 3.69207 3.68726 3.68278 3.6797 5*0 3.6548 3.65302 3.64965 3.64608 3.64278 3.63981 3.63679 3.6343 3.63243 3.63093
  3.62918 3.62967 3.638 3.66982 3.68119 3.69878 3.72838 3.7944 3.83157 3.83469 3.75301 3.85661 3.92468 4.20593 4.35409 4.52835
  4.73902 4.95241 5.13592 5.24075 5.40323 5.47139 5.55002 5.61436 5.63913 5.67712 5.393 5.27702 5.21989 5.27972 5.5457 5.60979
  5.58883 5.61385 5.76485 5.86642 5.80845 5.89066 5.94428 5.87938 5.79998 5.77041 5*0 5.33143 5.47489 5.03286 4.85792 4.87014
  4.76696 4.67723 4.52188 4.42435 4.3727 4.42005 4.18516 4.21651 4.18149 4.02161 3.95718 3.75648 3.4968 174*0 10*72.0194 8*0
  5*72.0194 0 32*72.0194 71.1251 3.99621 3.70189 3.69606 3.69101 3.68599 3.68195 3.67719 5*0 3.65385 3.64968 3.64873 3.64584 3.64164
  3.63821 3.63506 3.6322 3.62981 3.62755 3.62558 3.62366 3.6216 3.62676 3.65334 3.6619 3.67173 3.69149 3.66685 3.67191 3.78232
  3.75134 3.85107 3.94083 4.17339 4.33147 4.49069 4.6694 4.89477 5.04566 5.18602 5.31728 5.34006 5.41015 5.49004 5.47778 5.26065
  5.24948 5.25714 5.15521 5.19721 5.3107 5.51896 5.46007 5.67396 5.80117 5.72724 5.92798 5.86835 5.79781 5.75527 5.73881 7*0
  5.33294 5.0609 4.7247 4.69578 4.57419 4.4944 4.39371 4.49283 4.41141 4.38772 4.16691 4.1703 4.02122 179*0 7*72.0194 9*0 72.0194
  4*72.0194 2*0 31*72.0194 54.7832 10.7309 3.70164 3.69561 3.6902 3.68527 3.68065 3.67676 3.67338 6*0 3.64686 3.64401 3.6404 3.63693
  3.6336 3.63054 3.62777 3.62529 3.62276 3.62073 3.61719 3.61445 3.61661 3.62998 3.64524 3.66084 3.66224 3.66223 3.6608 3.73709
  3.72351 3.8724 4.16922 4.21019 4.28638 4.43978 4.61711 4.77259 4.92406 5.06496 5.22401 5.40682 5.48755 5.24728 5.16704 4.93427
  5.04976 5.1583 5.1066 5.11205 5.13812 5.18863 5.5019 5.80597 5.83069 5.84304 5.84302 5.99291 5.96865 5.93814 7*0 5.94936 5.26018
  4.93366 4.77971 4.62534 4.48801 4.53075 4.5991 4.48553 184*0 6*72.0194 10*0 37*72.0194 32.3303 3.70918 3.702 3.69381 3.68918
  3.68459 3.68007 3.67563 3.67209 3.66932 3.6679 5*0 3.64268 3.63927 3.63565 3.63241 3.62911 3.62608 3.62335 3.62086 3.6185 3.61526
  3.61136 3.6099 3.60944 3.61089 3.6126 3.63819 3.71059 3.77562 3.83537 3.85568 3.84997 3.88119 4.10812 4.17676 4.23346 4.29885
  4.3635 4.56541 4.77591 5.01013 5.17923 5.31084 5.33327 5.45427 4.92898 4.60412 4.85305 4.95425 5.17761 5.07324 5.19291 5.42272
  5.62758 5.7727 5.80466 5.77945 5.8598 10*0 5.05947 5.27274 4.89918 4.90894 182*0 5*72.0194 0 6*72.0194 11*0 35*72.0194 40.7103
  7.81298 3.70612 3.70145 3.69604 3.68705 3.68277 3.67852 3.67457 3.67108 3.6683 3.66631 7*0 3.63431 3.63119 3.62807 3.6249 3.62176
  3.61891 3.61665 3.61442 3.61197 3.60747 3.60569 3.60459 3.61837 3.6274 3.66842 3.71661 3.77406 3.84467 3.86737 3.97281 3.99891
  4.02444 4.15087 4.17199 4.21174 4.28497 4.38906 4.65055 5.00149 5.0709 0 5.04053 5.0705 0 5.63044 5.66288 5.57809 5.39271 5.36959
  5.35043 5.62747 5.60779 5.77969 5.75774 5.82476 197*0 5*72.0194 0 5*72.0194 4*0 2*72.0194 2*0 36*72.0194 67.8445 36.9312 8.88151
  3.70618 3.70197 3.69756 3.69361 3.6886 3.68016 3.6762 3.6723 3.66807 3.66475 3.6622 8*0 3.63032 3.62703 3.62399 3.62108 3.61739
  3.61481 3.6125 3.6105 3.60819 3.60511 3.60315 3.60251 3.61239 3.634 3.65047 3.71409 3.71234 3.76219 3.82108 3.93514 3.97981
  3.99658 4.01297 4.13232 4.17722 4.23008 4.30687 6*0 5.54057 5.60696 5.61728 5.34283 5.38463 4.74017 4.65852 4.63552 4.929 5.03539
  0 6.09609 0 4.17681 4.12936 195*0 3*72.0194 0 6*72.0194 4*0 2*72.0194 0 4*72.0194 72.3045 30*72.0194 58.8495 31.0808 3.70892
  3.70526 3.70138 3.69685 3.69293 3.6894 3.68575 3.68125 3.67318 3.66968 3.66624 3.66269 3.65977 3.65727 3.65459 3.6516 3.64902
  3.64524 3.63757 3.63519 2*0 3.62489 3.62283 3.61995 3.61704 3.61381 3.61043 3.60828 3.60663 3.60497 3.60301 3.60105 3.59925
  3.60293 3.62998 3.62517 3.65844 3.69694 3.72927 3.76925 3.84966 3.93282 3.98374 4.00107 4.05104 4.16492 8*0 5.43519 5.51236
  5.58596 5.30883 4.54742 4.40927 4.32072 4.46524 4.817 4.97846 3*0 4.15578 4.01599 3.96925 181*0 4*72.0194 14*0 7*72.0194 2*0
  2*72.0194 0 3*72.0194 72.0815 73.9107 27*72.0194 43.4279 36.2626 3.70944 3.70682 3.7028 3.69891 3.69543 3.69187 3.68778 3.68438
  3.68112 3.67787 3.67386 3.66561 3.66256 3.65921 3.65698 3.65456 3.65222 3.64938 3.64667 3.64287 3.63793 3.63444 3.63047 0 3.62229
  3.62088 3.61856 3.61628 3.61326 3.60983 3.60701 3.60537 3.60405 3.60275 3.60083 3.59846 3.59617 3.59495 3.60776 3.61218 3.63964
  3.69095 3.70994 3.74213 3.8397 3.92092 3.95598 6*0 4.28036 4.4667 3*0 5.34594 5.44995 5.21772 4.02622 4.10806 4.20939 4.43959
  4.43066 4.713 4.7452 4.7709 2*0 4.16608 180*0 8*72.0194 14*0 36*72.0194 66.5845 41.7636 35.3258 39.754 38.2055 22.1077 3.70849
  3.70513 3.70238 3.69987 3.69649 3.69274 3.68919 3.68569 3.68244 3.6791 3.67578 3.67268 3.66979 3.66584 3.65916 3.65634 3.65361
  3.65119 3.64886 3.6466 3.64374 3.6408 3.63637 3.63208 3.62862 3.62508 3.62101 3.61908 3.61709 3.61448 3.61161 3.60866 3.60626
  3.6045 3.60328 3.60213 3.60077 3.59862 3.59658 3.59461 3.59323 3.6017 3.61628 3.62415 3.65776 3.67662 3.70675 3.88278 3.91478 2*0
  3.9864 4.00404 2*0 4.20661 4.28471 7*0 4.04006 4.07735 4.20796 4.35528 4.4592 4.56992 4.63312 184*0 8*72.0194 4*0 2*72.0194 7*0
  27*72.0194 71.8979 69.7793 65.3268 60.0371 55.4169 50.7595 36.4315 29.9658 9.88141 3.70889 3.70708 3.70501 3.703 3.70073 3.70178
  3.7008 3.69795 3.69597 3.69182 3.68973 3.68621 3.68285 3.67944 3.67616 3.67313 3.67014 3.66736 3.66492 3.66194 3.65956 3.65309
  3.64989 3.64748 3.64515 3.64258 3.64 3.6372 3.63346 3.62924 3.62578 3.62298 3.62004 3.61672 3.61458 3.61259 3.61002 3.60732
  3.60517 3.60394 3.60276 3.60199 3.60085 3.59925 3.59744 3.59571 3.5941 3.59231 3.5947 3.60131 3.61614 3.63427 3.69616 3.77889
  3.84304 3.9028 6*0 4.17129 8*0 4.02705 4.0393 4.13576 4.2806 187*0 10*72.0194 0 3*72.0194 6*0 10*72.0194 71.178 65.7018 42.3428
  36.5157 34.5228 19.245 3.70847 3.70749 3.70732 3.70819 5.6004 10.4836 7.58699 6.09174 3.82578 3.70758 3.70708 3.70714 3.70696
  3.70643 3.70566 3.70524 3.7048 3.70369 3.70254 3.70097 3.69941 3.69781 3.69635 3.69446 3.69272 3.69035 3.68972 3.69058 3.68763
  3.68567 3.68319 3.67997 3.67623 3.67286 3.66946 3.66666 3.6641 3.6615 3.65922 3.6571 3.65469 3.65247 3.64776 3.64313 3.6407
  3.63826 3.63586 3.63281 3.62989 3.6264 3.62264 3.62003 3.6182 3.61606 3.61264 3.60972 3.60843 3.60635 3.60461 3.60316 3.60272
  3.60219 3.60113 3.59945 3.59822 3.5968 3.59542 3.59429 3.59272 3.59155 3.59081 3.65207 3.65556 3.70801 3.76708 3.83464 0 3.93058
  3.94005 13*0 3.91187 191*0 9*72.0194 0 3*72.0194 6*0 6*72.0194 71.1788 48.9641 35.0167 15.4248 3.70849 3.70686 3.7045 3.70247
  3.70143 3.69937 3.69742 3.69634 2*3.69574 3.69614 3.69631 3.69613 3.69596 3.6955 3.69476 3.69425 3.69478 3.69541 3.69439 3.694
  3.69372 3.69351 3.69284 3.69184 3.69064 3.68897 3.68746 3.68574 3.6842 3.68243 3.6802 3.678 3.67966 3.679 3.67691 3.67364 3.67034
  3.66717 3.66372 3.66097 3.65798 3.65536 3.65313 3.65043 3.64925 3.64799 3.64598 3.64182 3.63648 3.6337 3.63123 3.62853 3.62608
  3.62301 3.61988 3.61675 3.61463 3.61298 3.61139 3.60926 3.607 3.605 3.60349 3.6022 3.60159 3.60082 3.60019 3.59954 3.59841 3.59735
  3.5965 3.5956 3.5946 3.594 9*0 3.93501 3.94707 204*0 9*72.0194 0 3*72.0194 5*0 6*72.0194 66.8518 5.90573 3.70648 3.70328 3.70065
  3.69818 3.69612 3.6938 3.69202 3.69045 3.68861 3.68692 3.68599 3.68517 3.68449 3.68402 3.68382 3.6838 3.68379 3.6837 3.68368
  3.68368 3.68375 3.68396 3.68384 3.68359 3.68352 3.68309 3.68261 3.68198 3.68074 3.67922 3.67762 3.67632 3.6747 3.67284 3.67078
  3.6685 3.66864 3.66719 3.66736 3.66441 3.66165 3.65878 3.65553 3.65236 3.64917 3.64658 3.64435 3.64367 3.64196 3.6417 3.63922
  3.63484 3.62926 3.62636 3.62361 3.62136 3.61892 3.61603 3.61338 3.6112 3.60951 3.60786 3.60651 3.60544 3.60416 3.60298 3.60167
  3.60053 3.59979 3.59922 3.59892 3.59882 3.59729 3.59697 3.59649 3.59599 3.59556 3.59538 216*0 25.762 61.1523 5*72.0194 10*0
  4*72.0194 67.3025 35.9987 4.34099 3.70328 3.69674 3.69278 3.68973 3.6873 3.68454 3.68234 3.68064 3.67872 3.67682 3.67533 3.67451
  3.67384 3.67333 3.67273 3.67253 3.67239 3.67231 3.67275 3.67311 3.67329 3.67355 3.67368 3.67386 3.67384 3.67355 3.67322 3.67287
  3.67235 3.67155 3.67023 3.66884 3.6678 3.66596 3.66415 3.66188 3.65997 3.65802 3.65749 3.65852 3.65591 3.65354 3.65091 3.64793
  3.64469 3.64171 3.63856 3.63829 3.63641 3.63651 3.63441 3.63199 3.62801 3.62221 3.61947 3.61693 3.61433 3.61191 3.6096 3.6077
  3.60627 3.6052 3.60404 3.60297 3.60232 3.60134 3.60078 3.60023 3.59924 3.59881 3.59857 3.59867 3.59891 4*0 3.59662 3.59684 11*0
  3.93935 3.96367 3.9995 202*0 3.70951 4.5632 20.3801 64.8769 3*72.0194 7*0 5*72.0194 68.4091 32.1285 3.80744 3.70625 3.70131
  3.69657 3.68965 3.68341 3.67864 3.67526 3.67221 3.66976 3.66842 3.66674 3.66514 3.66386 3.66328 3.66296 3.66262 3.66245 3.66216
  3.66155 3.65967 3.65961 3.66027 3.66126 3.66199 3.66273 3.66248 3.66259 3.66229 3.66416 3.66389 3.66334 3.66282 3.66176 3.66048
  3.65929 3.65768 3.65604 3.65428 3.65284 3.65116 3.6492 3.64982 3.64898 3.64684 3.64472 3.64204 3.63907 3.63688 3.6342 3.6336
  3.63229 3.62962 3.6272 3.62469 3.62167 3.61549 3.61271 3.6102 3.60794 3.60612 3.6047 3.60355 3.60257 3.60182 3.60126 3.60072
  3.60033 3.59938 3.59923 3.59892 3.59853 3.59845 3.59849 3.59878 223*0 3.70572 3.70726 3.70957 3.71121 21.4792 72.0194 8*0 72.0194
  2*72.0194 70.3797 39.4991 5.7901 3.70796 3.70364 3.69873 3.69296 3.6877 3.6827 3.67717 3.66885 3.66469 3.66176 3.65925 3.65769
  3.6565 3.65548 3.65471 3.65384 3.65364 3.65353 3.65319 3.65286 3.65029 3.64913 3.64896 3.64976 3.65057 3.65163 3.65215 3.6524
  3.65255 3.65261 3.65486 3.65446 3.65416 3.65517 3.65426 3.65288 3.65191 3.65057 3.64911 3.64811 3.64578 3.64451 3.64265 3.64201
  3.64269 3.6411 3.63942 3.63703 3.6347 3.63336 3.63152 3.62905 3.62583 3.62251 3.61961 3.61695 3.61458 3.61053 3.60621 3.60438
  3.6028 3.6017 3.60071 3.59989 3.59928 3.59926 3.59939 3.59881 3.59875 3.59818 3.59795 3.598 3.59805 3.59854 3.59895 225*0 3.70309
  3.70521 3.70788 10*0 72.0194 58.5086 38.8887 4.1053 3.70877 3.70571 3.70158 3.69566 3.6904 3.68429 3.67836 3.67257 3.66774 3.66327
  3.65757 3.65448 3.65212 3.65026 3.64901 3.64813 3.6472 3.64663 3.64608 3.646 3.64597 3.64558 3.64096 3.64182 3.64204 3.64299
  3.6441 3.64498 3.64555 3.64601 3.64628 3.64649 3.6465 3.64627 3.64584 3.64661 3.64659 3.64657 3.64574 3.64453 3.64349 3.64158
  3.64058 3.63887 3.63729 3.63577 3.63634 3.63586 3.63445 3.63219 3.63004 3.62878 3.62671 3.62347 3.6193 3.6158 3.6132 3.61044
  3.60821 3.60581 3.60236 3.60028 3.59908 3.59807 3.59706 3.5966 3.59698 3.5973 3.59749 3.59728 3.59704 3.59708 3.59731 3.59772
  3.59849 3.59916 3.59973 3.60074 224*0 3.70008 3.70129 11*0 10.4412 3.7111 3.70917 3.70661 3.70388 3.69943 3.69385 3.68827 3.68121
  3.6756 3.66996 3.66487 3.66098 3.65755 3.65324 3.64759 3.64491 3.64336 3.64204 3.64094 3.64007 3.63913 2*3.63898 3.63908 3.63891
  3.63535 3.63542 3.63625 3.63755 3.63862 3.63975 3.64063 3.64094 3.64102 3.64106 3.64111 3.64115 3.64093 3.64052 3.64043 3.64133
  3.6404 3.63969 3.63798 3.6372 3.63584 3.63449 3.63314 3.63172 3.63074 3.63091 3.62916 3.62673 3.62442 3.62271 3.62088 3.61731
  3.61323 3.61043 3.6081 3.60487 3.60242 3.60088 3.59943 3.59808 3.59652 3.59552 2*3.59468 3.59502 3.59532 3.59576 3.59618 3.59653
  3.59686 3.59751 3.59821 0 3.60013 3.60146 3.60248 3.60276 236*0 3.70758 3.70764 2*0 3.69937 3.6926 3.68698 3.68011 3.67445 3.6695
  3.66456 3.65993 3.65547 3.65105 3.64694 3.64347 3.63852 3.63632 3.63504 3.63387 3.63298 3.63269 3.6326 3.6328 3.63288 3.63268
  3.63127 3.63062 3.63178 3.63289 3.63418 3.63539 3.63639 3.63671 3.63693 3.63711 3.63722 3.63716 3.63695 3.63659 3.63608 3.63651
  3.63645 3.63575 3.63454 3.63342 3.63237 3.63121 3.63008 3.62865 3.62675 3.62542 3.62396 3.62091 3.61796 3.61598 3.61443 3.61119
  3.60799 3.60562 3.60276 3.60021 3.59873 3.59743 3.59609 3.59515 3.59449 3.59385 3.59307 3.59302 3.59354 3.59445 3.59542 3.59639
  3.59728 3.59789 3.59832 2*0 3.60291 3.60307 3.60363 3.60413 2*0 3.60798 3.61008 235*0 3.69369 3.69091 3.68643 3.68016 3.6751
  3.67026 3.66537 3.66014 3.65478 3.64967 3.64426 3.64012 3.63715 3.63466 3.63165 3.62882 3.62802 3.62733 3.62753 3.62766 3.62787
  3.62801 3.62785 3.62805 3.62792 3.62842 3.62931 3.63053 3.63177 3.6327 3.63318 3.6335 3.63374 3.63397 3.63405 3.63392 3.63387
  3.63309 3.63269 3.63304 3.63263 3.63174 3.6307 3.62979 3.62864 3.62715 3.62539 3.62331 3.62073 3.61907 3.61574 3.61235 3.61032
  3.60887 3.60638 3.60391 3.60131 3.59942 3.59775 3.59639 3.59524 3.59439 3.59409 3.59365 3.59293 3.59262 3.5932 3.59435 3.59559
  3.59677 3.59811 5*0 3.60386 3.60459 3.60481 3.60539 3.60821 3.60961 3.61037 3.61275 235*0 3.69028 3.68603 3.68129 3.6768 3.67188
  3.66709 3.66178 3.65557 3.6491 3.6434 3.63865 3.63483 3.63199 3.62988 3.6279 3.62549 3.62371 3.6234 3.62363 3.62398 3.62438
  3.62485 3.62522 3.62584 3.62631 3.62627 3.62712 3.62809 3.62911 3.63001 3.63061 3.6309 3.6313 3.63137 2*3.63136 3.63129 3.63103
  3.63069 3.63045 3.63037 3.62964 3.62877 3.62782 3.62638 3.62432 3.62194 3.61971 3.61745 3.61486 3.61243 3.60932 3.60753 3.60621
  3.60409 3.60175 3.59964 3.598 3.59687 3.5956 3.59512 3.59534 3.59548 3.59537 3.59497 3.59513 3.59623 3.59794 3.59885 0 3.60047 2*0
  4*0 3.60563 3.60626 0 3.61072 3.61259 3.61342 3.61481 234*0 3.68776 3.68581 3.6819 3.67778 3.6741 3.66921 3.66418 3.65772 3.65034
  3.64342 3.63803 3.63365 3.63015 3.62769 3.62568 3.62401 3.62271 3.62107 3.62015 3.62055 3.62105 3.62222 3.62303 3.62365 3.62476
  3.62491 3.62524 3.62586 3.62657 3.62749 3.62838 3.62891 3.62905 3.62932 3.62967 3.62957 3.62977 3.62979 3.62969 3.62951 3.62908
  3.62883 3.62816 3.6274 3.62617 3.6243 3.62183 3.61913 3.61685 3.6147 3.61238 3.61039 3.608 3.60676 3.60574 3.60399 3.60224 3.60058
  3.59935 3.59892 3.59843 3.59814 3.59841 3.59887 3.59906 3.59929 3.60039 3.60185 3.60346 3.60441 11*0 3.61404 3.61555 236*0
  3.68429 3.68218 3.67963 3.67571 3.67158 3.66698 3.66118 3.65356 3.64543 3.63888 3.634 3.63007 3.62681 3.62412 3.62222 3.62067
  3.6197 3.61899 3.61846 3.61848 3.61936 3.62056 3.62153 3.62291 3.62379 3.62433 3.62498 3.62541 3.62602 3.62682 3.62753 3.62788
  3.62823 3.62847 3.62864 3.62877 3.62886 3.62883 3.62884 3.62877 3.62862 3.62825 3.62765 3.62666 3.62504 3.6228 3.62009 3.6175
  3.61526 3.61351 3.61199 3.61018 3.60811 3.60715 3.60648 3.60549 3.60485 3.60399 3.60359 3.60426 3.60461 3.60392 3.60377 3.6028
  3.60221 0 3.60636 3.60796 3.60826 250*0 3.68148 3.67909 3.67639 3.67289 3.66991 3.6643 3.6588 3.64969 3.64099 3.63527 3.63085
  3.62707 3.62387 3.62134 3.61917 3.61774 3.61662 3.6168 3.6172 3.61812 3.6191 3.62042 3.62128 3.62239 3.62348 3.62444 3.62532
  3.62541 3.62602 3.6271 3.62778 3.62822 3.62847 3.62857 3.62858 3.62856 2*3.62851 3.62855 3.62861 3.6286 3.6283 3.62763 3.62645
  3.62465 3.6223 3.61971 3.61744 3.61571 3.61465 3.61402 3.61331 3.61036 3.60963 3.60896 3.60919 3.6091 3.60905 3.60985 3.6113
  3.61241 3.61261 3.61018 263*0 7.39107 3.63713 3.63194 3.62784 3.62438 3.62132 3.61881 3.61679 3.61593 3.61594 3.61676 0 3.6187
  3.61964 3.62047 3.62141 3.62287 3.62414 3.62491 3.62548 3.62629 3.62728 3.62803 3.6288 3.62916 3.62967 3.62962 3.62954 3.62939
  3.62908 3.62891 3.62881 3.62889 3.62893 3.62874 3.62793 3.62669 3.62488 3.62282 3.62068 3.61899 3.61796 3.61741 3.61721 3.61624
  3.61472 3.6147 3.61464 3.61433 3.61432 3.61491 3.61629 3.61852 3.62043 3.61991 264*0 3.65306 3.65311 3.62899 3.62524 3.62183
  3.61893 3.61715 3.61608 3.61578 3.61616 2*0 3.61963 3.62025 3.62138 3.62319 3.62511 3.62571 3.62628 3.62795 3.62897 3.6296 3.62989
  3.63048 3.63072 3.63133 3.63113 3.63106 3.63133 3.63082 3.63046 3.63015 3.62992 3.62984 3.62957 3.62882 3.62763 3.626 3.62436
  3.6227 3.62102 3.6206 3.62092 3.62136 3.62044 3.62052 3.62097 3.62091 3.62008 3.61984 3.62036 3.62228 3.62556 3.62546 266*0
  3.65239 3.65424 3.62197 3.61887 3.61683 3.61567 3.61565 3.61649 3.61746 3.61875 0 3.62116 3.62195 3.62318 3.62479 0 3.63025 3.6315
  3.63197 3.63253 3.63284 3.63327 3.63371 3.63363 3.63381 3.63353 3.63352 3.6335 3.63302 3.6331 3.63285 3.63235 3.63196 3.63086
  3.63036 3.62956 3.62829 3.62637 3.62514 3.62426 3.62402 3.62471 3.62502 3.62388 3.62396 3.62457 3.62461 3.62449 3.62472 3.62598
  3.62935 3.63075 268*0 3.65489 3.65481 3.61622 3.61467 3.61479 3.61641 3.61778 3.61917 2*0 3.6228 3.62472 3.62657 3.62969 3.63288
  3.63444 3.63475 3.63629 3.63632 3.63653 3.63765 3.63855 3.63822 3.63816 3.63805 3.63738 3.63667 3.63649 3.6359 3.63592 3.63544
  3.63474 3.63348 3.63294 3.63227 3.63121 3.63003 3.62901 2*3.62841 3.629 3.62764 3.62844 3.62917 5*0 3.63558 3.63736 3.63844 11*0
  259*0 3.65864 3.61512 3.61694 3.62025 3.62237 3.62413 0 3.62851 3.62942 3.63316 3.63434 3.6379 3.63979 3.64114 3.64189 3.64376
  3.64399 3.64531 3.6445 3.64431 3.6438 3.64348 3.64294 3.64233 3.64148 3.64086 3.63996 3.63911 3.63838 3.63779 3.6373 3.63673
  3.63601 3.63511 3.63441 3.63421 3.63396 3.63384 3.63149 6*0 3.63914 3.64017 3.6417 3.64323 5*0 3.64666 3.64498 263*0 3.65946 0
  3.61854 3.62068 0 3.62563 2*0 3.63398 3.63692 3.63958 3.64417 0 3.64546 3.64621 3.64709 3.64849 3.64905 3.6508 3.65042 3.65035
  3.64991 3.64929 3.64853 3.64775 3.647 3.64613 3.64519 3.64428 3.64333 3.64253 3.64209 3.64156 3.64095 3.64037 3.63946 8*0 3.64391
  3.64511 3.64658 3.64787 3.64899 253*0 3.66138 3*0 3.66259 3.66231 14*0 3.6232 3.62568 3.62836 3*0 3.64278 3.64487 3.64696 3.64917
  3.65107 3.65224 3.65314 3.65381 3.65401 3.65536 3.6551 3.65647 3.65613 3.65574 3.65531 3.6541 3.6533 3.65233 3.65114 3.65012
  3.64958 3.64874 3.6482 3.64754 3.64706 10*0 3.65063 3.65186 3.65299 3.65388 3.65361 253*0 3.66188 3.66164 3.66119 3.66115 3.66109
  3.6585 3.65788 11*0 3.66169 3.66155 6*0 3.6473 3.64902 3.65173 3.65421 3.65631 3.6581 3.65904 3.65966 3.66005 3.65987 3.65974
  3.66114 3.66105 3.66231 3.66181 3.66152 3.6597 3.65863 3.65716 3.65631 3.65487 3.6546 3.65395 3.6532 11*0 3.65616 3.65792 3.65879
  3.659 251*0 3.65499 3.65803 0 3.66046 3.6604 3.66015 3.65996 3.65982 3.65638 3.65685 3.65696 3.65707 3.65746 3.65795 4*0 3.66358
  3.66321 3.6632 3.66296 3.66222 6*0 3.65262 3.65493 3.65735 3.65951 3.66199 3.66332 3.66442 3.66512 3.66542 3.66548 3.66547 3.66533
  3.66569 3.66738 3.66808 3.66797 3.667 3.66554 272*0 3.65084 3.65207 6*0 3.65597 3.65595 3.65616 3.65652 3.65792 3.65787 4*0
  3.66417 0 3.66421 3.6639 3.66404 2*0 3.66346 2*0 3.65485 3.65844 3.66048 3.66302 3.6651 3.66691 3.66849 3.66926 3.6698 3.67022
  3.67061 3.67079 3.67111 3.6714 3.67161 3.67181 275*0 3.64839 7*0 3.65605 3.65624 3.65565 3.65597 7*0 3.66433 3.6641 3.6648 3.66561
  3.66565 3.66612 3.66664 3.6664 3.66592 4.55015 4.05714 3.66436 3.66768 3.67024 3.67195 3.67322 3.67396 3.67475 3.67552 3.67691
  3.67721 3.67585 3.67604 3.67542 3.67427 283*0 3.65566 3.6562 9*0 3.66503 3.66552 0 3.66672 3.66686 3.66722 3.66799 3.66834 3.66776
  3.66745 3.66872 3.96451 3.67232 3.67409 3.67547 3.67783 3.67867 3.67933 3.67905 300*0 3.66582 3.6672 0 3.66758 3.66794 3.66859
  3.66852 3.66894 3.66898 3.66921 3.67227 3.67269 3.67339 3.67522 3.6774 3.68044 3.68158 301*0 3.66665 3.66715 2*0 3.66854 3.66885
  3.66875 3.66922 3.66994 3.67093 0 3.6746 291*0 3.64911 15*0 3.66732 3.6677 2*0 3.66984 3.66952 3.66914 3.6696 295*0 3.6491 3.65046
  17*0 3.66912 3.66928 298*0 3.64991 3.6508 5*0 3.65827 3.65869 317*0 3.65938 3.66069 3.66227 3.66463 310*0 3.65529 3.65626 3.65735
  2*0 3.66154 3.66224 3.66345 3.66539 3.66765 3.66987 308*0 3.65614 3.65758 3.65842 2*0 3.66261 3.66335 3.66468 3.66636 3.66803 2*0
  307*0 3.6579 3.65893 3.6595 2*0 3.66345 3.66395 1157*0 71.7203 315*0 71.6645 71.6491 71.7164 71.6881 71.7037 311*0 71.6787 71.6811
  71.6631 71.6432 71.6298 71.6815 71.6785 71.671 309*0 71.6889 71.6289 71.5474 71.6522 71.6524 71.6661 71.6758 71.6661 71.6553
  71.644 71.6253 305*0 71.6652 71.6808 71.6538 71.6396 71.5954 71.5061 71.6762 71.6704 71.6607 71.6501 71.6359 71.6224 71.6109
  71.6031 71.5974 301*0 71.6065 71.5855 71.5507 71.5863 71.6392 71.6001 71.5677 71.5748 71.5978 71.6441 71.6425 71.6311 71.6162
  71.6057 71.5992 71.5907 71.5775 71.5739 301*0 71.5641 71.5342 71.5144 71.4779 71.5861 71.5817 71.5838 71.5658 71.5333 71.6085
  71.6083 71.5934 71.5845 71.5831 71.5698 71.551 71.5386 71.5672 71.5653 299*0 71.5945 71.581 71.5599 71.4915 71.5513 71.58 71.5743
  71.5501 71.5262 71.5055 71.5766 71.5733 71.5683 71.5406 71.5218 71.5203 71.5111 71.5523 71.5455 71.5242 71.5088 298*0 71.6553
  71.5825 71.5492 71.607 71.6024 71.56 71.5356 71.514 71.493 71.5008 71.551 71.5235 71.5055 71.4864 71.4777 71.4986 71.5157 71.5063
  71.4892 71.4774 71.4659 298*0 71.7397 71.6936 71.6816 71.6504 71.544 71.5243 71.5066 71.4803 71.4581 71.514 71.5095 71.4883
  71.4879 71.4725 71.4971 71.4948 71.4774 71.4588 71.4427 71.4356 71.4287 71.4069 300*0 71.4837 71.4675 71.4944 71.4653 71.4611
  71.5376 71.545 71.5249 71.4604 71.4397 71.4277 71.4652 71.3836 71.3034 71.2722 71.3251 71.3849 71.3708 71.3526 71.3507 298*0
  71.577 71.4183 71.4589 71.4566 71.4288 71.4795 71.5079 71.5134 71.4884 71.4347 71.3798 71.3942 71.4028 71.1586 71.0818 71.0441
  71.1762 71.3241 71.3139 71.3036 71.3114 299*0 71.5399 71.5485 71.4701 71.4746 71.4685 71.486 71.4739 71.4465 71.4106 71.3334
  71.3228 71.3247 71.1795 71.1032 71.1455 71.2149 71.2483 71.2798 71.2676 71.2654 71.2631 297*0 71.613 71.5767 71.5094 71.4734
  71.4692 71.4762 71.4663 71.4358 71.3918 71.3365 71.3011 71.2751 71.2791 71.2596 71.2367 71.1932 71.1696 71.159 71.191 71.2169
  71.2073 71.1494 71.0985 294*0 71.6289 71.6159 71.5795 71.5517 71.5177 71.4801 71.4909 71.4625 71.4302 71.3747 71.3114 71.2938
  71.1966 71.1555 71.1866 71.1688 71.1945 71.1365 71.1215 71.1263 71.1146 71.0962 71.0807 71.0652 71.0561 294*0 71.6183 71.5846
  71.5695 71.5318 71.516 71.4977 71.4708 71.4262 71.2839 71.1665 71.188 71.1889 71.1356 71.0937 71.0551 71.0692 71.0789 71.0722
  71.1124 71.1021 71.0709 71.0538 71.0509 71.0342 70.8557 70.5655 292*0 71.6575 71.6008 71.5513 71.5559 71.5173 71.5129 71.484
  71.4172 71.2712 71.0959 71.0615 71.0457 71.0887 71.0646 71.0391 71.0088 71.0025 70.9803 70.9949 71.0062 70.8707 70.8548 70.9669
  70.882 70.7577 70.5566 70.2856 70.2605 288*0 71.7013 71.736 0 71.6101 71.5936 71.5429 71.5177 71.5212 71.4815 71.4167 71.3585
  71.2594 71.1801 71.0764 71.0994 71.0668 71.0419 71.0177 70.9412 70.8455 70.8497 70.7839 70.773 70.7507 70.7247 70.7044 70.5996
  70.4291 70.273 70.2533 70.2407 288*0 71.702 71.666 71.6448 71.6091 71.5566 71.5474 71.5265 71.4992 71.4474 71.3975 71.3642 71.3378
  71.2038 71.1174 71.082 71.0499 70.9772 70.8702 70.8077 70.7728 70.7597 70.744 70.7318 70.6977 70.6232 70.4959 70.3785 70.367
  70.236 70.2098 70.2062 70.3134 70.2769 285*0 71.7124 71.6993 71.6649 71.6326 71.585 71.5299 71.5376 71.539 71.5154 71.4529 71.3087
  71.2364 71.1681 71.1373 71.0808 71.033 71.0066 70.8414 70.8069 70.7723 70.7531 70.7282 70.7115 70.6942 70.6697 70.5904 70.4378
  70.3643 70.2753 70.2113 70.1952 70.1713 70.2136 70.2559 70.8425 284*0 71.7351 71.6928 71.6666 71.633 71.5803 71.5373 71.5562
  71.5152 71.4759 71.3188 71.2253 71.1862 71.128 71.0153 70.9642 70.9385 70.8775 70.8067 70.7952 70.7563 70.7279 70.7052 70.6882
  70.6635 70.6405 70.6058 70.4749 70.3148 70.2112 70.1984 70.1881 70.1668 70.1969 70.5366 70.8461 70.8169 70.8016 281*0 71.7697
  71.7433 2*0 71.6652 71.5835 71.6242 71.5623 71.4475 71.3753 71.2706 71.1246 71.0357 70.9705 70.9185 70.8834 70.8504 70.8193
  70.7963 70.7711 70.7346 70.7152 70.6902 70.6701 70.6489 70.6196 70.5899 70.5231 70.3186 70.1963 70.1868 70.1768 70.1894 70.3328
  70.7943 70.8018 70.7912 70.4863 70.189 280*0 71.7444 71.6572 3*0 71.637 71.5869 71.5495 71.4071 71.3498 71.2181 71.0595 70.9862
  70.9395 70.8997 70.8707 70.8346 70.8086 70.7867 70.756 70.7309 70.7062 70.6853 70.6697 70.6558 70.6024 70.5706 70.3885 70.1809
  70.1767 70.1399 70.337 3*0 70.7881 70.4835 0 70.1318 70.2963 70.7959 283*0 71.6308 71.6286 71.55 71.4104 71.2705 71.1739 71.0216
  70.9806 70.9507 70.8988 70.8597 70.8163 70.7991 70.7661 70.7381 70.7083 70.7023 70.677 70.6644 70.6434 70.5994 70.5306 70.2477
  70.1479 70.0355 69.9428 69.9338 4*0 70.1621 70.0627 0 70.2953 70.6761 70.748 274*0 71.9664 72.0271 6*0 71.6997 71.5073 71.3028
  71.2603 71.1836 71.0977 71.0066 70.9783 70.9442 70.8952 70.8511 70.7994 70.7759 70.8261 70.7958 70.7586 70.744 70.7284 70.7144
  70.661 70.5936 70.5387 70.4447 70.1971 70.1271 70.0556 69.9228 4*0 70.3323 70.0588 0 70.1667 70.7737 70.8119 70.6528 70.6152 2*0
  268*0 72.0679 71.9915 71.9446 71.9069 71.8056 4*0 71.5475 71.4793 71.3376 71.2649 71.2317 71.1885 71.0448 70.9924 70.9896 70.949
  70.9022 70.8573 70.8153 70.8279 70.8175 70.792 70.7689 70.7487 70.7323 70.702 70.6525 70.5793 70.5083 70.4262 70.3667 70.1924
  70.0938 69.9197 7*0 70.6784 70.6907 70.8123 70.711 70.6507 70.5781 55.8182 266*0 72.2532 72.174 72.1066 72.0335 71.9738 71.9097
  71.8551 71.7479 71.6754 71.6638 71.5301 71.4862 71.4136 71.345 71.2787 71.2397 71.1125 71.0553 71.0201 70.9946 70.9601 70.9209
  70.8924 70.8933 70.8601 70.8278 70.7868 70.7592 70.7347 70.7085 70.6761 70.6521 70.5855 70.4868 70.3868 70.332 70.2962 70.0408 2*0
  5*0 70.6613 70.7828 70.8141 70.7735 70.6483 70.5734 70.5409 65.6507 5.3425 2.25683 261*0 72.5739 72.472 72.3881 72.3169 72.2241
  72.1512 72.0818 71.986 71.8883 71.8229 71.7625 71.7092 71.6678 71.5622 71.5211 71.4282 71.3773 71.3249 71.2848 71.1874 71.1027
  71.0463 71.0034 70.9849 70.9832 70.9415 70.8994 70.8629 70.8175 70.793 70.7743 70.7295 70.702 70.6677 70.6481 70.6118 70.518
  70.4573 70.3859 70.3194 70.1522 0 70.5492 5*0 70.6468 70.7035 70.7207 70.6179 70.606 70.5611 70.5202 67.2781 7.90406 2.29687
  2.3363 2.24225 2.30122 256*0 72.8776 72.8015 72.6384 72.5632 72.4539 72.3647 72.2892 72.1937 72.0971 71.988 71.9073 71.8426
  71.7878 71.7005 71.6359 71.5966 71.5627 71.4974 71.3978 71.3669 71.3112 71.2016 71.1214 71.101 71.0758 71.0431 71.0047 70.9418
  70.8983 70.8505 70.8152 70.7933 70.7728 70.7268 70.6896 70.6501 70.626 70.5938 70.5788 70.5622 70.6263 70.5813 70.617 70.4799
  70.569 70.526 3*0 70.6353 70.4099 70.3869 70.5656 70.5891 70.6239 70.5309 70.5279 69.593 13.7677 2.27815 2.329 2.22719 2.31994
  2.26372 2.21239 251*0 73.0094 73.073 73.0429 73.0095 72.9071 72.7652 72.6215 72.5283 72.3924 72.2688 72.1684 72.1043 72.0283
  71.9389 71.8649 71.7914 71.7127 71.6629 71.638 71.5702 71.4534 71.4121 71.3582 71.2877 71.2193 71.1829 71.1379 71.0857 71.0406
  71.0016 70.9439 70.8895 70.8411 70.8013 70.7821 70.7501 70.72 70.6782 70.6455 70.6087 70.5916 70.5875 70.6134 70.608 70.6525
  70.5743 70.4404 70.5663 70.4864 3*0 70.6182 70.2506 70.2894 70.5154 70.6229 70.6514 70.5519 70.5744 70.5949 21.5772 2.2842 2.27724
  2.20489 2.15997 2.12924 2.24315 2.26479 2.32527 247*0 73.2824 73.2386 73.3248 73.2302 73.1532 73.1427 73.082 73.0465 72.8389
  72.6631 72.4161 72.3041 72.2388 72.1498 72.07 71.972 71.8981 71.7157 71.738 71.6928 71.6281 71.582 71.5108 71.4224 71.3283 71.2781
  71.2301 71.1827 71.1286 71.0802 71.0428 70.9893 70.9284 70.8884 70.8455 70.8018 70.7723 70.7431 70.7131 70.6809 70.6526 70.6163
  70.5961 70.6385 70.6128 70.5905 70.6329 70.595 70.5709 70.5352 70.4505 3*0 70.4418 70.4528 70.4343 70.6051 70.6252 70.5651 70.505
  70.5821 70.5867 23.4336 2.27198 2.23982 2.07293 2.02477 2.10318 2.1726 2.29634 2.31356 2.24612 244*0 73.7433 73.5418 73.4207
  73.5519 73.6274 73.6362 73.5348 73.4221 73.3175 73.136 73.0195 72.8414 72.4732 72.3701 72.2962 72.215 72.0607 71.9467 71.869
  71.8196 71.7597 71.657 71.6529 71.5883 71.498 71.3848 71.3281 71.2748 71.2269 71.1767 71.1235 71.0661 71.0213 70.9801 70.9312
  70.8908 70.8528 70.8089 70.7736 70.7374 70.7121 70.6941 70.6599 70.6169 70.6132 70.6286 70.6039 70.5898 70.7222 70.5978 70.4823
  70.4858 70.4287 3*0 70.4296 70.4528 70.5031 70.5906 70.5578 70.473 70.534 70.5632 70.0069 17.3601 2.26822 2.12041 2.0533 2.04002
  2.09625 2.12585 2.28108 2.24229 2.16065 2.02507 1.98361 240*0 73.8924 73.8777 73.8931 73.7163 73.8208 73.891 73.7743 73.7427
  73.6635 73.5258 73.401 73.2501 73.0969 72.8739 72.4717 72.4077 72.3195 72.188 72.0677 71.9659 71.8709 71.8274 71.735 71.6517
  71.5806 71.5141 71.4307 71.3812 71.3311 71.284 71.2388 71.1851 71.1348 71.0766 71.0268 70.98 70.933 70.8922 70.8591 70.8212
  70.7794 70.7466 70.7209 70.7004 70.6605 70.6283 70.6473 70.6277 70.592 70.569 70.6881 70.6347 70.3937 70.2799 70.2197 70.2956
  70.2907 70.4646 70.6251 70.5489 70.5819 70.5531 70.4731 70.4711 70.5134 70.5252 45.5373 2.95453 2.12688 2.08142 2.07392 2.02317
  2.09625 2.09722 2.06985 2.10326 2.06932 1.95682 1.98106 2.0437 238*0 73.958 73.8318 73.8008 74.0198 74.1554 74.086 74.0185 73.9159
  73.8185 73.7667 73.6372 73.464 73.3516 73.0774 72.6655 72.5405 72.4142 72.2479 72.143 72.0378 71.9461 71.8644 71.7728 71.701
  71.6562 71.5861 71.5012 71.4374 71.3865 71.3439 71.2925 71.2473 71.1959 71.1441 71.0845 71.033 70.9864 70.9337 70.8929 70.8627
  70.8258 70.7839 70.7481 70.722 70.6981 70.6623 70.6681 70.6577 70.6299 70.5829 70.5903 70.5737 70.5464 70.5051 70.5173 70.5204
  70.4553 70.535 70.7061 70.686 70.6742 70.5796 70.52 70.5422 70.473 67.6083 31.4231 2.64968 2.05499 2.07662 2.06124 2.04996 2.01857
  2.03395 2.0257 2.02906 2.07653 2.04703 2.01197 2.0405 2.05907 2.05448 1.92907 231*0 75.1946 75.1152 75.2067 0 74.1571 73.997
  73.9519 73.9124 74.0584 74.2484 74.17 74.0949 74.016 73.9392 73.8122 73.7502 73.6308 73.4408 73.0847 72.799 72.4459 72.4042
  72.3035 72.1578 72.0342 71.9434 71.8593 71.7622 71.7122 71.667 71.5804 71.5062 71.4566 71.4004 71.3545 71.3067 71.251 71.2009
  71.1485 71.0911 71.0367 70.991 70.9331 70.8934 70.8621 70.8311 70.7949 70.754 70.7232 70.6995 70.6632 70.6835 70.6497 70.6251
  70.577 70.553 70.5357 70.492 70.4957 70.6077 70.6038 70.5445 70.5701 70.6691 70.6884 70.6465 70.5505 70.5142 70.4814 54.1892
  11.1153 2.10602 2.05283 2.05841 2.05598 2.01714 2.00341 1.99259 2.01437 2.01703 2.04146 2.04179 2.03354 1.99974 2.03422 1.99627
  1.92429 1.89401 1.9802 228*0 75.3911 75.3511 75.3333 75.0776 74.8568 74.3318 74.1432 74.1068 74.0463 74.0923 74.3982 74.3101
  74.3479 74.0601 74.0014 74.0013 73.926 73.8011 73.7463 73.6454 73.3299 72.9162 72.6784 72.5304 72.3406 72.1545 72.0589 71.9488
  71.8716 71.7759 71.7172 71.6566 71.5906 71.5267 71.4713 71.4034 71.3569 71.3092 71.2597 71.2143 71.1563 71.0996 71.0412 70.9885
  70.9378 70.8978 70.8677 70.838 70.7952 70.7542 70.7242 70.698 70.654 70.6243 70.6003 70.5864 70.5576 70.5333 70.5009 70.4336
  70.4546 70.448 70.5553 70.5647 70.5704 70.5097 70.4807 70.4585 70.4487 70.3859 61.0675 6.29332 2.04534 2.05959 2.06187 2.04995
  2.00221 1.97935 1.97805 2.02223 2.02963 2.02755 2.00451 2.00632 2.001 1.99368 2.00695 1.96342 1.90378 1.96955 2.06424 225*0
  74.7362 75.3679 75.6041 75.5814 75.5678 75.5533 75.517 74.0376 74.5188 74.2324 74.1745 74.1543 74.2343 74.3793 74.2272 74.2602
  74.0567 73.9159 74.087 74.0043 73.905 73.8175 73.6317 73.2972 73.0239 72.7925 72.569 72.354 72.165 72.0674 71.9697 71.8844 71.8084
  71.7338 71.6727 71.6077 71.5428 71.4864 71.4294 71.3732 71.3254 71.2674 71.2159 71.1654 71.1076 71.0592 71.0007 70.95 70.9116
  70.8723 70.8373 70.8004 70.7638 70.7263 70.6921 70.6513 70.627 70.5871 70.5545 70.5238 70.4916 70.4703 70.4322 70.4216 70.4344
  70.5272 70.5323 70.4409 70.3554 70.3478 70.3163 70.3287 70.2816 37.3935 2.03227 2.02772 2.02466 2.01718 1.99463 1.99056 1.99167
  1.99906 2.00083 2.00638 1.9686 1.9885 2.02619 2.02227 2.00494 2.01 1.99148 1.90581 2.04999 2.12929 223*0 75.2545 75.0265 75.4441
  76.0781 76.0437 76.011 75.8918 75.8266 75.6093 2*0 74.2936 74.276 74.1788 74.1795 74.2513 74.1411 74.1578 74.1016 74.0424 74.1738
  74.0662 73.8499 73.5914 73.5054 73.2123 73.0712 72.8327 72.5698 72.3526 72.2169 72.0965 71.9981 71.921 71.8424 71.7564 71.6922
  71.6243 71.555 71.5003 71.4401 71.3776 71.3245 71.2722 71.2222 71.1746 71.1172 71.0615 71.0212 70.9693 70.927 70.8773 70.8342
  70.8016 70.7695 70.7325 70.6918 70.67 70.6394 70.6032 70.5675 70.5291 70.4901 70.465 70.4239 70.4004 70.4012 70.466 70.4865
  70.3361 70.3386 70.3452 70.3354 70.3111 70.3034 25.2801 2.00825 2.0027 1.99916 1.9899 1.9813 1.9742 1.97273 1.97867 1.98388
  1.94492 1.95546 2.00852 2.01959 2.01639 1.97754 1.98575 1.98241 1.97636 2.41154 2.2088 2*0 1.7012 1.69858 216*0 76.2601 76.2825
  75.7642 75.188 75.4353 76.291 76.2541 76.2553 76.2111 76.168 76.1472 3*0 74.3672 74.2408 74.2079 74.1529 74.2058 74.2683 74.2816
  73.9445 73.7702 73.5593 73.7282 73.6481 73.5196 73.3137 73.2118 73.1057 72.859 72.5597 72.397 72.2803 72.169 72.0709 71.9708
  71.8806 71.7779 71.703 71.6321 71.5654 71.5081 71.4377 71.37 71.3188 71.2724 71.2249 71.1733 71.1191 71.0648 71.0234 70.9801
  70.9379 70.8813 70.8372 70.8102 70.7817 70.7451 70.7065 70.6747 70.6444 70.6061 70.5756 70.5372 70.4968 70.4578 70.4261 70.4131
  70.3833 70.3697 70.3572 70.3412 70.3218 70.3383 70.3333 2*70.3177 21.953 1.99048 1.96634 1.97513 1.97017 1.95994 1.95274 1.95694
  1.95729 1.94557 1.94352 1.97508 1.9936 1.99499 1.97561 1.962 1.97926 1.95948 1.9685 2.42254 2.37099 2*0 1.79328 1.68809 1.70963 0
  212*0 76.5 76.4488 76.4597 76.4666 75.6418 75.4799 76.4702 76.4669 76.4589 76.447 76.4228 76.3924 3*0 74.1871 74.0926 74.2718
  74.2279 74.2393 74.2753 74.2025 74.1189 74.0038 73.8977 73.6984 73.585 73.4956 73.3917 73.2759 73.1392 73.0342 72.8421 72.6049
  72.4473 72.3469 72.244 72.1189 72.0131 71.897 71.8024 71.7109 71.6374 71.5695 71.4975 71.4252 71.3505 71.298 71.2556 71.2227
  71.1766 71.1226 71.0733 71.0234 70.9785 70.9369 70.8975 70.8578 70.8222 70.7845 70.7385 70.7102 70.6776 70.6451 70.6063 70.5779
  70.5477 70.5055 70.4694 70.4282 70.4165 70.3933 70.3731 70.3588 70.3373 70.3224 70.3313 70.3243 70.3088 70.2881 21.7339 1.97071
  1.9565 1.97102 1.95727 1.95419 1.94378 1.93872 1.94337 1.94743 1.95886 1.96655 1.98539 1.97681 1.94644 1.94535 1.98032 1.98541
  1.98391 2.10487 2.47775 2.04679 1.79627 1.6582 1.67951 1.70163 1.83636 1.9297 209*0 76.7315 76.8536 76.8538 76.6402 76.6716
  76.4687 76.1428 76.4678 76.6982 76.6797 76.6435 76.5959 76.5541 76.5046 0 74.3643 74.2986 74.2666 74.189 74.097 74.4552 74.329
  74.3594 74.231 74.1782 74.0527 73.9754 73.8441 73.6875 73.5704 73.4612 73.3407 73.146 72.9575 72.8154 72.6595 72.4935 72.4148
  72.2867 72.1526 72.0351 71.9287 71.8264 71.7389 71.6627 71.5745 71.5111 71.4408 71.358 71.3108 71.246 71.2008 71.163 71.1153
  71.0575 71.0098 70.9624 70.9288 70.8984 70.8729 70.8194 70.7784 70.7386 70.7089 70.6758 70.6421 70.606 70.5751 70.5494 70.5073
  70.4571 70.4238 70.3998 70.3734 70.3598 70.3465 70.3295 70.3162 70.311 70.3267 70.3047 70.2722 22.0068 1.97313 1.9485 1.95803
  1.94207 1.93832 1.93031 1.91682 1.94284 1.95276 1.94714 1.9327 1.96007 1.96561 1.95256 1.9888 1.98873 1.93511 1.94069 1.91922
  2.47731 1.83132 1.79354 1.76149 1.74056 1.76055 1.87722 1.93704 1.9641 205*0 75.1023 76.6917 76.7185 76.6287 77.016 77.1826
  76.8717 76.6481 76.9271 76.9357 76.9304 76.909 76.8744 76.8392 76.8134 76.7727 0 74.4142 74.4019 74.3779 74.3354 74.2818 74.579
  74.6151 74.7823 74.8069 74.527 74.321 74.172 74.0356 73.9016 73.785 73.6591 73.5241 73.3748 73.2096 73.04 72.8755 72.7161 72.5414
  72.4492 72.3309 72.191 72.0639 71.9584 71.8492 71.7634 71.6813 71.6029 71.5355 71.4401 71.3653 71.3162 71.2528 71.2049 71.1671
  71.1154 71.0816 71.0377 70.9772 70.9301 70.8924 70.8748 70.8288 70.7708 70.7356 70.7057 70.6789 70.6424 70.6007 70.5627 70.5412
  70.505 70.4612 70.431 70.4067 70.3758 70.3579 70.3439 70.3269 70.3095 70.293 70.2895 70.3009 70.2838 8.54392 1.94678 1.9373
  1.94851 1.9504 1.93157 1.9202 1.91357 1.94344 1.9453 1.94068 1.91952 1.92101 1.93847 1.95407 1.95632 1.75201 1.73907 1.74642
  1.77367 1.86104 1.86985 1.94773 1.97011 1.88249 1.85392 1.80111 1.89327 1.95506 1.84279 1.80032 201*0 77.4196 74.549 74.5558
  74.5635 2*0 77.1153 77.1156 77.1257 77.1626 77.1905 77.1971 77.1813 77.1456 77.1172 77.1093 77.0403 0 74.4751 74.4307 74.5321
  74.4066 74.5116 74.6595 74.8075 74.8111 74.7523 74.7777 74.6562 74.4632 74.2768 74.1057 73.9666 73.7788 73.6785 73.5281 73.3866
  73.2437 73.0958 72.9379 72.7963 72.6224 72.4902 72.3704 72.2334 72.1001 71.985 71.8813 71.7754 71.683 71.5963 71.5454 71.4461
  71.3731 71.3229 71.2813 71.224 71.1777 71.1304 71.1087 71.068 70.9947 70.9322 70.8979 70.8637 70.819 70.7743 70.7277 70.7044
  70.6727 70.6294 70.5864 70.5533 70.5296 70.5056 70.4746 70.4624 70.4156 70.3792 70.357 70.3374 70.3221 70.3079 70.2938 70.2815
  70.2697 70.2513 70.2572 70.2677 70.2579 1.93974 1.92249 1.92279 1.93519 1.90437 1.91116 1.93622 1.9169 1.89537 1.86594 1.9239
  1.9414 1.89321 1.74206 1.70647 1.57883 1.69095 1.66973 1.66442 1.83928 1.81436 1.76317 1.68715 1.71028 1.73004 1.7598 1.78229
  1.81476 2.01009 1.96892 196*0 76.7587 76.8423 76.2156 77.1414 77.2146 77.2413 77.7558 2*0 77.3715 77.5215 77.5664 77.5971 77.6033
  77.5838 77.5609 77.5191 2*0 74.8209 74.7871 74.7329 75.0701 74.9722 74.976 74.9869 74.9937 75.0378 74.9752 75.0055 74.915 74.6753
  74.5167 74.3189 74.1557 73.9964 73.8674 73.7303 73.5801 73.3918 73.2368 73.0983 72.9421 72.7723 72.6073 72.4549 72.3382 72.2494
  72.1151 72.0144 71.8868 71.767 71.6835 71.6082 71.5293 71.4524 71.3856 71.3358 71.2928 71.2335 71.1883 71.1695 71.1646 71.1427
  71.0964 70.9734 70.8943 70.862 70.8177 70.7624 70.7233 70.6867 70.67 70.6331 70.5745 70.559 70.5366 70.5197 70.4878 70.4622
  70.4227 70.3919 70.3745 70.3626 70.3352 70.3129 70.3049 70.2764 70.2543 70.2383 70.2331 70.235 70.2434 70.246 70.2667 70.2662
  1.94368 1.9125 1.90197 1.87025 1.85695 1.85454 1.89278 1.91339 1.93143 1.8931 1.91796 1.56457 1.58401 1.59855 1.60472 1.62627
  1.64489 1.64584 1.6672 1.68885 1.80204 1.85001 1.87735 1.77237 1.8582 1.9839 2.0949 2.09184 2.05595 192*0 77.2436 76.6744 76.6542
  76.4843 75.9068 77.0233 77.1608 77.275 77.9032 78.4937 2*0 77.6888 77.7588 77.7082 5*0 74.8384 75.8918 76.2541 76.13 75.4694
  75.3569 74.9939 75.3349 75.451 75.4662 75.4065 75.227 75.0103 74.7047 74.5382 74.3673 74.1933 74.126 73.9604 73.7294 73.5699
  73.4102 73.265 73.1001 72.9756 72.8243 72.6844 72.5165 72.3745 72.2578 72.1125 71.9961 71.8901 71.7883 71.6963 71.6162 71.5406
  71.4607 71.3985 71.344 71.2958 71.2425 71.228 71.1937 71.1925 71.1503 71.0912 71.0037 70.8621 70.8379 70.7588 70.7324 70.7079
  70.7191 70.6907 70.6423 70.5873 70.5722 70.5452 70.5122 70.4879 70.4797 70.4425 70.3987 70.3844 70.3546 70.3384 70.3171 70.2914
  70.2677 70.2472 70.2406 70.2315 70.2218 70.2265 70.231 70.2407 70.2747 70.2697 70.269 70.2722 70.2517 1.89798 1.86129 1.94667
  1.95176 1.92357 1.89388 1.906 1.58023 1.59582 1.60862 1.61537 1.6316 1.64325 1.65441 1.6687 1.69458 1.7349 2.05917 1.8807 1.7868
  1.90314 2.14792 2.23158 2.08431 2.02964 2.03689 188*0 76.8064 76.7089 76.8341 76.9454 77.1377 77.1136 76.6234 77.0635 77.2744
  77.2861 77.2819 78.2537 11*0 76.5897 76.8437 76.7073 76.0037 75.7017 75.7092 75.6478 75.5611 75.5649 75.6869 75.5222 75.3441
  75.0728 74.8334 74.6675 74.501 74.3398 74.147 73.9226 73.7241 73.6033 73.443 73.2848 73.1182 72.9669 72.8194 72.6438 72.4982
  72.3403 72.183 72.1059 72.0163 71.9094 71.8184 71.7326 71.6344 71.5617 71.4771 71.4134 71.3557 71.3213 71.2962 71.2195 71.1561
  71.2042 71.192 71.0173 70.8604 70.6538 70.7786 70.6962 70.6893 70.6756 70.6903 70.6635 70.5968 70.5721 70.5634 70.5499 70.5201
  70.4978 70.4716 70.4454 70.4224 70.391 70.3662 70.344 70.3208 70.2958 70.2591 70.2445 70.2342 70.2261 70.2209 70.2236 70.2232
  70.2324 70.2443 70.244 70.2502 70.2436 70.2469 70.2408 70.2576 70.2778 70.2738 70.3312 1.86764 1.89306 1.59769 1.61914 1.62671
  1.61007 1.66894 1.67868 1.69013 1.71302 1.85807 0 2.14822 1.95183 1.98049 2.02277 2.22599 2.18524 2.10634 2.00166 2.27125 2.33141
  185*0 76.7885 76.9543 77.1271 77.2278 77.3516 77.3848 77.4246 77.9316 77.6078 77.464 77.5115 77.5461 77.6033 78.0029 7*0 78.7841
  78.6076 78.4673 77.6312 77.0102 76.5353 76.2192 75.826 75.6937 75.9375 75.7916 75.6956 75.8437 75.759 75.5462 75.3548 75.1167
  74.9497 74.7828 74.6598 74.4405 74.2378 73.9731 73.7661 73.6113 73.435 73.28 73.1015 72.9521 72.7928 72.6529 72.5155 72.3685
  72.2267 72.0893 72.0108 71.9766 71.8439 71.7489 71.6563 71.5744 71.4926 71.4268 71.3609 71.3584 71.3332 71.2072 71.1995 71.17
  71.0845 70.9321 70.9414 70.6521 70.6846 70.7132 70.7374 70.6298 70.6235 70.5708 70.5436 70.5417 70.5347 70.5361 70.5285 70.5058
  70.4762 70.4487 70.421 70.3817 70.3988 70.3562 70.3452 70.305 70.2757 70.2448 70.2324 70.224 70.218 70.2321 70.225 70.2307 70.237
  70.2461 70.2325 70.1892 70.2155 70.2352 70.2489 70.2218 70.2304 70.3101 70.2641 70.3166 70.0342 70.0578 70.1213 70.0654 70.0334
  69.9447 69.9434 3*0 1.91942 1.84172 1.84001 2.01262 1.94455 1.86628 1.93085 2.06834 2.31058 2.47347 2.17182 182*0 74.5426 76.2107
  77.1072 77.2475 77.3359 77.4178 77.5384 77.6675 78.1676 78.4155 78.4641 78.3111 78.0638 77.9969 78.3217 77.0819 77.0611 4*0
  79.4539 79.4152 78.8621 78.4975 77.869 76.9388 76.6683 76.3659 76.1981 76.11 76.1402 76.1753 76.1383 76.0689 75.9361 75.7999
  75.5693 75.4151 75.2054 75.002 74.8262 74.639 74.4293 74.2215 74.0178 73.8275 73.6484 73.4512 73.2628 73.0589 72.9219 72.8065
  72.6812 72.5592 72.4091 72.2636 72.1282 72.0031 71.9424 71.8704 71.7726 71.676 71.5961 71.5386 71.433 71.3626 71.3685 71.3695
  71.3185 71.6942 70.9877 70.9905 70.7823 70.7431 70.7794 70.7259 70.6096 70.5502 70.426 70.5974 70.6323 70.5789 70.5418 70.5513
  70.5269 70.4869 70.4614 70.437 70.3881 70.3913 70.366 70.3266 70.3109 70.3206 70.3202 70.2916 70.253 70.2395 70.2769 70.3367
  70.2982 70.2337 70.1885 70.1865 70.2002 70.1955 70.1876 70.214 70.2388 70.2286 70.2225 70.2555 70.3133 70.2959 70.1565 70.037
  70.1586 70.1316 69.9673 69.9393 69.941 69.9438 0 70.2003 70.1498 70.2313 70.4574 70.4527 70.4888 70.4 70.432 1.96798 2.05185
  2.1022 2.21156 2.16088 2.10381 178*0 74.1674 74.8025 74.986 75.087 76.4481 77.2814 77.4817 77.5608 77.9928 77.9596 78.1004 78.5618
  78.625 78.723 78.8237 78.9165 78.7444 78.6775 77.442 77.322 77.4421 77.5221 78.2894 79.1919 79.3986 78.8873 78.4957 77.7505
  77.1442 76.8043 76.7196 76.6205 76.5479 76.4951 76.56 76.4549 76.3315 76.1478 76.023 75.8838 75.6404 75.4897 75.3209 75.1118
  74.8946 74.6062 74.4886 74.2309 74.0633 73.8537 73.6609 73.4668 73.2523 73.0975 72.949 72.8203 72.719 72.613 72.4459 72.2966
  72.1452 72.0328 71.9528 71.8891 71.7996 71.6937 71.6249 71.5649 71.4464 71.3846 71.3652 71.3828 71.3905 71.7576 71.0891 70.9846
  70.7506 70.753 70.8351 70.634 70.5375 70.2283 70.2948 70.7764 70.7274 70.6509 70.5545 70.5216 70.5127 70.3871 70.244 70.3129
  70.4961 70.2841 70.174 70.2193 70.0862 70.212 70.4153 70.3559 70.3891 70.4171 70.5104 70.569 70.4066 70.3016 70.242 70.2207
  70.2188 70.2171 70.1998 70.2234 70.2338 70.2516 70.2847 70.2771 70.239 70.2821 70.0786 70.071 70.1527 69.9444 69.9341 69.9475
  69.9463 69.9513 0 70.1469 70.1074 70.167 70.368 70.3183 70.3982 70.4583 70.4176 70.5052 70.5747 62.1009 2.50808 2.33003 2.28716
  2.22392 175*0 76.3557 75.7779 75.7513 75.6155 75.8286 76.4394 77.2867 77.5121 77.7162 78.4704 78.5159 78.83 78.18 78.0986 77.9554
  77.9937 78.5717 79.2146 78.8369 78.8808 77.8141 77.6285 78.0551 78.547 79.3903 78.8797 78.3159 77.988 77.5554 77.1479 76.945
  76.9008 76.8365 76.7599 76.8363 76.849 76.7509 76.502 76.3821 76.2494 76.112 75.9534 75.7686 75.5986 75.4106 75.1808 74.8645
  74.6015 74.4713 74.3008 74.107 73.8955 73.6731 73.4856 73.3042 73.1371 72.9767 72.8502 72.7348 72.6312 72.4906 72.3531 72.1769
  72.0619 71.964 71.894 71.8197 71.7195 71.6313 71.5789 71.5025 71.4167 71.3485 71.341 71.3565 71.5928 71.4194 70.876 70.8238
  70.7146 70.577 70.5786 70.4544 70.1699 70.3918 70.5001 70.6072 70.6206 70.5519 70.4773 70.3703 70.2205 70.149 70.0975 70.0522
  69.9438 3*0 70.5244 70.692 70.68 70.6647 70.5774 70.4523 70.7367 70.5387 70.4114 70.3032 70.3466 70.3954 70.4377 70.4165 70.3714
  70.3705 70.259 70.1248 70.1319 70.147 70.0577 70.051 70.0733 70.2322 2*0 69.9594 69.9571 0 70.216 70.1768 70.1962 70.3042 70.4082
  70.3078 70.328 70.4059 70.3514 70.3757 70.4077 58.3825 15.3801 2.41053 2.53014 2.34934 172*0 75.1211 75.3387 77.0632 76.7915
  76.4234 76.5788 76.278 76.621 77.0872 77.5502 77.5498 77.6055 77.5699 77.608 77.5547 77.2156 76.496 76.9358 77.0866 77.5183 78.43
  78.4518 78.6303 79.2499 79.157 79.2576 79.3999 78.5821 78.0863 77.6241 77.3297 77.2166 77.2023 77.1583 77.0969 77.0259 77.138
  77.0748 76.8177 76.6727 76.533 76.3797 76.2763 76.1646 76.0243 75.9142 75.6817 75.4787 75.2825 74.9275 74.7448 74.5488 74.3602
  74.1477 73.9424 73.7519 73.5577 73.4494 73.186 73.0336 72.9015 72.7972 72.6956 72.5423 72.4022 72.2383 72.0812 72.0184 71.9119
  71.8483 71.7492 71.6673 71.6158 71.5285 71.4222 71.3626 71.299 71.339 71.4764 71.2778 71.056 70.7062 70.5496 70.7063 0 71.5652 0
  70.4136 70.3975 70.3651 70.3252 70.3058 70.1003 70.1002 7*0 70.1005 70.9254 70.975 70.9639 70.9281 2*0 70.9022 70.7943 70.6693
  70.5551 70.5539 70.5676 70.4954 70.4374 70.3981 70.3535 70.2996 70.1426 70.1484 70.0679 70.0481 70.0981 70.1851 70.3255 2*0
  69.9735 0 69.8943 70.2326 70.2102 70.2097 70.2289 70.3425 70.3255 70.295 70.3034 70.3473 70.3941 70.4525 70.4983 67.6064 16.9548
  2.49148 2.5812 2.77318 2.73271 168*0 74.5224 74.6618 74.3387 75.1447 76.6096 76.6251 76.6839 76.7273 76.8129 76.9947 77.1288
  77.2088 77.1537 77.1503 77.0239 76.9442 77.2583 77.102 77.1236 77.0094 76.8126 77.1272 77.7601 78.245 78.6406 79.2125 79.2868
  78.8124 78.1851 77.7602 77.4847 77.3672 77.3694 77.3786 77.395 77.3524 77.2721 77.2518 77.1424 76.9673 76.8327 76.7396 76.616
  76.4391 76.279 76.1743 76.0911 75.9979 75.762 75.5517 75.3362 75.0054 74.7286 74.5573 74.43 74.2216 74.0646 73.8816 73.7102
  73.4753 73.2836 73.1261 72.9908 72.8621 72.7102 72.5752 72.4405 72.2939 72.1853 72.0435 72.0043 71.8821 71.807 71.7535 71.6576
  71.5632 71.4343 71.3944 71.3405 71.3004 71.3226 71.2626 71.1043 4*0 71.4824 2*0 70.6425 70.394 70.3645 70.1913 69.8585 0 70.1614
  70.517 70.5033 70.1427 70.3258 70.342 70.3302 70.2561 70.6528 70.9658 70.9663 70.9742 71.1003 71.086 71.0758 70.8194 70.688
  70.5928 70.6105 70.4783 70.4651 70.4311 70.2515 70.3085 70.3169 70.1666 70.0745 70.1226 70.1055 70.4598 70.5217 4*0 69.8735
  69.9103 70.2371 70.2674 70.259 70.2191 70.19 70.2641 70.3031 70.3313 70.341 70.4286 70.4864 70.612 70.572 47.7679 3.93225 2.68002
  2.76585 2.76986 2.67824 2.69572 2.64378 162*0 74.7542 74.7176 74.5086 74.1141 74.2787 74.4111 76.1374 76.5728 76.7608 77.1792
  76.8477 77.1158 77.4166 77.1106 76.9542 76.5963 76.5533 76.6705 76.8772 76.9885 76.9872 76.8945 76.8276 77.0332 77.2163 77.5821
  78.05 78.3392 78.2613 78.0269 77.6675 77.4812 77.4919 77.4601 77.5004 77.5054 77.4843 77.4414 77.3811 77.3494 77.2379 77.1702
  77.0429 76.8685 76.7827 76.6543 76.6026 76.4 76.2808 76.148 76.0455 75.8769 75.6476 75.4434 75.1684 74.9135 74.7075 74.4941 74.353
  74.1337 73.9771 73.7489 73.5249 73.3163 73.1535 72.9951 72.8617 72.7497 72.6124 72.4689 72.3095 72.2215 72.1112 72.0596 71.9673
  71.8862 71.791 71.689 71.5442 71.4794 71.4384 71.3754 71.334 71.3313 71.3437 71.3374 71.6583 0 71.4365 71.4049 71.4058 71.4639 0
  70.447 70.4385 70.3787 69.8996 0 70.1783 70.161 70.6398 70.6129 70.4165 70.3852 70.3939 70.3458 70.2894 70.659 70.9697 70.9636
  71.0215 71.1009 71.0998 71.0947 70.9113 70.7732 70.5832 70.4948 70.4713 70.4458 70.3049 70.2382 70.252 70.4733 70.1613 70.0669
  70.1673 70.4509 70.511 4*0 70.6783 69.8838 69.916 70.2505 70.358 70.3582 70.19 70.2391 70.2907 70.3467 70.4078 70.3415 70.5125
  70.5262 70.5695 70.6072 70.6546 28.1846 2.72289 2.74042 2.69468 2.73204 2.57849 2.47724 2.67815 2.72296 2.99387 157*0 74.4504
  74.6562 74.7945 74.5247 74.0963 74.2651 74.3779 74.4508 76.1727 76.5423 77.0882 77.4068 77.3182 77.0774 76.734 76.5472 76.4706
  76.5393 76.6652 76.7232 76.8896 76.8819 76.9358 76.9958 77.0412 77.2419 77.424 77.577 77.733 77.7891 77.7744 77.6977 77.5782
  77.5841 77.5525 77.5919 77.5691 77.6037 77.5796 77.5533 77.4861 77.4124 77.3229 77.2436 77.1362 77.0378 77 76.8717 76.7191 76.5626
  76.4214 76.3367 76.2103 76.0328 75.7688 75.6022 75.3502 75.137 74.8763 74.6366 74.4151 74.1884 74.0188 73.841 73.5882 73.3554
  73.1767 73.0231 72.8881 72.7963 72.6346 72.5133 72.3515 72.2629 72.1641 72.0966 71.9947 71.9089 71.8169 71.7036 71.5965 71.5187
  71.4718 71.4034 71.3477 71.3463 71.304 71.3777 71.4871 71.475 71.4341 71.4073 0 72.225 73.1273 69.9846 70.5485 70.5731 70.4187
  70.196 70.281 70.4532 70.6538 70.7223 70.535 69.9714 70.255 70.1652 70.7933 70.9908 70.9771 70.9596 71.0781 71.1104 71.1033
  71.1014 70.6815 70.5208 70.4439 70.5195 70.3982 70.4192 70.3868 70.265 70.2916 70.3141 70.349 70.3838 70.5103 70.5416 3*0 70.6667
  70.6708 70.5536 70.3267 70.45 70.4922 70.8181 70.4469 70.3087 70.2754 70.4511 70.5164 70.5337 70.5485 70.6271 70.6876 70.6538
  70.7002 70.7663 65.0984 5.87692 2.68724 2.68689 2.43476 2.47533 2.46029 2.54913 2.94938 2.85911 2.79621 2.88612 153*0 73.5341
  73.6419 74.1754 74.5392 74.2757 74.0816 74.2469 74.3693 74.4256 74.5159 75.2545 76.6053 77.1411 77.6212 77.6429 77.0745 76.7595
  76.4027 76.5861 76.6488 76.7479 76.8093 76.9381 77.0157 77.1185 77.1808 77.3133 77.4409 77.5543 77.6858 77.8507 77.7494 77.7582
  77.7738 77.7484 77.6955 77.7136 77.6923 77.6672 77.6658 77.5942 77.6147 77.5602 77.5262 77.4667 77.3623 77.3323 77.2918 77.3374
  77.069 76.8823 76.7452 76.5662 76.414 76.2358 76.105 75.8806 75.6676 75.4334 75.2161 74.946 74.7221 74.4633 74.2051 74.0574
  73.8796 73.6398 73.4223 73.287 73.1071 72.9449 72.8087 72.6273 72.5263 72.3993 72.3148 72.2254 72.1292 72.0165 71.9232 71.8453
  71.7464 71.6394 71.5616 71.4888 71.4268 71.3389 71.262 71.2138 71.2522 71.2275 71.4264 71.4471 71.4067 3*0 71.0443 70.7601 70.7011
  65.3892 22.3846 2.35373 2.37218 70.6829 70.6041 70.392 70.1704 2*0 71.1615 71.0171 70.9731 71.0868 71.1619 71.1428 71.1165 2.538
  2.2686 2.41749 2.16156 70.2073 70.3779 70.6228 70.659 70.6826 70.3708 70.3506 70.3694 70.5184 70.4387 70.6323 70.6474 0 70.1179
  70.3708 70.4307 70.3599 70.3774 70.6261 70.8048 70.6626 70.6119 70.3546 70.3827 70.5183 70.5356 70.5722 70.585 70.6565 70.7161
  70.7149 70.7125 70.7492 70.7203 44.4354 2.56683 2.43535 2.46027 2.49783 3.0034 3.14653 3.09135 2.69778 2.73572 3.14187 3.42203
  3.48977 151*0 73.6158 73.7081 73.8425 73.9994 74.0672 74.2211 74.3613 74.4216 74.4792 74.5544 75.0767 76.6073 77.0988 77.0527
  77.1789 77.0258 76.6393 76.5774 76.7334 76.7613 76.8313 76.9388 77.0425 77.1746 77.3048 77.3937 77.4362 77.5125 77.5928 77.7345
  77.8221 77.8348 77.8536 77.8381 77.8456 77.7583 77.7796 77.8746 77.7716 77.726 77.7489 77.7141 77.666 77.5898 77.5483 77.4871
  77.3806 77.2707 77.1929 77.0357 76.9672 76.8843 76.6905 76.4509 76.2402 76.1432 75.9183 75.7029 75.4844 75.2513 75.0051 74.776
  74.5491 74.3151 74.0903 73.9194 73.7385 73.5713 73.3866 73.1678 72.9939 72.8844 72.7462 72.606 72.4866 72.3638 72.2554 72.1543
  72.0393 71.9576 71.8665 71.7682 71.6656 71.5875 71.5197 71.4088 71.3289 71.2861 71.226 71.1729 71.193 71.182 71.3225 70.7747
  70.8201 70.5231 70.3236 70.4955 61.3087 29.4472 4.26931 2.52342 2.49397 2.43117 2.40375 2.22088 1.97789 1.90066 2.28317 2.42058
  2.49398 2.4912 2.66523 2.7459 2.8215 2.80739 2.47678 2.30093 2.0351 2.15694 2.19265 2.20252 2.2238 2.05836 2.28627 2.51948 2.15553
  1.99565 1.99619 2.15902 70.6425 70.423 70.3064 70.3107 70.2146 70.4652 70.3756 70.3941 70.6282 70.5724 70.6015 70.6733 70.5397
  70.3664 70.4142 70.3945 70.2882 70.2639 70.5872 70.6843 70.7514 70.5937 70.6026 70.6029 70.6558 70.7192 27.2841 2.45065 2.48931
  3.05897 3.22471 3.27662 3.15949 2.73298 2.80816 2.84019 2.86179 3.40076 3.33533 151*0 73.8073 73.9589 74.0522 74.1673 74.3327
  74.4151 74.4728 74.5565 74.6224 76.0808 76.63 76.4529 76.531 76.6237 76.6412 76.6087 76.738 76.7572 76.8867 76.9662 77.095 77.2125
  77.3855 77.4639 77.5353 77.5734 77.6327 77.7105 77.8623 77.9023 77.9558 77.9232 77.9181 77.9208 77.8278 77.8206 77.8578 77.8657
  77.8296 77.9603 77.9036 77.7376 77.6445 77.5893 77.5532 77.4692 77.3617 77.2594 77.1324 76.9891 76.9609 76.7959 76.5043 76.3633
  76.1701 75.9755 75.757 75.5216 75.2609 75.0004 74.7944 74.5804 74.3635 74.1409 73.9205 73.7361 73.5804 73.4133 73.1976 73.0183
  72.8816 72.8327 72.6411 72.4919 72.3907 72.2663 72.1495 72.0311 71.9321 71.8635 71.7863 71.6887 71.5981 71.5167 71.4471 71.3864
  71.3316 71.2447 71.2003 71.1424 71.2017 71.1984 70.9453 70.7832 66.8387 31.429 22.2008 2.68014 2.45919 2.44766 2.46337 2.49191
  2.42845 2.36005 2.25246 2.21369 2.39697 2.40994 2.38911 2.36631 2.29364 2.32948 2.50845 2.58451 2.3131 2.23367 2.15688 2.01875
  2.0629 2.29292 2.17051 2.0633 2.04944 2.525 2.35851 2.0889 2.06157 2.33379 2.31375 1.952 1.82494 1.93786 1.90886 70.3842 70.3184
  70.4523 70.4335 70.6328 70.7133 70.7206 70.6862 70.3856 70.0554 70.0706 70.127 70.1633 70.2317 70.4771 70.7035 70.7815 70.6229
  70.6353 70.6114 2*0 51.4065 2.48025 2.70263 3.19923 3.26731 3.22991 3.11589 2.76975 3*0 2.91237 3.26419 3.10152 3.29235 140*0
  72.6495 8*0 73.9035 74.0414 74.1278 74.3059 74.4059 74.4513 74.372 75.1274 75.824 76.0166 76.1002 76.184 76.3203 76.5496 76.6293
  76.7305 76.8771 76.9282 77.046 77.166 77.2904 77.4135 77.4796 77.5344 77.6027 77.6832 77.7819 77.8784 77.9535 78.0033 78.0301
  78.0176 78.0382 78.0299 78.0248 77.9709 77.994 78.0266 77.9921 77.9559 77.8828 77.8146 77.7632 77.6489 77.6163 77.5636 77.5286
  77.3863 77.2786 77.1596 77.0679 76.8873 76.6606 76.4743 76.2276 76.022 75.7956 75.533 75.2817 75.0158 74.8165 74.5992 74.4108
  74.1557 73.9397 73.75 73.5881 73.4241 73.1923 73.0737 72.9253 72.82 72.6679 72.5331 72.4084 72.3112 72.149 72.0537 71.9506 71.8835
  71.8013 71.7086 71.6243 71.5373 71.4693 71.3948 71.3186 71.2703 71.2219 71.1631 69.2546 44.977 23.7608 15.7869 4.8392 2.57785
  2.57424 2.51201 2.42579 2.40612 2.39093 2.34771 2.29709 2.42699 2.39996 2.43387 2.43063 2.49972 2.42234 2.33771 2.28815 2.22734
  2.23788 2.16164 2.07502 1.97503 1.93656 1.90703 1.98283 2.0996 2.99851 2.2031 2.22718 2.16336 2.0361 2.02999 2.07269 2.11779
  2.13355 2.08987 1.99302 1.9531 1.91148 1.98399 1.96552 2.00301 2.09702 2.26987 2.27372 70.8166 70.7953 70.4952 70.0753 70.1207
  70.1623 70.1809 70.2805 70.6886 70.6197 70.6802 70.6529 70.6711 5*0 2.68762 2.92485 3.06597 3.06596 3.18866 3.25813 3.46801 0
  3.53288 3.55001 3.41536 3.2884 3.38927 3.52476 137*0 72.4324 72.5514 72.6725 72.7578 7*0 74.002 74.15 74.5751 74.8619 74.8966
  75.4395 75.4864 75.6672 75.9184 76.0681 76.1345 76.3739 76.4669 76.6095 76.7079 76.8159 76.9413 77.062 77.203 77.2909 77.422
  77.5334 77.5895 77.6533 77.8102 78.0034 77.964 77.9427 77.8937 77.9264 78.0524 78.1017 78.1468 78.1909 78.2021 78.1597 78.1889
  78.2324 78.1979 78.09 78.0011 77.921 77.9144 77.819 77.7138 77.6655 77.6161 77.5477 77.4536 77.2986 77.0692 76.8618 76.6791
  76.4642 76.2203 76.0142 75.795 75.532 75.2795 75.0455 74.853 74.618 74.4152 74.165 73.9382 73.7667 73.6012 73.4144 73.2112 73.1585
  72.979 72.8335 72.7093 72.5621 72.4172 72.2879 72.1849 72.0546 71.9878 71.9031 71.8091 71.7367 71.6493 71.5567 71.4757 71.4039
  71.3487 71.2966 54.7471 30.1777 4.56238 2.72615 2.65125 2.62365 2.58281 2.62594 2.51444 2.46518 2.43221 2.4157 2.38607 2.35418
  2.30183 2.49564 2.5556 2.43588 2.38035 2.4079 2.42434 2.42283 2.33838 2.24185 2.23081 2.03233 1.94485 1.92925 1.87801 1.94672
  1.98209 2.0445 2.05652 2.05356 2.05467 2.01736 2.08907 2.08284 2.10572 2.13349 2.30789 2.08643 2.13652 2.12121 2.15667 2.10468
  2.1643 2.26992 2.28579 2.26679 2.30867 2.42044 2.44837 2.411 2.2398 1.66647 70.3506 70.5358 70.9699 70.825 70.674 70.6141 70.6805
  7*0 2.82073 3.08503 3.29644 3.32916 3.34714 3.47939 3.52302 3.78274 3.66751 3.47462 3.3173 3.30962 3.27243 3.72757 5.44541 101*0
  34*0 72.4422 72.6006 72.7226 72.955 73.1437 73.4185 73.5007 2*0 73.963 74.165 74.3498 74.5918 74.7168 74.8101 75.2128 75.4026
  75.4287 75.6535 75.8973 76.0553 76.1972 76.4657 76.6101 76.6969 76.8328 76.9427 77.0778 77.167 77.3629 77.4842 77.5716 77.6047
  77.6506 77.7786 77.967 78.0925 78.1172 78.2226 78.3122 78.3272 78.3678 78.4759 78.5044 78.4398 78.3929 78.3543 78.3061 78.2808
  78.2854 78.2248 78.2172 78.1723 78.1056 77.9915 77.8466 77.7639 77.6639 77.556 77.5285 77.3535 77.1491 76.8653 76.6963 76.5699
  76.2832 76.0089 75.8317 75.5656 75.3393 75.0971 74.8312 74.6033 74.4206 74.141 73.9231 73.7655 73.5928 73.3729 73.318 73.2456
  73.0029 72.8482 72.7329 72.5861 72.4407 72.2673 72.1588 72.0981 72.0135 71.9238 71.8295 71.7549 71.6769 71.5704 71.4871 71.3915
  61.5234 28.0331 2.9208 2.86148 2.81373 2.76779 2.71378 2.66227 2.59224 2.5587 2.49916 2.46365 2.43909 2.40645 2.39039 2.35998
  2.35476 2.53033 2.47244 2.34922 2.34095 2.41362 2.38716 2.33863 2.22884 2.15893 2.05893 1.91556 1.89553 1.89109 1.94378 1.94883
  1.96441 1.9854 1.98464 2.01229 2.04137 2.05142 2.08262 2.11792 2.13897 2.17319 2.24395 2.37729 2.21892 2.17694 2.17064 2.1187
  2.13837 2.24536 2.26929 2.33483 2.31388 2.36212 2.41704 2.46508 2.44181 2.33382 2.34931 2.43128 2.4879 2.53552 2.50522 2.29118
  70.6988 3*0 3.05201 3.08882 3.10141 3.1114 3.29641 3.26442 3.30973 3.36639 3.42249 3.50056 3.55253 3.74011 3.77952 3.51862 3.20588
  7.43525 29.281 39.613 51.7218 64.0281 129*0 36.1019 3*0 72.4319 72.5319 72.6254 72.6993 72.9231 73.1625 73.408 73.603 73.7115
  74.8769 74.2384 74.3704 74.5272 74.4516 74.5994 75.0182 75.286 75.4311 75.5606 75.7075 75.8207 76.1396 76.2467 76.3508 76.6036
  76.8786 76.9471 77.102 77.265 77.3248 77.4292 77.5502 77.6561 77.8114 77.9337 78.058 78.0915 78.171 78.2471 78.3899 78.4577
  78.4634 78.4846 78.5655 78.6076 78.5683 78.5494 78.5903 78.4535 78.3688 78.4223 78.342 78.3091 78.2652 78.1793 78.1093 77.9732
  77.8661 77.7649 77.6977 77.464 77.2872 77.0084 76.8936 76.7494 76.5795 76.301 76.198 76.067 75.7717 75.3739 75.1118 74.8051
  74.6171 74.4199 74.1103 73.9132 73.7727 73.552 73.445 73.2867 73.1722 73.0041 72.835 72.7489 72.5839 72.4551 72.3217 72.1905
  72.096 72.011 71.936 71.8404 71.7686 71.6839 71.5933 71.5144 63.0616 12.2116 2.96169 2.9353 2.88754 2.83979 2.76135 2.67946
  2.60437 2.5609 2.53388 2.50928 2.44159 2.41598 2.4118 2.38355 2.35676 2.40452 2.44334 2.40519 2.32439 2.30735 2.29106 2.24531
  2.14811 2.07655 2.03825 1.95384 1.89165 1.92525 1.97204 1.95101 1.95399 1.98792 2.00051 2.0165 2.05755 2.07255 2.08738 2.12539
  2.14749 2.19042 2.20694 2.22713 2.24508 2.20412 2.25855 2.23238 2.27629 2.66072 2.35336 2.42399 2.33033 2.35493 2.3903 2.44517
  2.45273 2.44365 2.50387 2.47097 2.50832 2.5522 2.60994 2.6355 2.5345 2.24465 2.31551 2.90679 2.89281 2.86288 2.76259 3.11512
  3.15469 3.21766 2*0 3.39026 3.46277 3.47562 3.53155 3.55471 3.76106 3.41138 3.21248 29.5022 62.9039 64.4902 69.2532 71.7459
  71.6604 71.6319 125*0 72.1804 72.1817 72.2037 3*0 72.445 72.5989 72.7508 72.9089 72.9289 73.2772 73.4994 3*0 74.527 74.4606
  74.2436 74.5544 75.0026 75.3137 75.5454 75.633 75.6869 75.8043 76.0304 76.2647 76.3581 76.5072 76.8452 76.9734 77.0953 77.2505
  77.347 77.4312 77.5725 77.6228 77.7135 77.9028 78.12 78.2329 78.1868 78.2588 78.3761 78.3852 78.421 78.4872 78.5575 78.5977
  78.6061 78.6319 78.6213 78.6587 78.5918 78.5522 78.4338 78.3418 78.3361 78.3352 78.177 78.0617 77.9533 77.9126 77.7854 77.7096
  77.5821 77.4111 77.1766 77.0236 76.7798 76.5374 76.3191 76.1552 75.9193 75.6302 75.3156 75.0584 74.7855 74.6473 74.4288 74.1575
  73.9213 73.7123 73.5894 73.4159 73.2918 73.167 72.9311 72.8283 72.7311 72.5946 72.4945 72.3161 72.2148 72.1128 72.0182 71.9388
  71.8593 71.7857 71.7031 71.6234 56.5655 7.32538 2.9889 3.01231 2.98739 2.88176 2.78115 2.70986 2.70836 2.6609 2.59718 2.54733
  2.48142 2.4482 2.41668 2.39338 2.39724 2.35698 2.3771 2.38011 2.3761 2.33195 2.30653 2.24197 2.17297 2.13522 2.09112 2.08312
  2.03591 2.24407 2.03908 1.98935 1.96695 1.98326 2.0173 2.03459 2.05787 2.08874 2.11563 2.18416 2.17785 2.19094 2.21602 2.24697
  2.26549 2.28576 2.2692 2.29968 2.27311 2.28147 2.32158 2.34555 2.35626 2.45844 2.41278 2.40884 2.40247 2.50327 2.54557 2.50739
  2.50612 2.57664 2.61543 2.63682 2.68213 2.65999 2.5907 2.58243 2.68156 2.75599 2.74712 2.70722 2.77904 3.00162 2.91328 3*0
  3.34101 3.3909 3.47913 3.55445 3.50155 3.53941 3.49266 13.8052 51.5712 55.2767 71.8562 71.7245 71.6006 71.4981 71.7947 71.9744
  72.0014 120*0 72.1616 72.184 72.1792 72.1933 72.2504 2*0 72.426 72.5334 72.6368 72.8134 73.0048 73.0575 73.2437 73.47 2*0 73.7888
  74.008 74.0517 74.2927 74.8768 75.2403 75.6416 75.8245 75.8033 75.8329 75.9297 76.1656 76.3341 76.5627 76.7439 76.9762 77.0941
  77.2188 77.344 77.3735 77.5073 77.7249 77.8393 77.9815 78.0705 78.1956 78.2486 78.296 78.3047 78.3602 78.4665 78.4684 78.4967
  78.5156 78.6365 78.6815 78.697 78.7134 78.6966 78.6472 78.61 78.5406 78.4571 78.2884 78.3225 78.2559 78.2083 78.1105 77.954
  77.8303 77.7463 77.6057 77.4405 77.2524 77.0433 76.7611 76.5297 76.3088 75.9595 75.7254 75.5562 75.3099 74.9908 74.8204 74.6111
  74.3437 74.1612 73.9379 73.7627 73.5713 73.4702 73.3493 73.2102 73.0717 72.992 72.7396 72.6094 72.4629 72.334 72.2476 72.1275
  72.0201 71.9426 71.8592 71.7943 70.7098 40.009 5.28398 3.13949 3.0777 3.02673 2.85325 2.84512 2.78872 2.79047 2.74339 2.6701
  2.63124 2.5781 2.53072 2.49778 2.44548 2.42282 2.39019 2.35036 2.38052 2.45402 2.38155 2.30657 2.24843 2.23781 2.20478 2.17592
  2.1441 2.11261 2.08002 2.07595 2.03932 2.01094 2.01929 2.04352 2.07862 2.11594 2.10831 2.13517 2.16274 2.17591 2.40871 2.43502
  2.45041 2.3609 2.38014 2.51291 2.33822 2.48059 2.48721 2.44252 2.44918 2.37566 2.34384 2.3851 2.44437 2.47198 2.46673 2.50373
  2.48024 2.53131 2.55539 2.57852 2.61043 2.6358 2.65712 2.67841 2.69026 2.6522 2.73968 2.81446 2.8806 2.88648 2.87208 4.72026 2*0
  2*0 3.37058 3.39424 3.33258 3.27225 3.0589 3.11036 3.1083 3.12408 2.99065 3.18523 3.38165 3.26898 71.4283 71.5754 72.1332 72.0979
  71.9948 72.0232 72.0413 72.0455 114*0 72.0685 72.0791 72.0873 72.1568 72.1478 72.1826 72.2608 72.3236 72.3515 72.3883 72.4464
  72.595 72.6801 72.8021 73.0188 73.1375 73.3881 0 73.6097 74.076 74.4174 74.2866 74.4185 74.7413 75.1259 75.4782 75.7239 75.8782
  75.9165 75.9303 76.1238 76.286 76.4228 76.7922 76.992 77.0788 77.2081 77.3194 77.4402 77.5563 77.7027 77.8378 77.9898 78.0714
  78.1094 78.2053 78.3201 78.3563 78.3983 78.429 78.5988 78.601 78.5344 78.5812 78.6103 78.7062 78.7926 78.7832 78.8305 78.949
  78.8697 78.6929 78.5504 78.4365 78.351 78.3135 78.2432 78.1316 78.0555 77.8553 77.6692 77.5471 77.3949 77.1965 76.9995 76.7237
  76.5523 76.3123 75.9759 75.8438 75.6043 75.3046 75.0287 74.8275 74.5676 74.3869 74.1414 73.9186 73.7329 73.6058 73.4898 73.3574
  73.1997 73.0908 73.0342 72.7897 72.5645 72.4805 72.3707 72.2593 72.1398 72.0406 71.9587 71.7952 55.0908 16.9294 3.35064 3.248
  3.14083 3.00321 2.92914 2.99014 2.88443 2.9107 2.8353 2.75282 2.66578 2.61519 2.57173 2.52765 2.49432 2.46831 2.46284 2.39826
  2.35435 2.32073 2.31549 2.27118 2.28893 2.28854 2.26805 2.21914 2.19203 2.18026 2.14705 2.10924 2.10267 2.10386 2.08627 2.1369
  2.10283 2.13439 2.14957 2.15978 2.19388 2.21916 2.23855 2.25718 2.29325 2.28251 2.3098 2.47288 2.35906 2.36648 2.40269 2.43036
  2.41826 2.40985 2.44991 2.4412 2.47659 2.4933 2.4994 2.52286 2.54068 2.54246 2.5803 2.60925 2.64026 2.6695 2.67984 2.6637 2.72291
  2.73711 2.7828 2.8155 2.88063 2.91336 2.99043 2.78907 2.65356 2.55564 2.66901 2.49094 2.57629 0 3.39367 3.31428 3.12426 3.07111
  3.06221 2.90411 2.88438 2.9455 3.16733 3.39453 3.27839 3.31587 3.4983 3.58299 3.67605 3.69744 3.72144 72.0496 72.0568 72.0516 2*0
  109*0 72.0212 72.0326 72.058 72.0635 72.0914 72.1372 72.1876 72.2549 72.3213 72.3324 72.3569 72.413 72.5081 72.6228 72.7303
  72.8792 73.0395 73.2298 0 73.5729 73.8075 74.4344 74.6481 74.7707 74.8587 75.0611 75.2727 75.6458 75.9197 76.0735 75.987 76.1808
  76.3467 76.4507 76.6741 76.9732 77.0331 77.1692 77.2058 77.4051 77.5103 77.6435 77.7898 77.9017 78.0301 78.1132 78.1935 78.2858
  78.3704 78.404 78.4414 78.4782 78.5911 78.7061 78.6476 78.7276 78.7204 78.8274 78.826 78.8095 78.8533 78.791 78.6344 78.5628
  78.5273 78.5 78.3897 78.3574 78.2664 78.1675 78.0535 77.6986 77.5848 77.6532 77.4697 77.2983 77.2132 76.8555 76.715 76.5692
  76.2035 75.8432 75.5998 75.2698 75.0354 74.8262 74.5895 74.2811 74.1372 74.0173 73.7918 73.6221 73.4723 73.2443 73.1087 72.8879
  72.768 72.6377 72.5808 72.476 72.374 72.1784 71.5023 59.4254 40.8996 19.4838 3.49275 3.42621 3.33446 3.2433 3.07181 3.22068
  2.97738 3.08969 3.01721 2.81397 2.78484 2.74436 2.71482 2.67523 2.61263 2.59484 2.53214 2.54685 2.49815 2.44023 2.42417 2.39135
  2.36092 2.346 2.33036 2.32026 2.30029 2.24186 2.21722 2.19702 2.15616 2.15888 2.17349 2.16506 2.14508 2.16584 2.1779 2.21121
  2.22788 2.24554 2.28879 2.29683 2.31346 2.33493 2.34608 2.3674 2.38969 2.40885 2.44839 2.46586 2.47195 2.48528 2.49214 2.51372
  2.5055 2.51348 2.52214 2.53824 2.5459 2.55616 2.55234 2.58944 2.59962 2.5951 2.66432 2.66698 2.72014 2.74832 2.71932 2.74949
  2.77694 2.81078 2.93544 2.93625 2.92742 2.89029 2.94419 2.92639 2.90643 2.74371 2.63364 3.29687 3.28368 3.30248 3.05656 3.03601
  2.79781 2.84856 2.91716 2.97225 3.00246 3.46965 3.28356 3.41835 3.87926 3.58176 3.63863 3.67407 3.74146 3.79122 68.1909 110*0
  72.0194 72.0201 72.0217 72.0431 72.0606 72.0686 72.1038 72.1666 72.2624 72.3073 72.3429 72.3432 72.2463 72.2377 72.3737 72.6605
  72.7982 72.9669 73.0839 73.3763 2*0 74.0666 74.4621 74.6765 75.0289 75.0841 75.1556 75.3985 75.6847 75.9382 75.9977 76.1239
  76.3164 76.4533 76.709 76.9924 77.0156 77.1273 77.2406 77.4216 77.5154 77.6382 77.7489 77.8654 77.9215 78.0369 78.1515 78.2708
  78.3628 78.4274 78.4558 78.4839 78.571 78.6653 78.6973 78.6391 78.7498 78.7799 78.7557 78.8223 78.8197 78.8403 78.8618 78.6678
  78.587 78.6214 78.5181 78.4374 78.3411 78.2211 78.4399 77.8668 77.6008 77.5047 77.5696 77.4686 77.2871 77.0994 76.7799 76.5803
  76.4221 76.3122 75.9505 75.6101 75.2715 75.0369 74.8057 74.484 74.1736 74.1464 73.9448 73.5793 73.4513 73.3051 73.1708 73.1009
  72.8923 72.7335 72.763 72.6082 68.5035 46.2289 25.7728 6.16691 3.61735 3.62181 3.54531 3.49675 3.34919 3.45566 3.34652 3.22326
  3.20739 3.1235 3.01775 2.88422 2.82826 2.82579 2.79223 2.747 2.6622 2.66246 2.64621 2.61517 2.5942 2.53534 2.49329 2.47419 2.44034
  2.40633 2.37178 2.35355 2.33494 2.30599 2.24872 2.27503 2.24609 2.20323 2.20695 2.2326 2.23747 2.26178 2.29321 2.32631 2.34125
  2.349 2.43521 2.38742 2.41503 2.42161 2.4365 2.36116 2.42645 2.44894 2.48609 2.5139 2.51727 2.54834 2.53972 2.55432 2.56018 2.5646
  2.56867 2.56518 2.58441 2.59477 2.61171 2.60444 2.58554 2.63591 2.67336 2.70149 2.73763 2.74724 2.76315 2.77654 2.8034 2.85013
  2.9344 2.95938 2.93792 2.94528 2.97105 3.0133 2.9248 3.04202 3.09218 2.98303 3.1562 3.27377 3.10765 3.02824 2.96933 2.83193
  2.91328 2.9464 2.9728 3.05116 3.36987 3.11557 3.19864 3.44069 3.55417 3.60593 3.67046 3.80748 4.05245 49.0967 107*0 72.0194
  2*72.0194 72.0195 72.0203 72.0245 72.0527 72.0622 72.0763 72.1291 72.2151 72.2878 72.3348 72.3715 72.2046 72.2159 72.2552 72.3985
  72.7083 72.8638 73.0321 73.2153 73.4331 74.2024 74.4107 74.1118 74.3245 74.6894 75.2354 75.3904 75.2756 75.5045 75.7022 75.9319
  76.1695 76.2437 76.2957 76.435 76.9733 77.0933 77.1146 77.2323 77.3592 77.4932 77.4852 77.5994 77.8261 77.9467 78.0205 78.1398
  78.2261 78.3319 78.416 78.3961 78.4954 78.5381 78.6045 78.7036 78.7023 78.6525 78.7963 78.8333 78.7869 78.8416 78.8102 78.8938
  78.8764 78.6816 78.6138 78.6873 78.5622 78.4809 78.2274 78.4425 77.9372 77.7789 77.6948 77.5157 77.66 77.4785 77.0924 77.0351
  76.6143 76.4499 76.4146 76.1257 75.8413 75.5067 75.2545 74.9557 74.5714 74.3369 74.1356 74.0998 73.8456 73.5839 73.4699 73.352
  73.2044 73.2017 73.0712 71.439 47.4847 24.7417 4.75234 4.06353 3.91857 3.8377 3.72056 3.65797 3.589 3.48628 3.31408 3.5928 3.47042
  3.21658 3.10044 3.03693 2.94055 2.89935 2.9157 2.86921 2.81358 2.77547 2.75024 2.7238 2.66803 2.61633 2.58448 2.55343 2.5249
  2.52365 2.49163 2.44299 2.4092 2.38472 2.34726 2.33059 2.31322 2.29943 2.28594 2.25738 2.2906 2.33426 2.35538 2.41112 2.42817
  2.48778 2.47581 2.47333 2.46439 2.41089 2.42994 2.5011 2.48105 2.5249 2.51692 2.52481 2.58572 2.60187 2.61406 2.61616 2.61039
  2.61926 2.63089 2.61581 2.60616 2.60935 2.637 2.64554 2.65957 2.65086 2.66702 2.67286 2.70802 2.71719 2.77289 2.79545 2.76642
  2.79356 2.81299 2.84186 2.8583 2.89631 2.94479 3.00939 3.07922 3.11091 3.15575 3.19659 3.24042 3.28407 3.1194 2.98838 2.99669
  2.99076 2.98749 2.84765 2.95404 3.00583 2.97967 3.17707 3.25232 3.20089 3.21309 3.27509 3.34017 3.42198 3.63915 3.97905 4.08702
  38.1752 72.3766 104*0 5*72.0194 72.0197 72.0209 72.0321 72.0598 72.0637 72.0898 72.1312 72.1884 72.2389 72.2575 72.1813 72.1924
  72.2361 72.2289 72.3537 72.7467 72.9833 73.4503 73.8028 73.9598 74.1714 74.4402 74.1566 74.4016 74.7265 75.4774 75.5527 75.5005
  75.672 75.6168 75.8285 75.986 76.1548 76.2848 76.6176 77.0087 77.0456 77.1328 77.3292 77.4698 77.5621 77.573 77.453 77.9535
  77.9862 78.1051 78.2131 78.2947 78.3544 78.4145 78.4741 78.5313 78.5698 78.6603 78.732 78.7339 78.6571 78.7974 78.8368 78.8493
  78.8256 78.7989 78.9483 79.0097 78.7809 78.6573 78.6346 78.6077 78.4379 78.1915 78.1483 78.0742 77.8889 77.6285 77.5701 77.6879
  77.4777 77.094 76.8847 76.3915 76.3549 76.3449 75.9666 75.7466 75.4638 74.9554 74.4716 74.2823 74.1924 74.0938 73.9326 73.8876
  73.7681 73.6277 73.362 73.2394 71.5895 40.0412 7.54206 4.46713 4.14812 4.12181 3.99434 3.88237 3.84502 3.72954 3.60059 3.54878
  3.50823 3.40847 3.37194 3.29969 3.24081 3.20473 3.13571 3.00724 3.00783 2.96459 2.90468 2.87925 2.83833 2.80594 2.75255 2.6967
  2.65619 2.58674 2.57823 2.54722 2.54486 2.52484 2.48685 2.44474 2.40624 2.38886 2.37062 2.37117 2.35124 2.35925 2.33787 2.3685
  2.4229 2.467 2.54447 2.51484 2.53348 2.48664 2.55805 2.53366 2.55536 2.60686 2.60612 2.62191 2.64251 2.63978 2.6479 2.66069
  2.67538 2.68775 2.6816 2.68248 2.70484 2.71285 2.69546 2.68297 2.69129 2.69425 2.67625 2.68947 2.69995 2.7161 2.72613 2.72416
  2.73589 2.79206 2.80377 2.82959 2.81086 2.84681 2.94747 2.96969 2.95907 2.95478 3.00866 3.0731 3.13733 3.17621 3.21133 3.18837
  3.29877 3.19355 2.90169 2.91087 3.03074 3.09988 3.11209 2.99972 3.14185 3.20344 3.28788 3.31502 3.44486 3.21807 3.30805 3.46946
  3.46704 4.00434 4.13578 4.10827 33.533 72.3708 101*0 8*72.0194 72.0199 72.0212 72.035 72.0547 72.066 72.1003 72.1359 72.1693
  72.2169 72.1728 72.1872 72.2032 72.254 72.2805 72.3099 72.8367 73.0247 73.6773 73.9735 74.0135 74.3628 74.4833 74.5369 74.96
  75.2598 75.518 75.6941 75.5952 75.6489 75.7179 75.9141 76.1405 76.476 76.6949 76.9649 76.9583 77.0902 77.1949 77.3729 77.5184
  77.5978 77.569 77.6668 77.9689 78.0673 78.1809 78.1958 78.327 78.397 78.4486 78.4949 78.5341 78.6042 78.6653 78.7686 78.7355 78.76
  78.7658 78.8352 78.8948 78.8473 78.8128 78.8736 79.0234 78.8135 78.6716 78.6609 78.56 78.2935 78.1908 78.2311 78.0401 77.8282
  77.6455 77.5764 77.6623 77.4218 77.1925 76.7133 76.5056 76.4778 76.1806 75.6304 75.2064 75.1904 75.2569 74.7567 74.6277 74.4359
  74.2723 74.0655 73.91 73.7518 73.6891 71.7947 34.3362 9.90327 4.71477 4.3659 4.13703 4.27635 4.04029 4.04132 3.91316 3.84501
  3.63486 3.43507 3.45908 3.42078 3.42661 3.36039 3.30949 3.20356 3.19546 3.13391 3.09852 3.03584 2.90942 2.90915 2.87013 2.83464
  2.80722 2.77306 2.70653 2.63524 2.6007 2.6191 2.60687 2.60717 2.58044 2.52314 2.44616 2.39006 2.4506 2.43195 2.43072 2.39338
  2.39765 2.42908 2.51476 2.52303 2.55264 2.55011 2.51797 2.56218 2.55831 2.71182 2.67473 2.71171 2.75394 2.75494 2.7612 2.75991
  2.75164 2.7453 2.74495 2.76267 2.81419 2.81966 2.80846 2.80197 2.7855 2.78211 2.75368 2.73199 2.7373 2.71799 2.72979 2.7258
  2.75418 2.77743 2.8049 2.81997 2.82907 2.81161 2.82001 2.83936 2.87402 2.92229 2.97176 3.01354 3.04655 3.08538 3.12441 3.16153
  3.20423 3.24618 3.2972 3.3496 3.21418 2.99118 3.05168 3.15253 3.16749 3.18965 3.01465 3.14156 3.27254 3.29631 3.32596 0 3.37567
  3.42221 3.58652 3.48796 3.90712 4.06368 4.12105 5.35441 72.3772 99*0 9*72.0194 72.0196 72.0202 72.0225 72.0399 72.043 72.0454
  72.0938 72.0997 72.1275 72.1592 72.1788 72.209 72.281 72.2645 72.3394 72.3695 72.9696 73.485 73.7354 74.0352 74.1949 74.4051
  74.5255 74.682 74.8624 75.3428 75.7632 75.8456 75.5767 75.5324 75.7757 75.9461 76.3505 76.7517 76.7946 76.8045 76.9413 77.1598
  77.2633 77.4141 77.5371 77.3695 77.2926 77.5657 77.8445 77.9782 78.0743 78.1977 78.3615 78.4263 78.5064 78.5144 78.5207 78.5688
  78.64 78.7285 78.766 78.7215 78.6784 78.8224 78.8691 78.8728 78.8472 78.8705 78.9087 78.8117 78.72 78.5998 78.3775 78.3314 78.2893
  78.2429 78.0162 77.8405 77.688 77.7696 77.6492 77.388 77.0849 76.6528 76.6256 75.8658 75.7629 75.8933 75.3298 75.42 75.3612
  74.9075 74.4466 74.3655 74.2239 73.9673 73.7836 73.8628 60.6347 6.26579 4.88989 4.59907 4.45105 4.36644 4.26566 4.43256 4.48295
  3.95842 3.82728 3.72916 3.57031 3.61504 3.63853 3.43615 3.42811 3.33877 3.30272 3.28283 3.18679 3.12824 3.09087 2.96184 2.95512
  2.94903 2.92351 2.90162 2.84913 2.80759 2.70581 2.65781 2.63578 2.70133 2.69449 2.67294 2.64686 2.57479 2.50667 2.48715 2.54183
  2.52265 2.47443 2.46131 2.52164 2.59251 2.63207 2.57272 2.58255 2.60341 2.67161 2.74842 2.78154 2.85373 2.86741 2.87707 2.89964
  2.88949 2.89352 2.88907 2.87371 2.8627 2.85133 2.88829 2.90233 2.91097 2.91022 2.90937 2.89183 2.84755 2.81316 2.8081 2.79145
  2.79153 2.79919 2.79939 2.8056 2.84801 2.84558 2.86494 2.8726 2.89285 2.88558 2.93814 2.94105 2.93382 2.94588 3.04077 3.10052
  3.05769 3.10592 3.2001 3.23508 3.28395 3.3256 3.38771 3.19501 3.15063 3.22063 3.27668 3.30458 3.31653 3.19341 3.2169 3.41141
  3.31578 3.33841 3.34986 3.52598 3.40832 3.388 0 3.89079 3.97016 3.92317 3.92544 72.3839 72.3616 95*0 12*72.0194 72.0197 72.0207
  72.0258 72.0517 72.0552 72.0514 72.0805 72.1111 72.1346 72.1686 72.1862 72.2503 72.2831 72.2815 72.4169 72.7202 72.882 73.5561
  73.8203 74.0578 74.2948 74.2533 74.3823 74.6945 74.6206 75.3209 75.8105 75.6431 75.4361 75.5814 75.7784 75.939 76.3076 76.6712
  76.745 76.8335 76.9556 77.1933 77.3147 77.4595 77.2536 77.1674 76.908 77.3213 77.664 77.9883 78.1231 78.1906 78.3851 78.4457
  78.4936 78.5166 78.5233 78.5768 78.6844 78.7626 78.7882 78.7523 78.7379 78.8632 78.8882 78.9088 78.8967 78.8596 78.8826 78.6729
  78.6233 78.4193 78.343 78.3546 78.29 78.1058 77.9638 77.797 77.8887 77.7198 77.5201 77.2836 77.0213 76.3221 76.3678 76.0963
  75.6774 75.696 75.4053 75.0782 74.9877 74.7224 74.4025 74.3231 74.2198 74.1404 74.0136 45.0954 10.6305 4.75124 4.66934 4.66572
  4.53075 4.65892 4.37311 4.17083 4.00535 3.90483 3.80662 3.70356 3.63885 3.65156 3.74985 3.53689 3.44727 3.35986 3.33555 3.31711
  3.27248 3.21354 3.11983 3.08703 3.04645 3.00016 2.9863 2.91841 2.86958 2.879 2.81983 2.73673 2.76995 2.78908 2.76472 2.75211
  2.6873 2.60403 2.61747 2.61424 2.50363 2.53265 2.56809 2.61652 2.67828 2.60222 2.58275 2.62507 2.71817 2.7614 2.8343 2.91056
  2.99827 3.02971 3.02482 3.02643 3.03516 3.02789 3.02484 3.02093 3.00594 2.98705 2.99095 2.9872 2.99345 2.99169 2.98824 2.9846
  2.97845 2.91391 2.90696 2.90638 2.89428 2.89905 2.94944 2.8956 2.8818 2.88484 2.88988 2.91026 2.93064 2.95008 2.9584 2.97842
  2.99403 3.03281 3.02994 3.0313 3.0852 3.1596 3.19891 3.22221 3.26627 3.29689 3.34887 3.38339 3.29677 3.20509 3.2473 3.28294
  3.25993 3.21053 3.23997 3.2612 3.33872 3.32414 3.26554 3*0 3.33072 0 4.06438 3.98792 3.84637 3.88602 72.3516 72.2682 93*0 72.0194
  13*72.0194 72.0197 72.0217 72.0318 72.0558 72.0529 72.0594 72.0903 72.1194 72.1407 72.1737 72.1898 72.2388 72.2716 72.43 72.6479
  72.7712 73.1667 73.5621 73.7427 74 74.2223 74.2097 74.3481 74.3487 74.6832 75.176 75.6831 75.6868 75.4719 75.6395 75.8475 75.9436
  76.4549 76.7599 76.91 76.8922 76.9205 77.1708 77.3406 77.3033 77.1454 77.2228 76.7862 76.8908 77.426 77.8284 78.1152 78.1945
  78.3874 78.4325 78.5578 78.595 78.5741 78.6012 78.688 78.7812 78.8107 78.8289 78.859 78.9036 78.9846 78.9343 78.8894 78.8011
  78.7579 78.5921 78.5409 78.404 78.4391 78.3869 78.117 78.0723 77.8558 77.8411 77.6803 77.548 77.3783 77.2313 77.3503 76.5269
  76.9012 76.4768 76.0444 75.4413 75.0811 74.9672 74.7305 74.7466 74.4469 74.2611 74.2453 53.9137 20.9932 5.06201 4.92079 4.99552
  4.70155 4.87505 4.57807 4.33678 4.1966 4.10055 3.98205 3.90816 3.78543 3.70143 3.70978 3.95518 3.5243 3.39405 3.36729 3.38805
  3.31337 3.33086 3.28988 3.24555 3.17931 3.12678 2.91253 2.81093 3.24467 2.87058 2.88098 2.91057 2.88468 2.85353 2.82687 2.82301
  2.6716 2.60532 2.46324 2.68845 2.56844 2.56417 2.57137 2.61457 2.67769 2.75389 2.71868 2.6408 2.72365 2.77626 2.8551 2.92677
  3.00631 3.08443 3.10769 3.17076 3.17821 3.18893 3.18559 3.15367 3.13539 3.14376 3.11178 3.1112 3.10201 3.0888 3.08714 3.08748
  3.07637 3.07305 3.06525 3.03956 3.00656 3.01757 2.97744 2.93953 2.94411 2.94359 2.94725 2.93775 2.94072 2.95456 2.98196 2.98298
  3.01223 3.02824 3.00572 3.05777 3.05526 3.09194 3.14265 3.19801 3.22019 3.27187 3.31568 3.34651 3.41107 3.44406 3.4728 3.4633
  3.43668 3.32464 3.26042 3.25061 3.2608 3.28957 3.23605 3.2535 4*0 3.36496 0 3.67782 3.97398 4.09738 30.2737 72.2862 72.2504
  72.1544 89*0 72.0195 16*72.0194 72.0252 72.0282 72.0412 72.0506 72.0478 72.0708 72.1001 72.1261 72.1419 72.1641 72.1944 72.3125
  72.523 72.8069 73.0152 73.0829 73.0255 73.345 73.6324 73.8014 74.0068 73.7269 2*0 74.4652 75.0028 75.2784 75.5209 75.7471 75.6723
  75.8008 75.9795 76.3458 76.5005 76.7429 76.8996 77.0196 77.2435 77.3574 77.1334 77.1751 76.5545 76.345 76.6989 77.5266 78.1014
  78.2754 78.6112 78.5009 78.7638 78.9115 78.9466 78.7818 78.6111 78.6779 78.7666 78.8141 78.8553 78.8613 78.8582 78.9037 78.83
  78.7773 78.7169 78.8814 78.6248 78.5261 78.5119 78.4302 78.3766 78.1889 78.2525 77.8524 77.717 77.477 77.775 77.2924 77.2322
  77.3551 76.7671 76.1493 75.9702 75.6698 75.3276 74.697 68.3691 61.1608 53.8434 40.2163 28.3005 7.36598 5.32913 5.07452 5.0361
  5.06566 4.92197 4.92854 4.51286 4.35335 4.2719 4.16933 4.09463 3.94055 3.85051 3.79644 3.72804 3.6541 3.53968 3.46602 3.43189
  3.43333 3.37623 3.31177 3.31668 3.25151 3.22327 3.04262 2.971 3.09317 2.81372 3.21006 2.9651 2.97444 2.93471 2.92349 2.74257
  2.68289 2.65282 2.80268 2.80066 2.73629 2.90203 2.78298 2.81624 2.81444 2.82634 2.8157 2.77804 2.67737 2.72627 2.93293 2.87427
  2.99282 3.06609 3.1281 3.17978 3.25896 3.35652 3.37204 3.33679 3.30832 3.27869 3.2762 3.27936 3.26701 3.23124 3.20309 3.19023
  3.17721 3.15145 3.14329 3.1261 3.11216 3.11638 3.11502 3.08916 3.02965 3.01151 3.00518 3.0055 2.98633 2.98397 3.00689 3.00904
  3.01816 3.03438 3.06921 3.08526 3.10019 3.09635 3.12833 3.15007 3.17897 3.17896 3.27334 3.31477 3.35328 3.34657 3.41072 3.46851
  3.53284 3.59513 3.62737 3.55329 3.36393 3.29415 3.27985 7*0 3.30483 3.77628 4.08326 0 3.84237 52.5194 72.3805 72.288 72.205 11*0
  76*0 72.032 72.0271 2*72.0196 72.0195 13*72.0194 72.027 72.042 72.041 72.0582 72.0637 72.0627 72.0877 72.1113 72.1314 72.1602
  72.2905 72.4004 72.479 72.6728 72.8286 72.9887 73.2294 73.417 73.6911 73.77 74.0447 74.4139 3*0 74.3356 74.4014 74.631 75.1673
  75.8159 76.2399 76.8083 76.8019 76.4682 76.5876 76.6507 76.8018 77.1038 77.2328 77.0761 77.0784 77.0605 76.4951 76.37 77.185
  78.5193 78.9667 78.9853 79.1496 78.8482 78.7739 78.8895 78.9424 79.0359 78.6468 78.6461 78.719 78.7884 78.8483 78.8718 78.8033
  78.7707 78.7053 78.7735 78.714 78.6762 78.5921 78.5638 78.5054 78.4559 78.4197 78.2839 78.3056 78.0163 78.3998 77.4603 77.9032
  77.5484 77.0125 76.8388 76.4206 76.1413 75.9203 68.6149 47.2907 6.69287 6.41934 6.28042 6.02411 5.80584 5.53497 5.31476 5.2014
  5.15465 5.06128 4.95271 4.79804 4.57215 4.44686 4.32286 4.2264 4.12303 4.01044 3.91074 3.87399 3.75317 3.70559 3.62616 3.57866
  3.57159 3.50265 3.45194 3.33139 3.37519 3.33152 3.1006 3.13293 2.95374 3.26482 3.35476 3.00126 2.95128 2.98229 2.99159 2.86521
  3.25212 2.7615 2.84455 2.84655 3.15878 2.68655 2.7194 2.89424 2.72433 2.82234 2.67307 2.65884 2.83538 2.83668 2.96291 2.97054
  3.01346 2.97686 3.07397 3.1887 3.275 3.39968 3.4236 3.51251 3.51761 3.46579 3.41986 3.41855 3.41268 3.40542 3.38761 3.33635 3.2849
  3.29476 3.25892 3.24434 3.20938 3.19929 3.22111 3.20075 3.21555 3.16784 3.08576 3.06876 3.05514 3.04821 3.04117 3.0478 3.05842
  3.0769 3.09816 3.09692 3.12902 3.14626 3.1733 3.17054 3.20503 3.21606 3.21489 3.25795 3.3194 3.34543 3.41545 3.39899 3.38504
  3.48062 3.54978 3.59213 3.70459 3.66649 3.42182 3.3954 7*0 3.28034 3.79414 0 4.01616 4.09917 27.4183 0 72.4157 72.3492 72.3073 2*0
  82*0 72.0487 72.0474 72.0419 72.0369 72.025 72.0199 72.0198 72.0197 72.0196 72.0195 10*72.0194 72.0237 72.034 72.0328 72.0368
  72.0633 72.0774 72.0919 72.1208 72.1579 72.2654 72.3479 72.3639 72.4217 72.5297 72.7127 72.8787 73.0851 73.3121 73.4989 73.738
  73.9564 4*0 74.2292 74.3275 74.4179 74.4767 74.5472 75.619 76.8083 76.9834 77.196 76.4609 76.3104 76.5648 76.7108 76.758 76.8875
  76.9532 77.0534 76.5435 76.4266 76.5808 77.9936 79.0744 79.0916 79.1328 79.0486 78.9257 78.7754 78.8439 78.921 78.998 78.6818
  78.7008 78.7674 78.7988 78.8497 78.9061 78.7338 78.7686 78.7644 78.765 78.7345 78.7038 78.562 78.5481 78.5003 78.486 78.4997
  78.3592 78.4946 78.3449 78.1339 77.5811 77.5754 77.1668 67.5865 51.5024 42.4746 32.8985 10.1639 7.05763 6.75464 6.51067 6.18236
  5.9649 5.75224 5.53002 5.36279 5.14275 5.19292 5.14831 4.87641 4.78942 4.64932 4.56101 4.41852 4.27219 4.16067 4.11787 3.97483
  3.88882 3.89731 3.74816 3.6997 3.61737 3.63366 3.57852 3.50541 3.4595 3.29835 3.39436 3.17849 3.16124 3.28354 3.19008 3.45576
  3.02848 2.97838 3.04309 3.02474 3.0001 2.82779 3.17394 2.86237 2.97429 2.77873 2.84085 2.79846 2.91251 2.96355 2.79299 3.00576
  2.92558 3.04944 3.18341 3.24683 3.12806 3.08627 3.01502 3.06625 3.2018 3.30237 3.38471 3.47906 3.57432 3.6131 3.63961 3.5928
  3.5556 3.54088 3.55991 3.53155 3.49764 3.45207 3.40572 3.36203 3.35562 3.34793 3.34058 3.32512 3.32137 3.32083 3.28938 3.22754
  3.18918 3.16888 3.1471 3.10484 3.08747 3.08273 3.1131 3.11971 3.14832 3.16152 3.16442 3.1719 3.22871 3.2129 3.21935 3.23749
  3.31704 3.32143 3.3426 3.38565 3.43879 3.42925 3.35809 3.52761 3.53501 3.59046 3.76083 3.63013 3.53236 3.77314 4.05337 3.96255 2*0
  2*0 4.06166 4.06945 3.79771 4.08579 3.98393 18.6757 0 72.2477 72.3088 72.3435 72.2794 72.3424 81*0 72.0549 72.0518 72.05 72.0485
  72.0468 72.0308 72.0244 72.0221 72.0206 72.0199 72.0198 72.0197 2*72.0195 7*72.0194 72.0263 72.0427 72.0355 72.034 72.0412 72.0708
  72.0793 72.1032 72.1582 72.2249 72.2833 72.3295 72.365 72.4378 72.5294 72.7307 72.9789 73.2135 73.4014 73.619 73.8959 74.0924
  74.2632 2*0 74.0715 74.1982 3*0 74.6099 75.2942 76.5154 76.7097 77.0433 76.6688 76.0723 76.2911 76.6826 76.8693 76.9595 77.0135
  76.9038 76.4204 76.6525 76.8731 77.9142 79.2807 79.0039 79.1152 78.8371 78.9275 78.7657 78.8541 78.9381 78.7916 78.6253 78.6156
  78.6768 78.7662 78.7765 78.7201 78.6699 78.7438 78.7554 78.784 78.7285 78.7136 78.4925 78.6082 78.5971 78.4903 78.4002 78.2313
  78.1602 78.1394 73.0986 58.1462 29.5394 9.0787 8.55228 8.25277 7.97717 7.68517 7.28012 6.91302 6.712 6.35084 6.08108 5.81071
  5.6673 5.56137 5.30492 5.14559 5.23302 5.02933 4.7042 4.56488 4.5455 4.47055 4.34291 4.22929 4.17701 4.18184 4.01244 3.86888
  3.7677 3.76039 3.73922 3.59357 3.59345 3.54625 3.41984 3.36605 3.22922 3.70009 3.38005 3.36633 3.25898 3.09837 3.06196 3.01707
  3.06555 3.0369 3.01364 3.03366 2.94711 2.99567 2.96363 2.97796 2.8133 2.84893 2.88822 2.93797 2.86662 2.90098 3.21263 3.22077
  3.13652 3.19875 3.26097 3.16002 3.05932 3.15524 3.22707 3.31146 3.47389 3.49477 3.54731 3.60703 3.70411 3.79518 3.72817 3.67541
  3.7018 3.69441 3.67183 3.60765 3.48279 3.465 3.45814 3.44802 3.4322 3.42388 3.45231 3.44491 3.39063 3.36015 3.29963 3.28193
  3.25551 3.21904 3.14889 3.14838 3.15507 3.17855 3.17147 3.17046 3.18955 3.22592 3.2567 3.23075 3.25862 3.28062 3.32685 3.29555
  3.30531 3.39334 3.43393 3.45673 3.36798 3.38172 3.52873 3.72593 3.75583 3.79072 3.75534 3.68065 3.73082 3.84375 3.96657 3*0
  4.06003 4.07389 3.94998 4.08341 3.87342 22.7502 72.4071 0 72.255 72.4562 72.3789 72.3601 72.3273 78*0 72.0739 72.076 72.0692
  72.0581 72.052 72.0501 72.0454 72.0284 72.0288 72.0287 72.0273 72.0254 72.0226 72.0206 72.0199 72.0198 72.0196 72.0195 72.0194
  72.0194 72.0499 72.0523 72.0521 72.0512 72.0492 72.0446 72.0457 72.0405 72.0464 72.0741 72.0814 72.1245 72.1674 72.209 72.2419
  72.3084 72.363 72.4157 72.539 72.7911 73.0445 73.268 73.4518 73.7914 73.9899 3*0 73.9192 74.0641 0 74.3706 74.4226 0 75.2438
  76.4055 76.6531 76.7344 76.8702 76.8387 76.5005 76.1304 76.4862 76.8153 76.9436 77.0375 77.1457 77.0449 77.0764 77.4069 78.2505
  78.8058 78.8472 78.7184 78.7621 78.8669 78.7325 78.8136 78.6934 78.5173 78.6172 78.5333 78.5128 78.5508 78.6492 78.673 78.7153
  78.7505 78.7858 78.7706 78.6479 78.5404 78.5332 78.6637 78.5055 78.4536 78.5094 56.2794 35.9978 11.1217 9.5886 9.2542 9.08362
  8.82536 8.46487 8.12276 7.91943 7.55729 7.12824 6.72573 6.40757 6.10195 5.83455 5.62448 5.61889 5.43841 5.17716 5.04984 5.03673
  4.85306 4.53708 4.50687 4.46101 4.39771 4.19278 4.15848 4.09141 3.98493 3.81404 3.72809 3.9268 3.77992 3.77527 3.66702 3.57638
  3.49315 3.49193 3.51289 3.4127 3.59155 3.3946 3.20664 3.14308 3.17164 3.09704 3.06079 3.06899 3.05053 3.05795 3.06769 3.01776
  3.0394 3.03523 3.02818 2.9414 2.89987 2.94353 2.95234 2.95257 3.01484 3.19467 3.2144 3.24193 3.27533 3.23976 3.19395 3.19514
  3.25018 3.27139 3.40341 3.49797 3.51549 3.58984 3.68359 3.82444 3.85817 3.8341 3.77506 3.77321 3.76433 3.73711 3.69989 3.63434
  3.61489 3.58802 3.56988 3.55631 3.5405 3.52887 3.46725 3.43953 3.43713 3.40953 3.38214 3.34912 3.27305 3.22507 3.22876 3.2654
  3.2563 3.22839 3.24029 3.25721 3.25997 3.27408 3.31016 3.32367 3.337 3.29282 3.25152 3.39576 3.43635 3.39419 3.41979 3.51539
  3.60254 3.6388 3.70176 3.68096 3.80894 3.83936 3.92047 3.8303 3.76571 3.87488 0 3.84987 4.06173 3.9208 3.87243 4.10034 4.10024
  4.11433 65.0733 0 71.9771 0 72.4266 72.3788 72.3863 72.2715 75*0 72.096 72.0943 72.0966 72.1004 72.1006 72.0988 72.1054 72.0755
  72.0591 72.0452 72.029 72.0292 72.0293 72.0292 72.0307 72.0292 72.0245 72.0218 72.0204 72.0199 72.0197 72.0196 72.0459 72.0662
  72.0652 72.0602 72.0598 72.0629 72.0575 72.052 72.05 72.0602 72.0789 72.0868 72.1276 72.1705 72.2077 72.2311 72.2733 72.3112
  72.3623 72.5491 72.8117 73.0961 73.338 73.5435 73.7189 73.5755 73.5756 73.7095 0 74.4329 74.4183 0 75.6661 75.813 75.889 76.0997
  76.2983 76.6525 76.7151 76.8186 77.0007 76.6604 76.2402 76.5171 76.6162 76.9626 77.2707 77.7365 77.796 77.8117 77.8725 78.0253
  78.2992 78.1562 78.143 78.6365 78.7114 78.7452 78.5751 78.4316 78.4468 78.4864 78.411 78.4613 78.5821 78.6152 78.7108 78.8104
  78.7044 78.6382 77.9029 78.2662 78.3062 78.5646 78.8062 78.088 52.1465 12.5841 10.1505 9.89245 9.65685 9.39321 9.19691 9.01518
  8.83305 8.43772 8.12343 7.79787 7.38115 6.90418 6.59134 6.27456 5.91191 5.66617 5.44728 5.40212 5.21998 5.08875 4.90455 4.71771
  4.58615 4.43281 4.45759 4.36538 4.27761 4.0985 4.04028 3.98274 3.87994 4.00246 3.90673 3.91213 3.80442 3.64345 3.65618 3.52791
  3.4762 3.43554 3.38264 3.383 3.38589 3.21379 3.17704 3.14239 3.21134 3.16337 3.07874 3.05707 3.10149 3.12254 3.07768 3.01075
  3.07313 3.03918 3.089 2.94779 3.09402 3.00331 2.98235 2.95691 3.02819 3.14615 3.27 3.2799 3.29749 3.2775 3.25758 3.28337 3.34251
  3.36308 3.508 3.51582 3.60255 3.66295 3.78869 3.79648 3.90924 3.95818 3.90896 3.85281 3.85217 3.82174 3.80846 3.78649 3.7442
  3.71819 3.69485 3.67388 3.60651 3.59654 3.57348 3.5426 3.51921 3.47535 3.4311 3.40155 3.33199 3.31727 3.3502 3.34143 3.32628
  3.3033 3.338 3.32444 3.35613 3.3679 3.41734 3.33175 3.2964 3.31108 3.36947 3.39083 3.39965 3.6055 3.65728 3.66639 3.62005 3.645
  3.66921 3.67715 3.81011 3.89736 3.88236 15*0 72.4368 72.3788 72.3722 72.085 72.1668 71*0 72.172 72.1678 72.1028 72.0889 72.1009
  72.1387 72.1362 72.131 72.1235 72.1214 72.09 72.0768 72.0624 72.0307 72.0292 72.0299 72.0307 72.0313 72.0316 72.029 72.0272
  72.0252 72.022 72.0202 72.0359 72.0739 72.0751 72.0738 72.0782 72.0815 72.0689 72.0627 72.0636 72.0573 72.0713 72.0907 72.0971
  72.1379 72.1747 72.2248 72.255 72.2973 72.3252 72.3286 72.4825 72.6962 73.1061 73.3356 73.5052 73.7018 73.6789 2*0 74.3646 74.416
  74.5895 75.0759 75.5592 75.7403 75.7032 75.9669 76.3948 76.6585 76.7471 76.9411 77.0917 76.7989 76.3825 76.4668 76.5312 76.6589
  77.282 77.427 77.8778 78.0502 77.6146 77.463 77.872 78.0239 78.3553 78.4633 78.5113 78.5858 78.4088 78.4492 78.3417 78.3418
  78.3832 78.4968 78.5169 78.4749 78.5076 78.3839 78.1038 78.4312 78.3306 78.5508 78.5845 78.5747 57.9126 21.431 10.0469 9.92653
  10.1218 10.2871 9.61519 9.2571 9.11795 8.95957 8.84133 8.79461 8.36106 7.8075 7.30285 6.80033 6.5859 6.24108 5.7759 5.49634
  5.30278 5.1488 4.99504 4.80375 4.64735 4.49772 4.43372 4.36773 4.35289 4.00861 3.9774 3.96819 3.81979 4.01266 3.95769 4.14346
  3.78825 3.72676 3.74547 3.67866 3.67208 3.52101 3.46317 3.40668 3.39229 3.38304 3.37763 3.21697 3.18128 3.17606 3.2585 3.23887
  3.19505 3.11999 3.17732 3.16224 3.16741 3.16223 3.07331 3.08089 3.16626 2.91824 3.15638 2.99186 3.04283 3.027 3.15519 3.28487
  3.32303 3.25325 3.14223 3.21938 3.36008 3.41574 3.4382 3.50761 3.58052 3.6431 3.74974 3.87087 3.71728 3.77614 3.88518 3.93306
  3.97911 3.95149 3.94931 3.93927 3.92352 3.89992 3.87644 3.85012 3.80704 3.76388 3.72989 3.7043 3.69869 3.64087 3.58265 3.54586
  3.49956 3.40623 3.3401 3.36329 3.3999 3.3604 3.40093 3.39744 3.39373 3.39905 3.45464 3.48189 3.50052 3.50827 3.47398 3.48583
  3.61251 3.62643 3.65541 3.64335 3.59257 97*0 72.1728 72.1796 72.1761 72.1646 72.1477 72.1423 72.1233 72.1214 72.1501 72.1474
  72.1323 72.1044 72.0876 72.0861 72.0823 72.0768 72.0561 72.0536 72.0498 72.0437 72.0438 72.03 72.0305 72.0249 72.023 72.0212
  72.0944 72.0851 72.0863 72.0809 72.089 72.0904 72.0836 72.066 72.0657 72.0661 72.0866 72.0962 72.1058 72.1514 72.1876 72.2387
  72.2917 72.3291 72.3832 72.4174 72.6024 72.7224 73.0474 73.3462 73.5312 73.7252 73.7374 73.7824 74.1624 74.2642 74.4384 74.8921
  75.1185 75.4353 75.7149 75.8179 76.1359 76.3361 76.4885 76.5803 76.894 77.1498 76.7136 76.3541 76.3007 76.2205 76.3986 77.3851
  77.5524 77.8035 77.702 77.2649 77.3815 78.011 78.2752 78.2505 78.3841 78.4885 78.3286 78.3182 78.3544 78.2182 78.1879 78.2593
  78.4038 78.297 78.0465 78.2041 78.6403 77.9266 78.7627 78.7237 78.1644 50.6983 23.9941 10.0903 10.053 9.97273 10.087 10.1383
  9.70912 9.50792 9.3228 9.17185 9.20495 9.23222 9.40352 9.0108 7.80872 7.30207 6.95079 6.50728 6.10432 5.66914 5.31939 5.11025
  4.91435 4.73305 4.54043 4.45398 4.34412 4.2138 4.12933 3.97352 4.03016 3.96118 3.93938 3.88214 4.09693 3.82095 3.83379 3.76508
  3.71924 3.68302 3.6259 3.65362 3.56054 3.45197 3.41191 3.37354 3.35606 3.37657 3.31232 3.23817 3.29885 3.27524 3.25059 3.19647
  3.1131 3.19951 3.00303 3.07814 3.13098 2.9267 2.96157 3.55728 2.98607 3.20375 3.04754 3.18753 3.22609 3.29212 3.38507 3.37055
  3.27409 3.27328 3.33359 3.35411 3.44737 3.57026 3.76971 3.7973 3.9297 4.01352 3.92701 3.67572 3.77527 3.84594 3.90448 3.98451
  3.98946 4.02047 4.01584 4.01195 3.99166 3.95471 3.96623 3.95658 3.90166 3.8808 3.83872 3.80975 3.765 3.68871 3.66065 3.61505
  3.43311 3.2889 3.32218 3.33259 3.33351 3.41215 3.48438 3.46605 3.49911 3.51344 104*0 72.3062 72.2901 72.2167 72.208 72.2064
  72.2121 72.2065 72.1257 72.1034 72.1028 72.0958 72.1 72.0966 72.0957 72.0958 72.095 72.0934 72.0889 72.0861 72.0837 72.0778
  72.0731 72.0651 72.0596 72.0393 4*72.0194 72.1207 72.1253 72.1148 72.1057 72.0898 72.0922 72.0833 72.0807 72.0776 72.0689 72.0925
  72.1035 72.1128 72.1591 72.1998 72.2734 72.3254 72.3633 72.4039 72.4845 72.6166 72.8328 73.1728 73.4202 73.6087 73.7494 73.7572
  73.9055 74.1341 74.3848 74.7233 74.9926 75.1816 75.3943 75.5083 75.6673 75.8022 75.9878 76.3643 76.6021 76.7794 76.836 76.3645
  75.8955 76.1851 76.183 76.1318 76.8467 77.2633 77.1602 77.0834 77.1823 77.717 78.1606 78.253 78.3608 78.3258 78.2794 78.3839
  78.2556 78.1366 78.0759 78.0438 78.141 78.246 78.1869 78.3519 78.292 78.3872 73.6811 65.229 32.6466 12.7424 10.134 10.083 10.0532
  9.99865 9.99254 9.89467 9.74922 9.62099 9.45678 9.45172 9.6637 9.69488 9.65273 9.28442 8.65237 7.8716 7.33815 6.68705 6.04406
  5.67501 5.39972 5.1832 5.02813 4.70973 4.56112 4.46171 4.34905 4.24659 4.17629 4.06262 3.78077 4.00844 3.82473 3.73769 3.66193
  3.68666 3.68921 3.69393 3.70706 3.67771 3.70401 3.60339 3.5978 3.54846 3.44168 3.37607 3.37514 3.40267 3.40269 3.36665 3.31973
  3.3088 3.29185 3.30172 3.21255 3.05492 2.99556 2.91922 2.91114 3.26521 3.23668 3.14952 3.40198 3.06257 3.25345 3.0823 3.17026
  3.24402 3.27749 3.20794 3.1808 3.27464 3.34839 3.4159 3.31038 3.27777 3.46666 3.63485 3.76562 3.98235 4.01213 3.75733 3.71996
  3.82539 3.83949 3.88137 3.97841 3.95357 3.9354 3.94207 3.93929 4.03518 4.09408 4.12529 4.0906 4.05737 4.01186 3.94382 3.92291
  3.88992 3.76149 3.74861 3.71838 3.4914 3.38377 3.36157 3.37526 3.37727 106*0 72.4138 72.3837 72.3828 72.4991 72.3076 72.2677
  72.2306 72.2316 72.2438 72.1817 72.0878 72.0885 72.098 72.1699 72.1921 72.187 72.147 72.1037 72.0981 72.1025 72.0995 72.0921
  72.0884 72.0849 72.0825 72.0776 72.0738 72.0323 4*72.0194 72.0593 72.0951 72.0784 72.0215 72.0201 72.06 72.0741 72.092 72.0956
  72.0908 72.104 72.1107 72.1241 72.1682 72.2125 72.2912 72.3442 72.3631 72.4445 72.5826 72.7581 72.9217 73.2087 73.426 73.6434
  73.7766 73.7683 73.9407 74.217 74.5627 74.801 75.0103 75.1123 75.3052 75.4492 75.7191 75.9659 76.3003 76.4892 76.7525 76.6607
  76.2304 75.4514 76.1448 76.1372 76.2351 76.0535 76.5413 76.7013 76.828 76.9451 77.3708 77.6358 77.8907 78.201 78.2751 78.1334
  78.3172 78.3637 78.1639 78.049 77.9375 77.982 78.0944 78.1457 64.2033 45.3915 37.1034 13.8021 9.88808 10.0051 10.0938 10.0345
  10.1253 10.0094 9.94045 9.95001 9.92361 9.81313 9.71529 9.8452 10.0298 10.4354 10.1578 10.03 9.2652 8.68639 8.11734 7.73926
  7.10383 6.24597 5.72992 5.5159 5.17567 4.98561 4.73562 4.5044 4.35606 4.27034 4.1899 4.05932 3.86811 3.6846 3.68327 3.69908
  3.67412 3.63412 3.57712 3.61863 3.69911 3.70402 3.66541 3.62191 3.5878 3.52606 3.55991 3.47413 3.43944 3.40726 3.45543 3.41919
  3.3406 3.37788 3.16669 3.31531 3.11044 3.1603 3.04971 3.10681 2.9814 3.1721 3.12607 3.37622 3.4534 3.13599 3.02143 3.04759 3.09204
  3.09651 3.15612 3.26881 3.3621 3.2537 3.26619 3.32271 3.19578 3.298 2.99447 2.97634 3.29949 3.52117 3.77161 3.90265 3.7807 3.6645
  3.81487 3.94626 4.07747 4.08407 4.19718 4.19318 4.03399 4.04682 4.03913 4.13988 4.1787 4.22947 4.21051 4.17014 4.1302 4.07522
  4.06022 3.98112 3.83628 3.82191 3.74704 108*0 72.4688 72.4558 72.4494 72.4517 72.4468 72.5118 72.5086 72.2956 72.2742 72.2639
  72.2543 72.2416 72.1466 72.1038 72.1026 72.1961 72.2041 72.1615 72.1626 72.1262 72.1286 72.0946 72.0947 72.0974 72.093 72.0874
  72.0922 72.0913 72.0882 72.0567 72.0392 72.028 4*72.0194 72.0299 72.0303 72.0281 72.0237 72.0208 72.0195 72.0715 72.104 72.1032
  72.0962 72.0795 72.1034 72.1619 72.223 72.2841 72.346 72.3996 72.505 72.6116 72.7878 72.9786 73.2342 73.433 73.6377 73.6389 73.783
  74.0467 74.3317 74.583 74.8067 75.0136 75.0716 75.2483 75.4927 75.8009 76.0488 76.2513 76.3741 75.5384 75.5478 3*0 76.2374 76.0915
  76.027 76.3449 76.4614 76.7043 76.978 77.3406 77.6076 77.8666 78.093 78.2271 78.2503 78.2452 78.2416 78.1364 77.5973 54.0861
  43.2242 28.7372 11.345 9.78442 9.70869 9.72436 9.73196 9.80097 9.93122 9.98593 9.9376 10.0148 9.89604 9.85401 9.90588 10.1552
  10.1165 10.3093 10.5376 10.4737 10.3418 10.0723 9.28719 8.76806 8.41144 7.97054 7.52114 6.69812 6.01367 5.52896 5.17644 4.82014
  4.53888 4.35711 4.24517 4.08052 3.93234 3.79555 3.71138 3.6283 3.54955 3.50339 3.51647 3.50473 3.50386 3.49514 3.47056 3.55385
  3.58859 3.59964 3.58178 3.54339 3.60992 3.65752 3.53784 3.41913 3.49235 3.48039 3.2085 3.15608 3.24379 3.11331 3.17062 3.02862
  3.90511 3.25208 3.27669 3.20146 3.30786 3.41229 3.13976 3.20213 3.20132 3.06242 3.11793 3.24216 3.22932 3.34076 3.39013 3.40876
  3.28726 3.29175 3.21306 3.15203 2.91417 2.92016 3.1073 3.43653 3.60165 3.68083 3.89619 3.6319 3.74073 3.93547 4.07819 4.32949
  4.35484 4.34666 4.31955 4.10933 4.07192 4.28927 4.25567 4.5975 4.30383 4.39044 4.25817 4.20265 4.1095 111*0 72.4342 72.4826
  72.4905 72.5008 72.4964 72.4407 72.635 72.5356 72.4408 72.3077 72.2948 72.3024 72.2898 72.2617 72.2324 72.1291 72.1255 72.1642
  72.1428 72.1384 72.1027 72.1082 72.0811 72.0763 72.0674 72.0679 72.074 72.0535 72.053 72.0752 72.0536 72.0458 72.0425 72.0402
  2*72.0194 72.0229 72.0275 72.0313 72.0317 72.0327 72.0305 72.0251 72.0194 72.0195 72.0711 72.0308 72.0676 72.0795 72.1072 72.1628
  72.215 72.2887 72.3521 72.4044 72.5148 72.631 72.8098 73.0013 73.2179 73.3728 73.5215 73.6326 73.7964 74.1236 74.3408 74.607
  74.7249 74.8353 74.9845 75.2284 75.3949 75.5994 76.1149 76.5219 74.9211 5*0 76.033 75.8917 75.9325 75.9969 76.4484 76.8817 76.9006
  77.2592 77.6686 77.9146 77.915 77.9578 78.0439 78.0885 68.9148 44.665 10.4576 9.30953 9.3891 9.47556 9.55127 9.56919 9.56282
  9.56306 9.56516 9.62253 9.74058 9.82113 9.8013 9.76998 9.76665 9.70834 9.89489 10.1173 10.2587 10.5402 10.0918 9.55693 9.47772
  9.26064 8.94201 8.61456 8.25446 7.80774 7.25855 6.51145 5.77403 5.31456 4.8006 4.44543 4.17653 3.96424 3.95582 3.76661 3.64287
  3.54963 3.5255 3.43363 3.33401 3.28918 3.29884 3.3461 3.3686 3.41222 3.48368 3.52549 3.55811 3.63153 3.60589 3.54123 3.70514
  3.83419 3.55066 3.45015 3.47438 3.33568 3.33809 3.35306 3.18093 3.3403 3.25657 3.22838 3.4908 3.0787 3.11952 3.11049 3.2514
  3.22958 3.17325 3.26639 3.3834 3.20277 3.31514 3.44789 3.39457 3.42318 3.40512 3.27361 3.26344 3.02476 2.87852 3.00938 2.95537
  3.19245 3.43855 3.5048 3.5958 3.7801 3.77467 3.68385 3.82637 4.00144 4.37223 4.50524 4.39789 4.33003 4.20049 4.04844 4.60297
  4.50538 4.49986 4.4439 113*0 72.5102 72.5033 72.5118 72.5171 72.525 72.5329 72.5391 72.6216 72.6654 72.6172 72.5611 72.3823
  72.3554 72.3494 72.3408 72.3445 72.327 72.3116 72.1449 72.1402 72.1793 72.1451 72.0904 72.0911 72.0928 72.1774 72.2064 72.2045
  72.1515 72.0687 72.0653 72.2127 72.1372 72.0552 72.0475 72.0461 72.0444 72.0449 72.046 72.0388 72.0335 72.0325 72.0317 72.0318
  72.0312 72.0268 2*72.0194 72.0204 72.0283 72.0682 72.0798 72.1175 72.1773 72.2271 72.2972 72.3557 72.41 72.5208 72.6417 72.8293
  72.99 73.1935 73.2451 73.4736 73.6478 73.8202 74.0263 74.294 74.4433 74.5797 74.6182 74.9672 75.2128 75.3724 75.1184 76.8887
  77.7882 5*0 75.6693 75.8547 75.7208 75.7745 75.8259 76.2531 76.8339 77.4331 77.477 77.6393 77.7027 77.7282 57.0195 42.6528 15.662
  9.54785 9.45344 9.21887 9.1917 9.24835 9.27468 9.30371 9.42332 9.50118 9.46106 9.36881 9.4202 9.47789 9.60247 9.54807 9.52722
  9.56989 9.52787 9.84386 9.9663 10.1609 9.84945 9.59855 9.48373 9.34409 9.17834 8.94094 8.62938 8.17298 7.49726 6.78395 6.4033
  5.4742 5.16528 4.84775 4.27829 4.03213 3.81372 3.64925 3.56194 3.43682 3.35936 3.27003 3.15589 3.08754 3.11393 3.15175 3.1901
  3.25385 3.35127 3.45906 3.59281 3.62923 3.64931 3.61743 3.62929 3.68235 3.57497 3.3165 3.24716 3.32144 3.30618 3.50759 3.6591
  3.15598 3.27785 3.16812 3.06125 3.07738 3.05872 3.21392 3.37585 3.21168 3.14417 3.03362 3.27662 3.52524 3.31921 3.12193 3.27197
  3.21878 3.20667 3.25255 3.20782 3.0452 2.8106 2.97736 3.01405 3.19336 3.46694 3.62649 3.58156 3.68185 3.80982 4.03837 3.96557
  3.90708 4.42306 4.56059 4.40009 4.52878 4.35118 117*0 72.5577 72.5473 72.5585 72.5687 72.5706 72.5759 72.6665 72.7406 72.7221
  72.6443 72.643 72.6711 72.6353 72.4073 72.4939 72.4783 72.4661 72.4322 72.3733 72.3882 72.1767 72.1571 2*72.0865 72.0864 72.0912
  72.0874 72.3266 72.2927 72.2924 72.345 72.3328 72.3424 72.3176 72.2123 72.0657 72.0571 72.0573 72.0593 72.0547 72.0512 72.0462
  72.0454 72.0396 72.0332 72.0321 72.032 72.029 2*72.0194 72.0199 72.0259 72.0628 72.0804 72.1277 72.1824 72.2325 72.3027 72.3549
  72.4155 72.53 72.6514 72.8405 73.0022 73.0428 73.2512 73.4752 73.6564 73.8366 74.0412 74.1974 74.3865 74.5878 74.839 74.9318
  75.1967 75.4292 75.693 75.9524 4*0 75.6746 75.8503 75.7193 75.7766 75.6422 75.6881 75.5248 75.8546 76.9288 77.4566 71.9132 46.4691
  29.9199 9.91866 9.4022 9.38712 9.40108 9.31971 8.99661 9.06669 9.12342 9.14404 9.07952 9.07669 9.21414 9.24948 9.25831 9.08801
  8.93449 8.80673 9.02254 9.41404 9.36273 9.37076 9.47401 9.79171 9.79782 9.88761 9.52777 9.48281 9.34754 9.28781 9.0874 8.6337
  8.40053 8.01624 7.55391 6.74962 6.29463 5.49927 5.06035 4.76912 4.37441 3.90111 3.61647 3.36315 3.1745 3.08979 3.02104 2.98675
  2.93748 2.93594 2.98239 3.00243 3.06806 3.14242 3.26933 3.4115 3.51953 3.58416 3.57459 3.62574 3.57007 3.40308 3.37948 3.44604
  3.3535 3.46458 3.32289 3.16626 3.13566 3.09335 3.14648 3.19327 3.22026 3.15815 3.04096 3.20273 3.22824 3.00972 3.02077 3.04642
  3.24661 3.16052 3.11091 3.05682 3.04608 3.21412 3.14785 3.10434 2.9538 2.93618 3.01359 3.05531 3.17443 3.5284 3.68082 3.72159
  3.81593 3.9213 4.03455 4.11393 4.21629 4.31667 4.30186 4.56917 117*0 72.5914 72.5979 72.5251 72.558 72.5968 72.602 72.6236 72.697
  72.8747 72.758 72.7034 72.6809 72.6402 72.6449 72.6661 72.6757 72.6185 72.6173 72.5845 72.5737 72.5828 72.5266 72.4147 72.2144
  72.1093 72.0857 72.126 72.2582 72.1059 72.0803 72.358 72.325 72.3651 72.3843 72.436 72.3709 72.2338 72.0736 72.0795 72.0674
  72.0599 72.059 72.0582 72.0528 72.0599 72.0602 72.0486 72.0422 72.0347 72.0342 72.0334 2*72.0194 72.0199 72.0236 72.0613 72.0806
  72.1298 72.1849 72.2371 72.3071 72.3656 72.4209 72.537 72.6589 72.8482 72.9198 73.0468 73.2588 73.4802 73.6417 73.8502 74.0506
  74.2065 74.3881 74.5873 74.694 75.0485 75.4163 75.6531 75.8825 75.8739 3*0 75.6736 75.7125 75.7531 75.7558 75.7029 75.4854 75.4191
  75.267 67.0901 43.5157 18.2359 8.90833 8.49465 8.62714 9.2697 9.447 9.33838 9.22702 8.88298 8.89522 8.99425 8.981 8.57955 8.56987
  8.95742 9.09937 9.12103 8.95228 8.54971 8.58851 8.58235 8.55722 9.08347 9.18598 9.17577 9.39744 9.48151 9.52296 9.42999 9.43138
  9.46072 9.17587 9.12668 8.59613 8.91058 8.62171 8.07544 7.60194 6.87066 5.97891 5.20133 4.66477 4.34566 4.00893 3.67883 3.4482
  3.07997 2.91859 2.8346 2.78744 2.78704 2.78595 2.78401 2.80263 2.87816 2.94934 3.03346 3.16561 3.30264 3.40305 3.49907 3.47006
  3.4366 3.44356 3.50778 3.53557 3.49505 3.41304 3.42249 3.37518 3.31049 3.18162 3.2568 3.24005 3.24556 3.20694 3.00584 2.99165
  3.29388 3.22585 3.22094 3.10293 3.04203 2.92816 2.86861 2.8634 3.18703 3.44093 3.46498 3.19102 2.99847 2.96843 3.01422 3.16108
  3.25181 3.58485 3.72597 3.69326 3.80022 3.8835 3.99411 4.08995 4.11802 119*0 72.606 72.6128 72.5569 72.5042 72.4971 72.5008 72.612
  72.6644 72.7546 72.864 72.7095 72.7473 72.736 72.7092 72.6618 72.6584 72.6446 72.658 72.6516 72.6107 72.5945 72.5943 72.6138
  72.6467 72.6016 72.5018 72.4486 72.3205 72.4791 72.4522 72.3907 72.2544 72.3758 72.3955 72.4454 72.4128 72.41 72.2272 72.0932
  72.0866 72.081 72.1713 72.2538 72.0743 72.0709 72.0562 72.0537 72.0548 72.0525 72.0483 72.0506 72.0393 72.0335 2*72.0194 72.02
  72.0237 72.0576 72.0812 72.1323 72.1869 72.2403 72.3177 72.3653 72.4262 72.5414 72.6821 72.8424 72.8442 73.081 73.2773 73.5166
  73.6493 73.7927 74.0523 74.2086 74.3791 74.5713 74.6841 75.0014 75.4532 75.6606 75.7045 75.4143 75.5626 75.6542 75.5928 75.4736
  75.6658 75.6774 75.689 68.5957 48.6708 37.5776 7.3664 6.6706 6.31101 7.69355 8.4045 8.96589 8.811 9.11629 9.0538 9.23259 8.948
  8.88033 9.06205 8.9274 8.90993 8.38008 8.25777 8.27678 8.60099 8.52458 8.33884 8.38234 8.42422 8.40947 8.37664 8.75052 8.97988
  9.00305 8.97572 9.12398 9.32087 9.36559 9.10584 9.17333 9.28553 9.31698 8.65719 8.63995 8.72886 7.95095 7.43538 6.80357 5.9006
  5.03143 4.39594 4.03006 3.71305 3.43389 3.16908 2.82338 2.63874 2.60498 2.59179 2.59382 2.57793 2.59579 2.6698 2.75293 2.84342
  2.91831 3.0098 3.14333 3.20137 3.5324 3.54333 3.39933 3.46966 3.44333 3.43831 3.34768 3.41388 3.44696 3.34602 3.28152 3.24385
  3.24686 3.21758 3.17513 3.00696 2.99139 2.97424 2.93175 2.83088 2.81654 2.82903 2.89165 2.9308 3.05341 3.01508 3.55512 3.95148
  3.74392 3.53967 3.38658 3.26978 3.2873 3.42276 3.59709 3.71181 3.64845 3.73987 3.81441 121*0 72.6185 72.6186 72.6376 72.6579
  72.5695 72.552 72.5653 72.5935 72.6806 72.7325 72.8472 72.7996 72.821 72.8266 72.8346 72.7707 72.7309 72.6906 72.6964 72.6839
  72.6444 72.625 72.6061 72.6109 72.6078 72.5744 72.5224 72.5467 72.5277 72.5538 72.5773 72.546 72.4014 72.3895 72.4031 72.4509
  72.5082 72.4687 72.5183 72.1541 72.1499 72.1033 72.0984 72.3745 72.4034 72.2559 72.0879 72.0624 72.0555 72.0523 72.0497 72.0461
  72.0456 72.0455 72.0253 2*72.0194 72.02 72.0236 72.0588 72.0792 72.1185 72.1887 72.2493 72.3215 72.3661 72.4276 72.5599 72.7121
  72.8933 73.2722 73.0781 2*0 73.6229 73.8014 74.04 74.2033 74.3112 74.4912 74.6136 74.7345 75.0261 75.1861 75.2889 75.3815 75.407
  75.467 75.192 2*0 56.5882 7.17411 6.4956 6.32056 6.23045 6.6758 6.847 6.84385 7.51012 10.2121 11.1153 9.52618 8.88941 8.9441
  8.59904 8.43113 8.62444 8.71063 8.68663 8.64636 8.14279 8.04332 8.03002 8.00253 8.05797 8.11542 8.17815 8.24237 8.2429 8.157
  8.67025 8.76789 8.84716 9.05892 8.98054 9.07491 9.05947 9.12226 9.06108 9.19429 9.09995 8.72138 8.55151 8.25798 7.98036 7.4126
  6.51691 5.64548 4.84986 4.22484 3.80848 3.45351 3.14121 2.94931 2.67944 2.46804 2.3491 2.34753 2.36011 2.39031 2.44629 2.52416
  2.60986 2.70868 2.80021 2.8741 3.00302 3.12986 3.42687 3.39528 3.31409 3.26157 3.25429 3.38031 3.28467 3.2525 3.30761 3.11387
  3.24855 3.24406 3.2142 3.11338 2.97158 2.98553 2.95162 2.86162 2.82852 2.89535 2.90494 2.80198 2.89644 3.3736 3.44465 3.84249
  4.16481 3.89587 3.81159 3.7531 3.80253 3.51031 3.53054 3.56167 3.66045 3.70344 121*0 72.7794 72.8145 72.7615 72.6683 72.6875
  72.7009 72.678 72.7636 72.7273 72.7435 72.833 72.7686 72.9356 72.9256 72.8913 72.8868 72.9362 72.945 72.8186 72.7963 72.7971
  72.7612 72.7516 72.6815 72.6646 72.6151 72.6034 72.5059 72.5596 72.5644 72.5715 72.6352 72.682 72.7019 72.5893 72.5072 72.4433
  72.433 72.4733 72.4438 72.487 72.5351 72.1939 72.208 72.2033 72.1215 72.466 72.4247 72.1797 72.0589 72.0449 72.0402 72.0527
  72.0511 72.0479 72.0337 4*72.0194 72.02 72.0237 72.0584 72.0792 72.1193 72.1901 72.259 72.3224 72.3761 72.4583 72.563 72.6978
  72.9311 73.1607 73.275 73.1386 73.4421 73.5366 73.7892 73.9656 74.1011 3*0 74.5628 74.9427 75.1578 75.2512 8*0 6.10004 6.53798
  6.80751 8.80223 8.86771 8.91892 9.05782 9.22853 11.7022 9.57412 8.62169 8.72367 8.65531 8.14107 8.22715 8.49607 8.13324 7.97742
  7.86923 7.8704 7.8316 7.83979 8.09201 8.20887 7.94834 7.98739 8.30398 8.4522 8.50739 8.57306 8.83258 8.68925 8.47525 8.74223 8.741
  8.85771 9.11613 8.1938 8.54675 8.43607 8.37103 8.22391 7.89235 6.84795 5.92432 5.13468 4.47885 3.92829 3.50849 3.12044 2.89452
  2.69948 2.45689 2.29139 2.20389 2.13764 2.17902 2.21686 2.28963 2.38382 2.47328 2.56537 2.68274 2.76155 2.87177 3.01183 3.13335
  3.15183 3.15605 3.14189 3.2593 3.28015 3.27222 3.24438 3.23497 3.16593 3.21521 3.21179 3.01825 2.95303 2.89945 2.90791 2.85973
  2.85714 2.96767 3.26861 3.16123 3.03672 3.32802 4.05092 3.98584 4.28324 4.21909 3.70568 3.83399 3.71233 3.8355 3.61064 123*0
  72.6599 72.7603 72.8544 72.8997 72.7186 72.7307 72.7076 72.7433 72.8076 72.8296 72.7891 72.8135 72.8216 72.8358 72.9312 72.9998
  72.8363 72.8067 72.8748 72.8466 72.857 72.8819 72.8396 72.8338 72.7856 72.7529 72.6414 72.5838 72.6054 72.6245 72.5677 72.7573
  72.8069 72.7329 72.7474 72.7417 72.6021 72.5092 72.459 72.5008 72.5618 72.5139 72.5693 72.6077 72.206 72.2274 72.1383 72.1169
  72.3211 72.1946 12*72.0194 72.02 72.0237 72.0587 72.0792 72.1141 72.1823 72.2576 72.3296 72.3854 72.4437 72.5534 72.6973 72.8574
  73.1803 73.1635 73.409 73.5753 73.7766 73.7861 73.8232 10*0 5.3183 5.59963 5.70172 5.40028 2*0 8.42848 8.47776 8.54483 0 8.62097
  8.64577 9.0186 8.36516 8.4333 8.42423 8.49236 8.53214 8.49988 7.98603 7.92397 8.8928 8.46705 6.96606 7.23127 7.43785 7.25659
  7.62945 8.01119 8.30079 8.27908 8.29524 8.29756 8.2979 8.31401 8.64281 8.53876 8.24458 8.07992 8.22875 8.29225 8.25428 8.21846
  7.91984 7.88291 7.97058 7.68997 7.55958 7.14426 6.45954 5.60166 4.73653 4.09727 3.63834 3.20908 2.84615 2.62245 2.4199 2.2159
  2.08529 2.05382 1.97142 2.01069 2.07373 2.13874 2.23605 2.33666 2.44187 2.56228 2.68411 2.77781 2.87773 2.95443 2.97197 3.02721
  3.13548 3.20088 3.18361 3.18619 3.21281 3.23502 3.15132 3.08763 2.94282 2.90899 2.85632 2.89277 2.89029 2.91921 2.94293 3.25634
  3.66476 3.43254 3.24985 3.56309 3.98925 3.51153 3.36544 3.81282 3.26667 125*0 72.4959 72.5092 72.4769 72.7857 73.0862 72.9769
  72.69 72.6824 72.8139 72.8799 72.9077 72.985 72.9072 72.9184 72.8803 72.9062 72.9739 72.9427 72.8512 72.8623 72.8816 72.9097
  72.9084 72.913 72.8783 72.8559 72.8063 72.7515 72.6821 72.6243 72.6516 72.6883 72.6722 72.6843 72.7323 72.6664 72.6877 72.5891
  72.5135 72.4893 72.4558 72.5418 72.6085 72.636 72.7075 72.6972 72.0778 72.1355 72.1416 72.1292 72.1127 72.0499 12*72.0194 72.0199
  72.0234 72.0578 72.0792 72.1038 72.182 72.2542 72.3306 72.386 72.4414 72.5488 72.6923 72.8239 73.1067 73.1568 73.2636 73.6481
  73.7304 12*0 6.04568 5.86884 5.67148 5.68456 0 8.13812 8.28386 8.34243 8.40179 0 7.4919 8.42109 8.7016 9.20413 8.81967 8.32109
  8.19613 7.75967 7.44798 7.08133 0 8.39682 8.36526 8.33927 8.30011 7.23268 7.31474 7.21401 7.86579 8.13094 8.04552 7.98542 8.06212
  8.04546 8.0701 8.25952 7.93884 7.80851 7.75463 7.83545 7.55675 6.0958 7.39808 7.27032 7.03231 7.06501 6.82599 6.65907 6.34456
  5.86327 5.00162 4.23384 3.65177 3.27847 2.86578 2.59278 2.33141 2.11797 1.98363 1.89374 1.89148 1.86133 1.84686 1.92932 2.01847
  2.11004 2.21195 2.32753 2.44325 2.57019 2.69439 2.76322 2.84207 2.87872 2.97158 3.04544 3.11329 3.12261 3.16474 3.13015 3.02844
  2.89362 2.85767 2.83806 2.82896 2.86086 2.8743 2.87961 2.9135 3.07697 3.13072 3.17702 2.98095 2.95456 3.26172 3.81223 3.49566 2*0
  124*0 72.576 72.5536 72.5319 72.5467 72.5605 72.6857 72.7834 72.7672 72.7293 72.7079 72.9507 72.8684 73.0223 73.0282 73.0132
  72.9457 72.9125 72.9212 72.9428 72.9637 72.9322 72.9228 72.9806 72.9622 72.9659 72.9533 72.8858 72.8471 72.8096 72.799 72.783
  72.7229 72.7595 72.7772 72.6872 72.7001 72.6271 72.6216 72.6305 72.6183 72.5681 72.5571 72.5536 72.5967 72.8047 72.8988 72.8528
  72.6598 72.4478 72.1621 72.1512 72.1395 72.0592 13*72.0194 72.0198 72.023 72.0575 72.0791 72.1128 72.1868 72.2705 72.3469 72.3881
  72.4428 72.5483 72.6876 72.8714 73.1123 73.2979 73.6461 73.7525 73.8559 11*0 6.2691 6.45881 6.49808 6.57386 6.62984 6.37117
  7.02845 7.87154 9.1603 9.827 10.6236 7.81201 8.59394 9.12264 9.11308 9.13716 7.94164 6.76439 6.76377 6.40755 0 8.02802 7.99543 2*0
  0 7.07481 7.0376 7.00741 6.72935 7.34756 8.00966 7.79533 7.75398 7.68988 7.59403 7.62602 7.4701 7.41305 7.46639 7.05265 7.27024
  6.63226 6.83927 6.56708 6.78308 6.68749 6.45466 6.18695 5.74399 4.98241 4.39014 3.75134 3.333 2.93453 2.60867 2.31417 2.11039
  1.96135 1.80742 1.7447 1.72675 1.75254 1.75545 1.82662 1.89834 2.0046 2.10253 2.21137 2.33385 2.43528 2.54292 2.66359 2.7255
  2.78128 2.83981 2.94078 2.95523 2.92013 2.86407 2.84429 2.89282 2.81839 2.81106 2.82804 2.83839 2.96873 3.04862 3.0454 3.06041
  3.13066 3.11342 3.08911 3.05981 3.14921 127*0 72.5817 72.5955 72.6186 72.5988 72.5821 72.5923 72.5967 72.6289 72.7136 72.7317
  72.7532 72.7509 73.0215 72.8957 72.9723 73.063 72.9855 73.0204 73.0702 73.0444 73.0182 73.07 73.1135 73.1201 73.1315 73.134
  73.0659 73.0316 72.9135 72.898 72.872 72.8634 72.8633 72.8713 72.8661 72.7625 72.8194 72.8451 72.76 72.6365 72.661 72.6541 72.6395
  72.6322 72.6619 72.7902 73.041 72.8983 72.7932 72.6484 72.4062 72.0603 72.107 72.0745 14*72.0194 72.0198 72.0229 72.0568 72.0794
  72.1107 72.173 72.2738 72.347 72.3928 72.4569 72.5547 72.7086 72.9187 73.1089 73.3057 73.6313 73.7895 73.9875 9*0 6.08653 6.0441
  6.43128 6.6644 7.07494 7.14722 7.33609 7.47541 7.55495 7.73782 8.64627 9.77891 8.88488 8.00808 8.44453 8.84594 8.79002 8.18538
  6.625 6.39234 6.40084 5.96233 2*0 7.60695 4*0 6.62995 6.73598 6.70572 6.88172 8.09725 7.84675 7.58424 7.37125 7.34515 7.22353
  6.21007 6.68338 7.34463 6.68509 7.03514 6.84401 6.44992 6.3591 6.29235 6.18461 6.05671 5.49622 4.74155 4.25811 3.88944 3.52602
  3.19286 2.86451 2.56144 2.23675 1.96521 1.82998 1.69228 1.59524 1.58624 1.63653 1.68479 1.73085 1.80783 1.89871 2.02058 2.10588
  2.21383 2.31207 2.40117 2.48835 2.59155 2.67547 2.737 2.7536 2.73254 2.75465 2.72554 2.78675 2.80161 2.79542 2.7929 2.97673
  2.99388 2.99598 2.99774 2.82736 2.93689 3.07644 3.13079 128*0 72.5462 72.5619 72.6105 72.6485 72.663 72.6404 72.6205 72.6289
  72.6425 72.6513 72.6476 72.7741 72.8929 72.8667 72.7812 72.7369 72.9565 72.9758 73.0955 73.0442 73.1606 73.1361 73.0852 73.1059
  73.2108 73.1913 73.2323 73.1718 73.1318 73.0931 73.0668 73.0608 73.0335 73.057 72.9865 72.9631 72.9898 73.0455 72.8782 72.8424
  72.7616 72.7051 72.6899 72.6789 72.696 72.7607 72.8487 73.1061 73.089 72.8975 72.8177 72.8097 72.4073 2*72.0194 2*0 72.0194
  12*72.0194 72.0198 72.0224 72.0571 72.0791 72.1097 72.1842 72.2749 72.344 72.3876 72.4506 72.5627 72.7037 72.8873 73.1321 73.3029
  73.5412 73.7882 74.0193 7*0 5.96893 5.94904 5.99221 5.968 6.27548 6.92036 7.31913 7.34174 7.53101 7.60537 7.77546 8.16291 8.42213
  8.38699 8.59677 7.8757 8.09792 8.57169 8.2544 6.53369 6.01423 5.96942 6.93779 7.11293 6.76357 3*0 6.98083 7.17989 4*0 5.92261
  5.80953 6.13493 6.39615 6.59437 6.91773 6.81307 6.67221 6.92376 6.84102 6.67993 6.57161 6.00857 5.98182 6.05366 5.75258 5.52755
  5.14476 4.65236 4.31877 3.98838 3.74851 3.2763 2.99291 2.6732 2.398 2.11351 1.90025 1.74753 1.61519 1.50042 1.49355 1.55358
  1.61545 1.67277 1.73878 1.83728 1.94738 2.02841 2.12211 2.20619 2.31192 2.37874 2.42403 2.51155 2.59654 2.61263 2.63176 2.62132
  2.73951 2.7741 2.74738 2.81023 2.92241 2.95854 2.92472 2.80235 2.82262 2.97243 128*0 72.5226 72.5356 72.5443 72.578 72.6154
  72.6523 72.6848 72.703 72.6683 72.603 72.623 72.6812 72.6917 72.7154 72.8907 72.952 72.9709 72.971 72.778 72.7124 73.0595 73.2202
  73.2366 73.2322 73.1251 73.1524 73.2074 73.2419 73.2257 73.2405 73.1784 73.175 73.1681 73.1838 73.2221 73.0946 73.126 73.107
  73.1742 73.2009 73.2275 73.1418 72.8847 72.7836 72.8633 72.8677 72.7546 72.9289 73.0654 73.1905 73.1238 73.1279 73.0975 73.1485
  72.9138 2*72.0194 0 15*72.0194 72.0197 72.0219 72.0538 72.0788 72.1388 72.2075 72.2687 72.3381 72.3707 72.4361 72.539 72.6678
  72.8661 73.1412 73.3821 73.5229 55.3156 3*0 6.07344 6.18267 6.30533 6.53015 2*0 6.00622 0 5.6348 6.52311 7.28485 7.60913 7.64833
  7.60794 7.59431 7.60196 7.6129 7.55736 7.65222 8.15316 8.36404 8.34472 8.05343 7.68288 6.71696 5.8774 5.87233 2*0 5.82265 5.95417
  6.78076 6.87023 6.81162 6.5154 6.08865 4*0 5.83989 5.82349 6.02596 6.02358 6.57974 6.47734 6.5787 6.57683 6.20399 6.29445 6.13686
  5.74777 5.76003 5.54258 5.20101 4.97404 4.48544 4.2397 4.04144 3.7789 3.48928 3.25302 2.80756 2.56387 2.27507 2.04138 1.82171
  1.68816 1.57858 1.4959 1.48984 1.52318 1.56692 1.62759 1.70095 1.7676 1.87497 1.96423 2.04926 2.1762 2.28208 2.29031 2.36308
  2.37362 2.44589 2.51291 2.55659 2.6433 2.68499 2.6922 2.68962 2.75651 2.75296 2.82755 2.78779 129*0 72.8538 72.7517 72.5891
  72.5535 72.5913 72.6172 72.6473 72.6827 72.7003 72.6549 72.6485 72.598 72.6239 72.6871 72.7532 72.7604 72.9078 73.0162 73.0403
  73.059 73.0537 72.8111 73.0093 73.1201 72.9347 72.91 73.3838 73.5182 73.4966 73.2216 73.2164 73.2465 73.243 73.2375 73.2406
  73.3547 73.3472 73.3479 73.3373 73.4132 73.3536 73.2838 73.2865 73.2704 73.2684 73.0717 73.0415 73.0593 72.8703 73.1499 73.0871
  73.0428 73.1194 73.1824 73.1996 72.9981 3*0 16*72.0194 72.0196 72.0216 72.0851 72.1462 72.1671 72.212 72.2717 72.3275 72.3659
  72.4305 72.5263 72.7101 72.9297 73.0779 56.6202 13.544 5.4158 5.56861 5.71839 0 5.52468 6.10726 2*0 6.57937 6.64727 2*0 6.95656
  6.91933 7.23918 7.66962 7.70926 7.40102 7.32553 7.21472 7.16842 7.22427 7.50646 8.12643 8.11565 7.94231 7.6222 7.47576 7.11538
  5.77915 6.16064 0 5.38911 5.33657 5.72991 6.64718 6.58523 6.51186 6.19528 6.04661 4*0 5.55047 5.57659 5.83582 5.61603 6.30238
  6.43881 6.10909 6.00809 6.01355 5.81366 5.64997 5.35295 5.47245 5.12307 4.95269 4.49787 4.1537 3.95135 3.72914 3.55446 3.2489
  2.96777 2.68445 2.45799 2.18603 1.94942 1.78836 1.68136 1.58281 1.51916 1.50515 1.51883 1.55578 1.60189 1.66144 1.73109 1.82498
  1.90409 1.98966 2.09395 2.1272 2.19352 2.2654 2.25632 2.36319 2.41978 2.49466 2.56755 2.56814 2.55407 2.6075 2.69563 129*0
  72.4319 72.4513 72.5276 72.9234 72.7818 72.5835 72.5967 72.6322 72.6538 72.6764 72.7046 72.7214 72.7191 72.7295 72.7015 72.7252
  72.7654 72.7847 72.7827 72.8403 72.8942 72.9003 72.8975 72.9081 72.8874 72.87 72.9324 72.9438 73.205 73.7259 73.8489 73.7279
  73.5531 73.4361 73.4348 73.3739 73.3679 73.4724 73.5122 73.7023 73.6798 73.6728 73.6297 73.6258 73.4668 73.4002 73.537 73.5163
  73.3146 73.1585 73.035 73.166 73.1632 73.2621 73.1742 73.2615 73.2695 72.9059 72.9721 3*0 6*72.0194 72.0464 72.0338 72.0194
  6*72.0194 72.0448 72.0847 72.0941 72.1303 72.1542 72.171 72.2176 72.2753 72.3427 72.3626 72.4262 72.516 72.6868 71.7143 54.6766
  12.7709 5.2919 5.39279 3*0 6.0315 6.13162 5.96682 5.84524 5.31317 5.36143 5.68774 6.62368 8.23831 7.4725 7.30693 7.8364 7.68118
  7.53737 7.30403 7.24874 7.20133 7.11882 7.6424 7.84276 7.81691 7.69931 7.69451 7.36031 7.43369 6.71596 6.60683 5.99813 5.49687
  5.21533 5.87105 6.351 6.3471 6.29856 6*0 5.11868 5.59531 5.64897 5.55985 6.12036 5.895 5.94752 5.83366 5.64617 5.71276 5.38586
  5.38997 5.1055 4.66979 4.33838 4.21097 3.9646 3.64795 3.445 3.0005 2.97438 2.79898 2.56422 2.33607 2.12628 1.92958 1.76669 1.6875
  1.59859 1.5465 1.51968 1.52558 1.5517 1.58992 1.65399 1.70598 1.78612 1.85558 1.93574 1.98304 2.04795 2.12199 2.19333 2.23868
  2.31306 2.36653 2.40877 2.45526 2.44642 2.45583 129*0 72.5297 72.8247 72.9265 73.0029 73.0659 72.8413 72.6648 72.6014 72.6264
  72.6617 72.6934 72.7055 72.7365 72.7536 72.7779 72.8182 72.8122 72.7743 72.7997 72.8213 72.8335 72.8471 72.8745 72.8866 72.8864
  72.896 72.8869 72.8259 72.8406 72.9164 73.2917 73.9018 74.1184 73.8322 73.61 73.3391 73.4279 73.4476 73.4577 73.4771 73.7732
  73.7872 73.7766 73.7736 73.7219 73.6917 73.6321 73.6507 73.6833 73.6417 73.5778 73.435 73.5674 74.2208 73.9975 73.5442 73.4267
  73.3711 73.2162 73.0513 4*0 4*72.0194 72.0456 72.0994 72.1855 72.1128 72.0263 5*72.0194 72.1534 72.1388 72.1409 72.1015 72.1369
  72.1534 72.1711 72.2275 72.2722 72.3078 72.3558 72.4246 72.519 72.6535 32.9207 4.80028 4.98476 5.20746 5.42855 5.63767 5.94712
  6.08578 6.19811 6.07852 6.17078 6.05777 6.114 6.23755 6.35412 6.73448 7.03105 8.26844 8.36974 6.94245 7.55334 7.45705 7.30715
  7.29198 7.3172 7.53932 7.82491 7.84196 7.76156 7.71862 7.5677 7.29418 7.43447 7.33641 6.30284 6.03299 6.31211 6.36691 6.28748
  6.22547 6.19127 6.20284 0 4.49763 4.37376 4.39928 4.57052 4.90407 4.89031 5.46346 5.4675 5.33828 5.64304 5.49425 5.49798 5.42952
  5.44593 5.29114 5.08498 4.75267 4.35043 4.11727 4.06995 3.92012 3.59619 3.39989 3.08822 3.02011 2.72762 2.66093 2.45028 2.26596
  2.03147 1.84228 1.75178 1.67321 1.61528 1.56096 1.53712 1.53488 1.55121 1.59654 1.64114 1.67628 1.7468 1.77456 1.81049 1.89968
  1.95472 2.01115 2.02688 2.16819 2.22632 2.27368 2.34466 2.37571 129*0 72.4679 72.5554 72.5291 72.8627 73.0073 73.0552 72.6882
  72.5984 72.6042 72.6385 72.6553 72.6843 72.7139 72.7291 72.7606 72.7926 72.8175 72.8531 72.8852 72.8107 72.8271 72.8429 72.873
  72.9133 72.9291 72.9297 72.8445 72.8172 72.9147 72.8487 72.7996 73.1125 73.5021 73.8731 73.8089 73.7247 73.6516 73.4779 73.7442
  73.7591 73.9944 73.9914 73.9801 73.9468 73.905 73.8662 73.8378 73.7991 73.7797 73.8201 74.0353 73.9608 74.0632 74.8765 74.8183
  74.8197 74.3475 73.7461 73.6194 73.5466 72.7293 2*0 72.6097 73.0321 3*72.0194 72.1076 72.1314 72.2111 72.2491 72.2247 72.1816
  72.0544 3*72.0194 72.0687 72.1656 72.0799 72.1067 72.0492 72.059 72.0822 72.1436 72.1521 72.2143 72.2283 72.2919 72.3533 72.4228
  72.5194 66.918 16.953 4.77015 5.01873 5.18219 5.43081 5.69696 5.8624 6.00912 5.91429 5.877 6.00163 6.11653 6.26644 6.33722 6.47247
  6.59872 6.48833 6.59536 6.75368 6.69268 7.21437 7.23263 7.19602 7.14126 7.2763 7.40615 7.71367 7.66201 7.56274 7.44409 7.27611
  7.24807 7.04223 6.67909 5.94347 5.90392 5.86195 5.69316 0 5.92605 5.61395 5.63857 5.04113 4.86991 4.89766 4.73429 4.83468 4.74766
  4.76412 5.24292 5.71021 5.68471 5.37812 5.13675 4.97878 5.30916 5.12393 4.75272 4.53431 3.92639 4.10783 3.81946 3.6923 3.49684
  3.32449 3.23447 2.88869 2.75464 2.66857 2.57775 2.52662 2.13774 1.77151 1.67237 1.65579 1.63698 1.59105 1.59304 1.59239 1.58038
  1.59596 1.60084 1.63452 1.67623 1.69799 1.68203 1.74679 1.79468 1.84333 1.90367 1.96517 2.05563 2.16215 130*0 72.2164 72.0194
  72.4733 72.513 72.5629 72.6464 72.8009 72.7064 72.5699 72.605 72.6385 72.6709 72.6889 72.7193 72.7445 72.7676 72.8072 72.8176
  72.8554 72.8871 72.9116 72.8333 72.8639 72.9343 72.9658 73.0027 73.0096 72.9397 72.8902 72.8602 72.9557 72.8871 72.9672 73.3135
  73.8667 74.1232 73.9784 74.0687 73.943 73.8866 74.0214 74.1573 74.0873 74.1125 74.0863 74.0421 74.0094 73.9545 73.8994 73.8592
  73.9396 73.8594 73.7804 74.6461 76.9459 76.8253 76.7247 76.6234 76.4795 74.2272 73.7467 73.1653 3*0 72.6676 72.3751 72.158 72.2606
  72.2137 72.3171 72.455 72.4744 72.2329 72.2099 72.1267 72.0734 3*72.0194 72.0735 72.0689 2*72.0194 72.0195 72.0215 72.0683 72.076
  72.1146 72.1745 72.2326 72.2915 72.3447 72.0708 36.3839 4.44466 4.63963 4.7832 4.94547 5.13965 5.36114 5.64462 5.83555 5.8517
  5.76316 5.83235 5.98931 6.07364 6.17612 6.22973 6.31681 6.44782 6.4616 6.80549 6.87501 6.67832 6.91762 6.75624 6.60549 6.59694
  7.14609 7.25525 7.23831 7.29212 7.28097 7.16767 7.06162 6.97337 6.73762 6.1858 5.7559 5.74618 5.55247 5.04468 4.73809 5.56095
  5.56145 5.56484 4.88722 4.93446 4.93672 4.89981 4.81268 4.7484 4.89043 5.57264 5.62572 5.18895 5.00029 4.88672 4.78098 4.80423
  4.5753 4.34417 4.05548 3.98865 3.77999 3.71657 3.46966 3.37583 3.19019 3.129 2.93095 2.64768 2.55761 2.47669 2.30715 1.97761
  1.68466 1.56934 1.54852 1.65288 1.59365 1.58802 1.67449 1.69821 1.70056 1.65103 1.6486 1.63965 1.62589 1.64836 1.69594 1.76062
  1.80854 1.86408 1.91601 130*0 72.3334 72.0798 72.0194 72.0424 72.411 72.4376 72.5103 72.6462 72.6684 72.6274 72.587 72.6146
  72.6628 72.6905 72.7255 72.7449 72.7767 72.8233 72.8448 72.8437 72.7909 72.8272 72.9538 72.9923 73.0004 73.082 73.1046 73.1237
  73.1193 73.1808 73.1017 73.1572 73.0888 73.2494 73.5046 74.2666 74.4955 74.1636 74.5081 74.2849 74.4103 74.4254 74.6594 74.5535
  74.4801 74.2202 74.1954 74.1179 73.8235 73.2555 73.2815 73.2895 73.2634 74.2538 75.8787 77.5399 77.3401 2*0 76.7531 76.7436
  73.8242 73.1671 72.3294 0 4*72.0194 72.2317 72.2649 72.3964 72.4289 72.4439 72.3629 72.2368 72.1338 72.1348 72.0701 72.0194
  6*72.0194 72.0196 72.0217 72.0474 72.0771 72.096 72.1582 72.218 72.2518 46.6972 12.5931 4.2278 4.37295 4.48465 4.81441 4.96176
  5.13016 5.3185 5.56132 5.68487 5.82232 5.72896 5.77086 5.92571 6.1395 6.23598 6.34806 6.44241 6.61634 6.9405 6.99929 6.80149
  6.73033 6.66795 6.87169 6.86711 6.90862 7.14007 7.10779 7.06066 6.98377 6.97479 6.92128 6.85086 6.65888 6.41822 5.75551 5.65919
  5.37952 4.98107 4.63737 4.59247 5.47061 5.4674 5.54611 4.92137 4.91958 4.89395 5.38189 5.47135 5.66252 5.56361 5.38515 4.97116
  4.89074 4.76689 4.74927 4.60274 4.34443 3.96449 4.03733 4.06006 3.82988 3.67763 3.48595 3.38161 3.1492 3.12251 3.05528 2.82763
  2.5676 2.46237 2.34907 2.24854 1.90051 1.69869 1.52644 1.61333 1.78326 1.69627 1.62137 1.63253 1.61881 1.59719 1.58299 1.56929
  1.60906 1.59568 1.63903 1.67154 1.71194 131*0 72.2372 72.208 0 72.0194 72.0447 72.3219 72.4363 72.4642 72.5003 72.5225 72.5453
  72.5826 72.6266 72.6507 72.6896 72.7246 72.7532 72.7827 72.8146 72.8625 72.8964 72.8832 72.865 72.8501 72.9815 73.0065 73.106
  73.2649 73.3789 73.4054 73.3152 73.2402 73.2077 73.1308 73.5726 73.8517 74.4243 74.565 74.5943 74.5832 74.6288 74.3461 74.4839
  74.7748 74.7487 74.5342 74.5411 74.6171 74.8412 74.1689 73.8975 73.8848 73.3496 73.3474 73.6431 74.2319 77.8423 77.7544 72.0194
  2*72.0194 2*0 72.786 72.8775 0 5*72.0194 72.2028 72.2766 72.4151 72.4329 72.3477 72.3144 72.257 72.14 72.0857 8*72.0194 72.0523
  72.0216 72.0404 72.0746 67.5585 58.2434 33.4431 5.6622 4.01326 4.08825 4.2156 4.29674 4.40161 4.64079 4.7911 5.07407 5.2426 5.3778
  5.58266 5.77423 5.76952 5.8303 5.90955 6.08978 6.11831 6.14391 6.20458 6.2805 6.44121 6.5744 6.60461 6.57889 6.97959 7.31679
  7.1318 7.09732 7.08535 6.99733 6.89939 6.94487 7.19298 7.29323 7.24631 6.90971 5.65342 5.57737 5.27361 4.97572 4.83366 4.53286
  5.40205 5.35682 5.3456 5.0488 4.79814 4.56468 5.20481 5.2223 5.12785 5.1406 5.09359 4.82438 4.68971 4.66945 4.64268 4.42631
  4.20988 4.20234 3.96941 3.49461 3.66964 3.6782 3.58167 3.67267 3.35579 3.06379 2.94976 2.85667 2.78981 2.581 2.49603 2.35548
  2.17913 2.0913 1.76508 1.74158 1.84983 1.88845 1.77755 1.70559 1.68989 1.6798 1.64094 1.59692 1.59889 1.58144 1.5804 1.60272 2*0
  128*0 72.1548 72.1675 72.1934 72.2073 72.2104 72.2368 72.0946 72.3559 72.425 72.4625 72.4916 72.5128 72.5272 72.5702 72.6211
  72.6556 72.6981 72.7294 72.7592 72.8046 72.8314 72.8744 72.9303 72.957 72.9353 72.9167 72.9104 72.9856 73.1064 73.3416 73.4283
  73.4577 73.4684 73.2744 73.2094 73.2424 73.2285 73.6933 74.2962 74.6634 74.6769 74.725 74.6009 74.4994 74.5435 74.8912 75.1189
  75.086 74.7057 74.7412 75.209 74.9114 73.9969 73.9749 73.9721 73.7329 73.679 74.4584 2*0 72.0194 74.8402 75.1928 76.0301 75.6928
  74.1309 72.9394 0 6*72.0194 72.2748 72.3065 72.247 72.2888 72.4281 72.3426 72.7402 72.6768 5*72.0194 0 2*72.0194 5*0 3.77042
  3.77692 3.87435 3.94075 4.01374 4.08245 4.18889 4.30478 4.35419 4.53155 4.72603 4.95906 5.15473 5.30891 5.45453 5.67672 5.8448
  5.8405 5.85098 5.91479 5.86044 5.92973 5.99368 6.05136 6.07667 6.18913 6.41143 6.55934 8.19146 7.90304 7.70118 7.54026 7.44507
  7.45786 7.26384 7.34567 7.51139 7.62621 7.19329 7.06601 5.5963 5.42954 5.13156 4.83318 5.31066 5.54377 2*0 5.3175 4.90027 4.54715
  5.04842 5.19443 5.11472 5.00699 4.88587 4.72878 4.58283 4.55455 4.48218 4.28658 3.93408 3.6819 3.62252 3.46047 3.41589 3.11233
  3.58571 3.84613 3.0042 2.85389 2.82342 2.84443 2.79235 2.67615 2.54937 2.43257 2.22964 2.15704 2.0802 1.98063 1.95324 2.02727
  1.94039 1.7651 1.70324 1.68697 1.68402 1.68474 1.58283 1.54074 1.54925 130*0 72.1324 72.1488 72.158 72.1856 72.2032 72.2095
  72.2254 72.1283 72.2408 72.416 72.451 72.4813 72.5068 72.543 72.573 72.6149 72.7152 72.7815 72.7261 72.7539 72.8097 72.835 72.8957
  72.9302 73.187 72.9452 72.8888 72.9526 72.8875 72.9361 73.029 73.3791 73.4661 73.5312 73.5529 73.2359 73.29 73.2726 73.7023
  74.4047 74.0828 74.7067 74.7092 75.1125 75.1233 75.1428 75.3136 75.3582 75.615 76.0889 75.0816 75.049 75.2919 74.5836 74.3064
  74.0231 74.2948 73.7813 74.4382 74.5334 72.0194 75.1953 75.6956 75.1333 75.3716 75.5712 74.2072 74.2344 73.4699 73.697 0 72.0194
  4*72.0194 72.4977 72.4997 72.4589 72.6578 72.7789 72.8539 73.0296 72.5733 0 72.0194 72.7549 3*72.0194 9*0 3.88426 3.92667 4.00561
  4.07676 4.1635 4.30737 4.3118 4.44483 4.61847 4.88155 5.06244 5.18438 5.32555 5.47428 5.56434 5.65736 5.76302 5.80495 5.77162
  5.87075 5.95088 5.93161 5.78642 5.78764 6.30299 7.73499 7.89111 7.92043 7.92818 7.92574 8.04407 8.05375 8.3957 8.0837 7.70622
  7.3795 6.82447 6.22001 5.54676 5.40904 5.42048 4.88293 5.45297 2*0 5.29975 5.22637 4.66599 4.58844 5.11172 5.06536 4.92347 4.77264
  4.65668 4.54129 4.4961 4.38266 4.25709 3.72564 3.54092 3.53133 3.37757 3.19163 3.23166 3.00764 2.8669 3.09559 2.83456 2.78674
  2.83195 2.79752 2.71711 2.65535 2.58078 2.36926 2.16056 2.10844 2.08021 2.10482 2.08424 1.97281 1.79211 1.73773 1.7203 1.70484
  1.66694 1.60745 1.58416 130*0 72.089 72.1387 72.1411 72.1536 72.1733 72.1999 72.2073 72.2104 72.1585 72.077 72.1529 72.4368
  72.4749 72.5122 72.5469 72.594 72.6295 72.659 73.0166 73.2858 72.7831 72.7828 72.8221 72.8809 72.9376 72.8952 72.9058 72.9377
  72.9679 72.9652 72.971 73.0048 73.0956 73.4682 73.5129 73.3478 73.5068 73.6092 73.4636 73.5668 74.2218 74.2292 74.0836 74.0738
  73.9532 74.3621 75.2882 75.3127 75.4332 75.3203 76.517 76.6621 75.772 75.2755 75.055 73.989 74.1015 74.1396 74.1214 74.7327
  74.6539 73.8522 74.8823 76.0816 74.8961 74.6592 74.4223 74.2819 74.2231 74.1438 74.0504 75.0217 73.7103 5*72.0194 72.6208 72.7753
  72.9435 73.0486 72.9102 73.0048 73.1917 72.7257 72.6991 72.8287 72.2198 2*72.0194 10*0 3.86183 3.93019 4.00511 4.05477 4.13433
  4.2246 4.33931 4.43963 4.72738 4.83302 4.99674 5.07896 5.26398 5.42593 5.54307 5.65654 5.73668 5.80593 5.8031 5.86516 5.77979
  5.75179 5.75997 6.47068 7.31191 7.28446 7.4128 7.63174 7.47229 6.90155 3*0 7.36645 6.90385 6.94338 6.05415 5.54756 5.70512 5.5597
  5.45352 5.23768 5.23962 2*0 5.17472 4.79797 4.77317 5.2304 4.97419 4.81356 4.67308 4.53215 4.39933 4.12492 4.15317 4.06387 3.70002
  3.52725 3.46624 3.44133 3.29646 3.18289 3.08106 2.99542 2.87157 2.85017 2.88022 2.74418 2.66281 2.64246 2.56459 2.54015 2.45689
  2.25641 2.14519 2.05934 2.08792 2.1413 2.07474 1.88291 1.7881 1.76416 1.7221 1.66409 1.64275 130*0 72.0811 72.0839 72.1066 72.1328
  72.1494 72.1622 72.1926 72.2053 72.2094 72.2252 72.2109 72.08 72.0851 72.419 72.4939 72.542 72.5836 72.6288 72.6632 72.774 73.2593
  73.3234 73.3566 72.8436 72.8546 72.8807 72.8982 72.9096 72.9342 72.9693 72.9365 73.0219 73.0722 73.1666 73.4379 74.1089 74.3273
  74.2424 73.8895 73.6828 73.7838 74.4119 74.1057 74.2922 74.376 74.2667 74.2037 74.3223 75.3888 75.4751 76.4672 77.2158 77.1952
  77.1005 75.0795 73.6032 74.2186 74.5735 74.7653 74.9222 74.9169 74.897 74.8853 72.0194 76.2962 75.8269 74.1007 73.9771 74.5086
  74.9812 74.5126 74.7044 75.9098 75.8034 75.3837 4*72.0194 72.3288 72.7095 73.0939 73.5593 73.4017 73.4435 73.36 73.2663 73.3471
  73.4992 73.4738 4*0 3.7046 3.70258 3.6966 3.6935 4*0 3.80222 3.86148 3.91557 3.9821 4.03157 4.10672 4.19384 4.35145 4.47108
  4.60573 4.77829 4.96111 5.05643 5.14144 5.22708 5.3547 5.61186 5.71294 5.63924 5.7673 5.77851 5.66031 5.84033 6.49547 6.84251
  6.76295 6.80168 6.86805 7.053 7.10047 6.25158 6.19013 6.09183 6.05062 5.99105 5.81283 5.78298 5.33911 5.47628 5.68953 5.48685
  5.18922 5.3913 4*0 5.07086 5.1535 5.01068 5.03141 4.74566 4.57555 4.45601 4.47251 4.18072 4.04023 3.99441 3.54272 3.76876 3.70082
  3.52414 3.36126 3.09645 3.03287 2.88618 2.81619 2.83933 2.81711 2.7048 2.61166 2.54299 2.48629 2.52013 2.39462 2.32227 2.2971
  1.98122 2.04025 2.13311 2.04739 1.82092 1.81703 1.76707 1.72714 129*0 72.0806 0 72.0805 72.0813 72.0873 72.1185 72.1433 72.155
  72.1802 72.2021 72.2081 72.2141 72.2549 72.2921 72.1147 72.0866 72.3629 72.5037 72.5527 72.6019 72.6556 72.87 73.0924 73.3117
  73.3613 73.4459 73.0457 72.8821 72.9313 72.9098 72.917 72.9196 72.968 73.1063 73.3692 73.4262 73.6835 74.2378 74.0019 74.2233
  74.803 74.5478 74.8881 74.9525 75.0313 74.1342 74.3601 74.4754 74.5814 74.6434 75.1175 76.5064 76.7046 77.2476 77.5139 78.089
  74.2875 74.3028 74.2029 74.281 73.8132 74.4268 74.9956 74.9769 74.9287 74.921 72.0194 75.9871 74.9522 74.8144 74.8261 74.7761
  74.5874 75.2881 75.572 75.4691 75.4789 74.4446 2*72.0194 72.3982 72.9386 72.605 72.7761 73.3221 73.6802 73.6576 73.6027 73.5567
  73.4298 73.3098 13*0 4.87014 4.80268 4.2735 3.91313 3.95859 4.01597 4.09581 4.15861 4.24114 4.4084 4.54956 4.71306 4.86417 4.87913
  4.95811 5.14516 5.20803 5.38559 5.38131 5.36065 5.69826 5.71556 5.85629 6.00127 6.4555 6.58858 6.59444 6.61665 6.62438 6.68872
  6.70674 6.05838 5.92329 5.76014 5.6021 5.84037 5.79321 5.64032 5.37553 5.46895 5.55385 5.41051 5.02269 5.32681 0 5.52767 6.06671
  6.36115 5.56698 4.90473 4.76917 4.844 4.68855 4.51447 4.47538 4.36691 4.27912 4.19322 3.9336 3.88427 3.6925 3.59878 3.49889
  3.35718 3.18973 3.01344 2.88133 2.77673 2.85891 2.73244 2.66203 2.53338 2.53163 2.51566 2.48589 2.45462 2.38609 2.34089 2.02839
  2.09598 2.0834 2.0731 1.89371 1.82404 131*0 72.0783 72.0798 72.0812 72.0846 72.1091 72.1346 72.1506 72.165 72.1959 72.2063 72.21
  72.2345 72.2811 72.3021 72.254 72.0965 72.3696 72.5317 72.6364 72.826 73.08 73.2169 73.279 73.3465 73.4117 73.4819 72.9789 72.9077
  72.9915 72.9054 72.9274 72.9617 73.0164 73.2952 73.4446 73.7807 74.2299 74.328 74.4073 74.2905 74.3603 74.3125 74.48 74.6103
  74.5953 74.6215 74.7273 75.0126 74.9084 75.1759 74.3284 78.5995 77.9162 79.4771 80.739 80.8399 79.1215 75.1926 75.1522 74.5761
  74.6231 75.1632 75.0807 4*0 75.2768 75.1399 75.0461 73.8771 75.0093 74.7017 74.8407 74.1577 73.9256 74.0198 73.6386 73.5533
  73.6554 73.8298 73.5352 73.068 73.0073 73.0489 73.8143 73.7067 73.6082 73.5079 73.4232 60.4844 12*0 4.70015 4.67372 4.50425
  4.21487 4.20317 4.15056 3.98093 4.06492 4.12805 4.21452 4.34448 4.44508 4.65329 4.74501 4.79347 4.88704 5.12487 5.19894 5.29309
  5.40246 5.49525 5.70904 5.67529 5.91409 6.12507 6.28729 6.2584 6.3117 6.43498 6.47283 6.5677 6.3366 5.79327 5.73726 5.60079
  5.58178 5.76102 5.69455 5.68019 5.56731 5.58103 5.48157 5.55508 5.14183 5.02636 5.4361 5.38632 6.13958 5.45847 5.21363 4.81748
  4.76161 4.59824 4.41319 4.30823 4.341 4.29092 4.1964 4.11629 3.80286 3.68131 3.55509 3.49056 3.36772 3.25097 3.13301 3.0119
  2.84671 2.84324 2.78359 2.73579 2.65795 2.62809 2.6437 2.46853 2.47015 2.4433 2.31657 2.10935 2.05396 2.06834 2.0904 2.02391 2*0
  130*0 72.0767 72.0785 72.0805 72.0813 72.0928 72.1244 72.1439 72.1556 72.1829 72.203 72.2086 72.2176 72.2633 72.2956 72.318
  72.3311 72.2668 72.8587 73.1251 73.225 73.3148 73.2564 73.3106 73.3873 73.2608 72.9636 72.8172 72.8424 72.9431 72.9943 72.9281
  72.9624 73.0171 73.1917 73.5152 73.8927 74.2524 74.2162 74.0117 74.1685 74.5499 74.6418 75.0975 74.9103 74.6691 74.6705 75.1176
  75.3751 75.4653 75.049 2*0 80.9079 80.9946 81.0118 81.0238 76.9971 76.6105 77.712 73.7845 72.0194 7*0 73.4942 2*72.0194 73.3018
  74.9491 74.6697 74.2001 73.6679 73.7031 73.617 73.5918 73.5583 73.4786 73.5463 73.4482 72.5646 72.8041 72.9552 72.9563 73.8988
  73.5136 70.6645 25.4857 5.09855 4.21682 11*0 4.11813 4.26157 4.07134 4.04866 4.02684 3.99993 3.9547 4.01073 4.1151 4.17477 4.25454
  4.4408 4.5909 4.63681 4.69958 4.84147 4.97346 5.10546 5.29263 5.51572 5.47084 5.6253 5.64435 5.99239 6.24813 6.09388 6.18186
  6.31901 6.44924 6.44646 6.15372 6.13467 5.9919 6.03576 6.24665 6.10155 6.07961 6.17575 6.04417 5.76499 5.96586 6.457 5.30306
  5.06193 4.97776 4.8957 5.33175 5.26152 4.90125 4.53212 4.54419 4.37614 4.244 4.15428 4.07115 4.15293 4.17575 4.05229 3.79603
  3.72637 3.61367 3.50623 3.37531 3.25194 3.12124 3.04703 2.95404 2.83289 2.80661 2.76009 2.77326 2.66504 2.54118 2.53344 2.39542
  2.42645 2.41187 2.11492 1.96469 1.94817 1.97984 133*0 72.0756 72.0774 72.0794 72.0811 72.0838 72.1077 72.1342 72.1505 72.1656
  72.1967 72.2067 72.2102 72.24 72.2858 72.3057 72.3287 72.3365 72.7319 73.0927 73.1951 73.2988 73.3546 73.3781 73.4501 73.1029
  72.7325 72.719 72.8161 72.9359 72.9538 72.9408 73.0716 73.3176 73.4041 73.4266 73.7724 73.9089 74.0071 74.0751 74.218 74.6018
  74.6763 74.6639 75.4155 75.0099 74.2113 74.7363 75.7195 75.5561 75.7474 4*0 81.0446 81.2125 81.2869 79.1204 78.2558 11*0 72.0194
  72.3771 75.118 74.6028 74.4302 73.645 73.7598 73.722 73.7489 73.4431 73.3166 73.4115 73.3416 72.5001 72.5811 72.7073 72.7665
  72.8238 74.0855 50.9817 7.15407 4.90082 5.13805 4.2628 5*0 3.6751 3.67308 3.66963 3.66744 3.66479 3.71265 3.75386 3.89484 4.13917
  3.78839 3.84433 3.88766 3.94017 3.99002 4.07644 4.10478 4.2209 4.3421 4.42497 4.56565 4.63312 4.74092 4.87406 5.02546 5.28954
  5.43288 5.51903 5.64565 5.81357 5.87667 6.00052 6.05451 6.27496 6.33192 6.38122 6.38673 6.12524 6.12561 6.11129 6.32921 6.18828
  5.97349 5.75982 5.61994 5.54513 5.56649 5.44518 5.15732 5.05861 5.04541 5.31102 5.46078 5.34293 4.89975 4.48536 4.38994 4.3825
  4.24769 4.15071 4.07974 4.01387 3.94317 3.83714 3.76101 3.66265 3.59567 3.44456 3.39026 3.2731 3.1592 3.05725 2.93633 2.83486
  2.81168 2.72635 2.71371 2.64867 2.51607 2.4212 2.45486 2.20064 2.1874 2.20296 2.19539 136*0 72.0762 72.0782 72.0803 72.0813 72.095
  72.1275 72.143 72.1551 72.1823 72.203 72.2086 72.2189 72.2662 72.2969 72.3213 72.3319 72.7212 73.0782 73.1626 73.2604 73.3511
  73.3772 73.4264 73.3666 72.9571 72.7258 72.6907 72.7624 72.9329 73.0968 73.2611 73.334 73.4116 73.2825 73.5618 73.7927 73.9956
  74.0679 74.3935 74.3203 74.3708 75.01 75.7425 75.79 75.8841 74.9782 75.0768 76.2414 76.3215 8*0 81.5946 13*0 75.8417 74.7739
  74.6503 74.1901 73.7581 73.8292 73.7995 73.8836 73.7214 73.5383 73.6145 72.8449 72.3256 72.2583 3*72.0194 0 4.92664 4.95187 4.6212
  4.86328 3*0 4.62296 3.67713 3.67461 3.67013 3.6667 3.6632 3.66009 3.76675 3.7853 3.7556 3.77462 3.70735 3.74379 3.80187 3.84872
  3.89554 3.97075 4.03321 4.14093 4.20153 4.28559 4.36827 4.44963 4.52647 4.66897 4.80658 4.97038 5.19224 5.35824 5.5343 5.63541
  5.74126 5.79286 5.8603 5.97979 6.15051 6.23968 6.25567 6.24746 6.05338 6.06679 6.05689 6.12717 6.14963 5.94885 5.80879 5.38847
  5.42616 5.6833 5.22623 4.99716 4.91578 5.46815 5.48193 5.41181 5.22912 4.67906 4.36308 4.21345 4.22816 4.16481 4.11503 4.03343
  3.9607 3.88534 3.79528 3.6589 3.55593 3.47125 3.33846 3.25119 3.23173 3.01438 2.93701 2.82153 2.75503 2.63539 2.7376 2.78259
  2.59209 2.37873 2.33838 2.33994 2.24277 140*0 72.0797 72.0809 72.0822 72.1134 72.1376 72.1493 72.1637 72.1954 72.2064 72.2102
  72.24 72.2862 72.3068 72.3295 72.3377 73.0753 73.1217 73.2246 73.3271 73.3702 73.3997 73.3533 73.0797 73.0351 72.8465 72.748
  72.9531 73.2284 73.2589 73.6366 73.7157 73.6836 73.4451 73.7998 74.1845 74.4228 74.3897 74.6352 75.0846 75.3806 75.7978 75.8888
  75.9965 76.0805 76.1899 76.2933 76.3945 76.445 0 81.5989 81.6264 18*0 77.1432 77.0081 75.4337 75.0129 74.2102 74.0988 73.9414
  73.9402 74.1522 74.0111 73.5196 72.9244 72.2534 72.0777 3*72.0194 10.7236 3.70281 4.31302 5.16654 4.39265 5*0 3.67189 3.66837
  3.66437 3.66073 3.68919 3.77115 3.8874 4.07349 3.85636 3.72177 3.7457 3.71039 3.75512 3.80543 3.87464 3.94661 4.0774 4.13994
  4.16752 4.20707 4.25622 4.32401 4.43597 4.60248 4.74695 4.89961 5.1115 5.34302 5.48441 5.56504 5.65783 5.73012 5.79167 5.83044
  5.8623 5.87123 5.89395 5.90786 5.94936 6.00289 5.96426 5.89743 6.1083 6.04574 5.77888 5.66646 5.73331 5.75163 5.44643 4.86847
  4.99084 5.46932 5.39586 5.30881 5.19293 4.8382 4.41716 4.36624 4.41463 4.23831 4.14352 4.01202 3.88997 3.79591 3.59703 3.50832
  3.46822 3.32929 3.23689 3.18481 3.21164 2.90544 2.90476 2.88973 2.79021 2.68567 2.75346 2.55067 2.50376 2.39948 143*0 72.0798
  72.0813 72.0896 72.1283 72.1447 72.1539 72.1778 72.2021 72.2084 72.2172 72.2642 72.2967 72.3214 72.3321 72.3465 72.6751 72.9048
  73.1786 73.2449 73.0896 73.0457 73.0936 73.1707 73.1031 73.0453 73.0969 73.2309 73.2612 73.687 73.8772 73.7512 73.9309 73.7721
  73.8521 73.9352 74.2679 74.8352 75.1372 75.4306 75.8372 75.9436 76.0793 76.1589 76.2356 76.3324 76.477 76.3815 0 81.6669 81.7263 0
  16*0 81.7516 74.5171 78.1917 78.1008 77.4189 76.1049 74.506 74.1461 74.3362 73.7274 73.66 72.7094 72.4072 72.2651 72.3207 72.317
  72.0194 56.1431 2*0 5.08326 6.65814 7.32798 3.68497 6*0 3.66283 3.65842 3.97034 4.01855 4.09844 4.13227 4.04258 4.03153 3.72495
  3.741 3.76076 3.75292 3.77912 3.82229 3.88535 4.01705 4.10081 4.12161 4.14935 4.19903 4.2625 4.39236 4.56646 4.74798 4.93459
  5.11192 5.26002 5.39288 5.50132 5.55779 5.63771 5.70216 5.6655 5.67717 5.68093 5.72224 5.82469 5.83069 5.83387 5.78721 5.77762
  5.94175 5.79973 5.67827 5.79549 5.77426 5.64119 5.07016 4.74305 5.27371 5.34646 5.14507 5.06079 5.30508 5.14015 4.65767 4.55441
  4.41455 4.2689 4.26399 4.01247 3.78864 3.68328 3.43605 3.33856 3.38017 3.25295 3.1469 3.17123 3.09355 2.68074 2.89522 2.8204
  2.64761 2.63362 2.55415 146*0 72.0807 72.0814 72.1038 72.1342 72.1468 72.1596 72.1912 72.2055 72.2098 72.2344 72.2835 72.3053
  72.3291 72.3374 72.3532 72.1664 72.1305 72.6641 73.0052 73.1972 72.0194 73.6019 73.2174 73.2523 73.1808 73.232 73.315 73.6136
  73.9701 74.061 74.1376 74.2364 74.2513 73.932 74.2527 74.1389 74.8147 74.993 75.3437 75.6733 76.1492 76.239 76.3397 76.4194
  76.4912 76.5289 76.6745 78.4809 81.817 81.8186 16*0 81.8845 81.8246 0 74.531 75.9964 77.997 75.2968 74.6846 74.7192 74.1275
  72.8627 72.6614 72.3084 72.2776 72.2649 72.4704 66.5437 22.5047 8.58443 9.72626 0 9.03488 8.78312 7.11277 5.69988 3*0 3.66132
  3.65929 3.65766 3.95067 4.20924 4.2588 4.21905 4.20146 4.15363 4.04273 4.0044 3.86855 3.73424 3.74634 3.71943 3.75547 3.79877
  3.85193 3.91449 4.03029 4.11418 4.0984 4.15973 4.25073 4.38566 4.53465 4.72752 4.89156 4.97034 5.16422 5.29666 5.40394 5.48749
  5.55077 5.63425 5.63598 5.66144 5.71591 5.75348 5.75182 5.76167 5.71999 5.66467 5.82157 5.86844 5.75575 5.75303 5.76092 5.64205
  5.2774 4.7062 5.19342 5.28267 5.09059 4.81278 4.85457 5.14557 4.69323 4.45023 4.43939 4.25219 4.18498 4.12594 3.86564 3.70056
  3.58722 3.54572 3.47909 3.32905 3.239 3.15017 2.90679 2.78179 2.73618 2.83364 2.77797 150*0 72.084 72.1199 72.1406 72.1516 72.17
  72.2 72.2077 72.2131 72.2567 72.2945 72.3182 72.3316 72.1871 72.1212 72.0898 72.1151 72.9344 73.0895 73.4683 73.5465 73.6346
  73.262 73.329 73.4239 73.5169 73.557 73.8557 74.0541 74.1567 74.3146 74.1803 74.2566 74.3074 74.3972 74.4842 74.9588 75.0671
  75.2048 74.709 75.346 76.3817 76.5463 76.607 76.6356 76.8047 76.9903 77.0963 21*0 74.5611 73.8458 76.9198 76.0364 76.076 76.0466
  75.718 72.8263 72.4669 72.3545 72.2975 72.2529 72.0194 13.9816 7.47156 10.2647 10.0751 2*0 5.86669 5.7433 5.70663 2*0 3.66118
  3.65873 3.65443 3.65253 4.46173 4.32906 4.27624 4.2409 4.11729 4.11674 4.02934 3.98688 3.69456 3.71359 3.69635 3.68839 3.74352
  3.79435 3.84778 3.90615 3.9503 4.05661 4.1 4.13846 4.22034 4.3159 4.46195 4.61853 4.81813 4.95725 5.07804 5.19467 5.30824 5.37604
  5.44975 5.51618 5.58138 5.63521 5.51391 5.687 5.71588 5.69696 5.62717 5.75178 5.89702 5.7598 5.67661 5.88856 6.05275 5.84619
  4.82246 5.07935 5.25328 5.15742 4.8869 4.97719 4.86903 3.98744 4.29406 4.42073 4.10359 3.88951 3.66177 3.87258 3.68958 3.58944
  3.56232 3.45928 3.38904 3.27332 3.21038 2.88843 3.04728 154*0 72.0951 72.0793 72.0657 72.0808 72.1837 72.2038 72.209 72.2247
  72.2764 72.3014 72.3274 72.2147 72.1639 72.1628 72.1673 72.6275 73.0522 73.4222 73.381 73.452 73.521 73.2865 73.3707 73.4844
  73.5235 73.5731 74.1307 74.1128 74.3842 74.4461 74.2585 73.9925 74.1418 74.1648 74.3529 75.373 74.9271 75.5626 76.2198 75.1837
  76.0061 76.6291 76.2625 76.413 77.0328 77.1366 77.2136 77.4301 19*0 73.8341 73.5138 74.9862 76.5701 78.1784 78.1342 77.9693
  74.7163 72.2763 72.3657 72.3734 72.2506 72.0194 39.8013 6.32642 9.23293 10.4763 3*0 5.92331 5.81321 3*0 3.65904 3.65545 3.65086
  4.36447 4.63989 4.40259 4.22343 3.97756 3.76537 3.75028 3.70205 3.68842 3.70142 3.66389 3.66804 3.68029 3.71625 3.7673 3.81926
  3.87563 3.93403 4.02907 4.02769 4.08804 4.16692 4.25869 4.3791 4.52634 4.70825 4.86943 4.92359 5.04423 5.1647 5.25782 5.36396
  5.41774 5.47466 5.54004 5.4548 5.67602 5.66574 5.64087 5.7031 5.78608 5.73597 5.7179 5.85504 6.0265 5.94364 5.45771 5.00993
  5.53365 5.6084 5.29712 5.18002 5.20972 5.12098 3.89884 3.85535 3.75051 3.78623 3.6352 3.85346 3.69232 3.66928 3.51736 3.47213
  3.48548 160*0 72.0487 72.0572 72.0687 72.1288 72.2064 72.2102 72.2437 72.289 72.3114 72.3303 72.2617 72.1628 72.1632 72.3817
  72.9879 73.3935 73.2183 73.1155 73.161 73.5507 73.5263 73.7088 73.7669 73.751 73.909 74.1802 74.2686 74.3794 74.3382 74.4266
  74.421 74.7624 75.0133 74.6226 74.5556 74.6857 75.9447 75.8854 75.6487 75.2722 75.2027 75.3029 75.4569 76.1795 76.9139 76.9748
  77.5423 78.4355 16*0 74.1653 73.8795 73.6717 74.2809 75.0496 77.2438 78.3831 78.1955 74.5263 72.7349 72.5361 72.2718 72.0194
  56.0845 27.9462 2*0 10.8498 11*0 4.77938 4.67763 4.65083 4.56764 4.14747 4.13749 3.88738 3.87602 3.80778 3.72776 3.74476 3.63119
  3.65625 3.67238 3.69102 3.74092 3.7917 3.86629 4.00573 4.03077 4.06836 4.03863 4.11716 4.20038 4.29641 4.45344 4.52556 4.68488
  4.84025 4.95961 5.08012 5.18709 5.27539 5.36656 5.44773 5.5554 5.61684 5.62652 5.63773 5.72011 5.76678 5.6752 5.6896 5.65838
  5.80335 5.92563 5.89409 5.0524 0 4.64283 4.57715 4.8576 4.89911 5.11202 4*0 3.78225 3.69886 3.55319 165*0 72.0449 72.0463 72.0525
  72.0719 72.1211 72.2151 72.2624 72.2967 72.3222 72.3329 72.3489 72.2704 72.1665 72.8344 73.1513 72.9952 73.0697 73.1388 73.3761
  73.7343 73.9866 74.4529 74.5261 74.6186 74.6082 74.4659 74.4399 74.0972 73.9972 74.1575 74.3686 74.3732 74.7146 75.0663 75.3036
  75.3195 75.8771 76.1822 76.2398 76.2014 75.8249 75.472 75.4815 75.3788 76.0261 76.5424 77.6328 78.0086 79.7157 5*0 2*72.0194
  72.0194 7*0 73.749 73.7138 73.7088 74.344 74.5024 73.7851 74.6056 74.5627 74.3448 75.3296 73.7405 64.8205 34.743 3.7118 14*0
  4.94249 4.84045 4.70209 4.64627 4.56449 4.21385 3.96909 3.89789 3.98143 4.15529 3.80471 3.79543 3.67818 3.64374 3.65872 3.6687
  3.71109 3.77609 4.0095 4.02035 4.01674 4.05256 4.0438 4.06543 4.14798 4.19511 4.29826 4.44223 4.57418 4.73715 4.86339 4.99436
  5.16946 5.3249 5.44663 5.46799 5.49648 5.54688 5.63226 5.71927 5.73533 5.69987 5.60491 5.61514 5.64675 5.5631 5.86125 5.848 11*0
  168*0 72.0466 72.0476 72.0529 72.0579 72.0807 72.1307 72.2785 72.303 72.3285 72.3372 72.9061 72.9748 73.2358 73.2391 73.0055
  73.013 73.0888 73.4911 73.6806 73.7731 74.3266 74.488 74.5659 74.7377 74.8155 74.9807 74.2996 74.3959 74.4834 74.8767 74.7038
  74.6706 74.9232 74.6789 75.5457 76.5123 75.9839 76.1065 75.8177 73.9903 75.6397 75.428 74.3154 74.727 76.0691 74.2729 75.4154
  78.0382 78.1736 78.646 78.3422 78.8981 2*0 72.0194 9*0 73.7566 73.7704 73.7141 74.8226 74.7958 74.7644 74.59 74.978 75.1447
  66.2481 35.3673 6.41461 5.62393 15*0 5.0053 4.88914 4.73834 3.994 4.05338 3.98688 3.93068 3.90695 3.88353 3.90825 3.80902 3.79618
  3.69565 3.63128 3.65063 3.65966 3.69127 3.8136 4.10592 3.99268 4.00265 4.01701 4.00944 4.01866 4.05736 4.14217 4.23584 4.34161
  4.47262 4.60556 4.77202 4.91392 5.12574 5.24938 5.35564 5.42431 5.4463 5.46236 5.55138 5.59066 5.64027 5.5934 5.39737 5.39489
  5.34475 5.36347 5.55968 2*0 5.44682 178*0 72.3089 72.3247 72.4342 72.4577 72.4316 72.4327 72.3115 72.3305 72.734 72.9887 73.1814
  73.2955 73.0626 73.0143 73.0698 73.312 73.4184 73.2805 73.4204 74.1514 74.525 74.6101 74.7917 74.9002 74.5996 73.844 74.3204
  74.411 75.6133 74.8706 75.0035 75.056 75.0182 74.861 75.8958 75.3618 74.6141 75.4303 72.8805 75.088 75.1017 75.2675 74.5653
  74.8978 75.93 76.1462 76.2304 77.1625 77.3794 76.8452 78.9033 11*0 73.8622 73.8132 74.5559 74.6907 74.8479 74.8922 74.7061 75.385
  56.7016 28.1753 6.29472 6.08616 5.99592 7.16146 17*0 3.63083 3.62861 4.62066 4.51966 3.953 4.01133 3.96884 3.87232 3.86109 3.82166
  4.01097 3.60388 3.63544 3.65593 3.67051 3.72685 3.949 3.90931 3.96731 3.9215 3.95341 3.99116 4.02049 4.09524 4.17891 4.24499
  4.37093 4.4955 4.65235 4.90136 5.06385 5.17991 5.26269 5.33862 5.39925 5.40293 5.43472 5.46208 5.37066 5.21565 5.0921 5.04534
  4.96299 5.04093 0 4.21544 5.42712 5.4033 5.3669 177*0 72.3995 72.4435 72.4905 72.5357 72.594 72.6471 72.3208 72.2422 72.6524 73.01
  73.2177 73.1106 72.9898 72.9628 72.9437 73.2338 73.2664 73.326 73.4371 73.9751 74.5486 74.6772 74.7928 74.9919 74.6918 74.6004
  74.2413 74.8198 74.8685 75.3974 74.8377 74.9547 75.3577 76.6692 75.0083 74.9405 74.9437 74.195 72.0194 74.8929 74.8923 74.9327
  75.3005 74.7059 75.9986 76.3696 76.4606 76.5764 76.3972 79.0173 80.884 8*0 73.9875 73.9654 73.6964 74.3799 74.9575 75.0561 74.9245
  74.88 67.3575 42.9028 12.3857 6.69833 6.25842 6.48205 6.21908 6.26767 7.63783 7.77745 9.30344 14*0 3.62821 3.62722 4.02997 4.63379
  4.55286 4.02102 4.05231 4.24553 4.19655 4.12191 2*0 3.60015 3.61087 3.6481 3.65397 3.69949 3.75267 3.80149 3.83051 3.89044 3.92718
  3.96274 4.00848 4.04096 4.12484 4.19317 4.27381 4.41047 4.54001 4.74016 4.89336 5.02287 5.19696 5.24462 5.22698 5.10294 5.11093
  5.11336 5.10746 5.09472 5.0685 4.59612 5.62482 5.38993 4.27594 4.17866 5.67742 180*0 72.4561 72.4911 72.5399 72.6227 72.6756
  72.3267 72.6543 73.0839 73.1461 73.2625 73.3551 72.927 72.8621 72.9426 73.2489 73.2681 73.3297 73.7588 74.5283 74.5944 74.7495
  74.8447 75.034 74.4767 74.2332 74.274 74.565 74.6348 74.5889 74.8364 74.9145 74.9252 74.9666 74.5277 74.8195 74.71 75.1347 74.4134
  74.8918 74.0316 74.2825 74.5636 75.2692 76.0144 76.5438 76.6624 76.68 77.6861 81.0161 5*0 74.4804 74.1955 74.1329 74.1115 76.5132
  77.8119 66.6345 50.6132 69.1721 40.8449 30.5928 6.63087 6.37268 8.9353 7.57725 6.67251 6.54333 6.50932 6.43908 7.42387 7.65092
  7.52545 7.41557 7.52848 7.17829 9*0 5.18707 4.51539 4.60031 5.12511 4.8742 4.21227 4.25389 4.5807 4.46061 4.34788 4*0 3.59867
  3.59785 3.59926 3.63418 3.65201 3.67482 3.70154 3.75248 3.80266 3.86468 3.9129 3.94168 3.98953 4.01924 4.06151 4.14314 4.21018
  4.30707 4.40967 4.61486 4.73401 4.89061 5.00416 5.03498 5.05714 5.06223 5.05547 5.06118 5.09358 2*0 4.93307 5.78336 184*0 72.4781
  72.5053 72.5488 72.7307 72.8507 72.8466 72.999 73.163 73.3114 73.2834 73.3799 73.2763 72.8624 72.9915 73.2492 73.4836 73.8168
  74.4803 74.5478 74.6492 74.8082 74.9316 75.0538 74.1517 73.8164 74.1469 73.9253 73.9552 74.31 74.8159 75.4431 75.3414 74.645
  74.7061 74.8181 74.6329 74.5333 74.6177 74.6237 74.2611 74.3683 74.6656 75.5384 76.5137 76.6893 76.8439 77.0948 80.2046 81.0328 0
  2*72.0194 0 75.5472 60.4516 32.4738 31.9875 35.4482 12.6858 9.51411 9.59509 9.77896 8.4501 6.85904 6.79235 6.05619 8.86456 9.17066
  8.88381 7.9829 7.34951 7.69489 8.16533 8.05593 7.85992 7.79781 8.0566 7.20272 7.14864 7.3363 5*0 6.03782 5.98964 5.02287 4.77584
  4.84879 4.82105 5.15097 4.313 4.51968 4.65268 4.60284 5*0 3.59878 3.59792 3.59672 3.59685 3.69399 3.64237 3.65232 3.67715 3.72869
  3.77933 3.83693 3.89474 3.93037 3.9571 3.99715 4.02546 4.08788 4.18438 4.25718 4.36479 4.49629 4.61633 4.7254 4.85796 4.93649
  4.981 5.00005 5.01241 190*0 72.5167 72.529 72.6109 72.8868 72.9334 73.0044 73.2643 73.4307 73.5462 73.5774 73.4 73.4287 73.2821
  73.3874 73.6889 73.7612 74.054 74.5381 74.5732 74.7312 74.8346 74.9839 74.8674 73.7541 73.376 73.5367 73.6455 73.8049 74.0439
  74.4964 74.9123 75.053 71.2488 59.2603 45.1175 39.1023 30.0011 16.4063 14.0098 24.4862 34.7718 43.5216 31.2134 42.4096 42.394
  32.8995 25.3051 17.7616 7.76288 7.27112 6.34843 8.68994 7.41451 7.14408 7.48137 7.47749 7.86478 9.03393 10.248 10.2351 9.53176
  9.19025 7.87586 6.86683 6.32335 6.86383 9.93435 9.22119 8.98501 8.78393 8.56949 8.45625 8.30613 8.10789 8.07485 8.5926 8.43822
  8.22702 7.12678 6.87381 5.90089 5.34582 2*0 6.13317 6.05786 5.61399 4.82137 5.55221 4.9298 4.77237 4.43622 4.46144 4.80906 4.67301
  6*0 3.59888 3.59782 3.5967 3.59612 3.59666 3.62405 3.65178 3.66092 3.70741 3.75528 3.80649 3.86905 3.91494 3.94157 3.97107 4.01504
  4.04329 4.12464 4.20991 4.27764 4.36849 4.52899 4.78528 4.75953 4.80369 4.85047 4.8813 4.87216 191*0 72.7575 72.8286 72.9016
  72.9502 73.1317 73.3698 73.4405 73.5771 73.726 73.6698 73.46 73.5766 73.6768 73.7011 73.8776 74.4058 74.5481 74.6003 74.7635
  74.5903 74.098 73.7675 73.1953 73.3848 73.4434 73.51 71.7794 54.8169 39.1743 24.7706 7.72694 6.58875 6.27756 6.08403 6.39137
  6.24327 6.05948 5.86989 5.84831 6.29069 6.75776 7.69405 8.56973 8.52522 7.87359 8.52508 8.64677 7.99093 9.54563 8.28373 8.27859
  8.36397 8.10825 8.50152 8.83272 8.96702 8.91811 9.00836 8.86774 8.44454 8.5241 7.01725 6.92454 6.90361 9.27841 9.79383 9.56621
  9.22721 8.89363 8.65517 8.63876 8.40579 8.1493 8.54192 8.66607 8.52553 8.33385 7.60935 6.87797 6.19606 5.00252 0 4.92262 6.14039
  6.06861 5.30883 5.48113 5.78181 4.7782 4.68878 5.00978 5.53089 5.78293 5.52383 5.48494 4*0 3.60009 3.59902 3.59865 3.59778 3.5969
  2*0 3.65271 3.65745 3.68438 3.73258 3.78564 3.8441 3.88932 3.92842 3.94976 3.9822 4.05663 4.08499 4.1181 4.21015 4.29262 4.42908
  4.59761 4.76005 4.65751 4.72829 193*0 72.7732 72.8782 72.9162 72.958 73.3167 73.2319 73.0523 73.6138 73.7463 73.7961 73.7673
  73.7708 73.678 73.6896 0 74.5147 74.5484 74.628 74.8098 73.2983 72.8404 73.2757 73.0626 73.4008 73.4708 31.0219 6.36212 5.48094
  5.87802 6.02922 6.06685 5.96758 5.87215 5.90337 6.02962 6.13575 6.44362 7.1344 6.60712 6.76818 7.00749 8.14896 8.57651 8.71468
  7.85212 8.08237 8.27724 8.29367 8.44265 8.31169 8.53441 7.65631 7.6109 8.68974 8.87055 9.62358 9.45263 8.88832 8.68602 7.55938
  8.55796 9.4521 10.1179 9.26915 8.91596 9.8679 9.78007 9.54142 9.15954 8.77566 8.67305 8.53455 8.22455 8.59188 8.776 8.56204
  8.42783 7.54668 7.02057 6.28043 4.68335 3.62315 4.17083 4.87783 5.6317 5.27669 5.15284 5.05665 4.88679 5.1929 5.43861 5.51185
  5.37143 5.23205 4.87787 4.59411 6*0 3.59843 3.59807 2*0 3.61887 3.65219 3.669 3.70742 3.75919 3.81244 3.87299 3.91077 3.93763
  3.95578 3.98111 4.05107 4.07152 4.1343 4.21927 4.3189 4.44773 197*0 72.8901 72.9497 73.1274 73.3294 73.1243 72.9986 73.0834
  73.7576 73.699 73.8225 73.9866 74.1112 74.3545 74.5668 74.5119 74.5607 74.6635 74.5402 72.0194 73.1812 72.9181 73.4725 55.9937
  27.513 5.25968 5.32333 5.41781 5.80763 5.84409 5.97186 5.97876 5.79259 5.89462 6.28857 6.59389 6.74457 7.50633 7.65215 7.05243
  7.22828 8.58148 8.67544 8.84701 8.50249 8.45804 8.339 8.44536 8.41568 8.2397 7.12328 6.89119 7.30176 7.7811 9.26903 9.60833
  9.48376 7.58322 7.37547 7.20122 10.635 10.163 10.4267 10.1751 9.95906 9.89501 8.50958 8.14441 9.27542 9.03312 8.87577 8.70519
  8.46298 8.95483 8.38025 8.62303 8.46113 7.31134 5.99729 4.31985 4.08021 3.79265 4.44398 5.02354 5.13431 5.29915 5.11368 5.11672
  4.90409 5.16526 5.27023 5.49148 5.45068 5.25483 4.88817 4.25793 10*0 3.60583 3.63945 3.66334 3.68377 3.7313 3.7604 3.82022 3.88455
  3.91725 3.94665 3.95906 3.99231 4.03735 4.06038 200*0 23.6584 57.2065 73.2873 73.3394 72.9499 72.9549 73.2819 3*0 73.9597 74.1155
  74.2234 74.3113 74.5296 74.5674 73.4082 2*72.0194 72.8522 58.518 23.4606 5.31675 5.22989 5.23955 5.25148 5.40608 5.86564 5.62247
  5.94509 6.29986 6.57589 7.13435 7.10623 7.41854 7.85856 8.09274 8.48486 8.9765 8.4476 8.81196 9.499 9.90602 10.0825 10.1049
  8.57716 8.66504 8.50692 6.8627 7.72381 8.17411 9.04262 11.3316 11.1808 9.5465 8.58716 7.53945 0 5.68664 11.3782 10.857 10.6941
  10.5396 9.10445 9.06027 9.11251 8.92052 8.08597 9.11762 8.95657 8.75001 8.96951 8.64646 8.81757 8.24587 8.36999 6.34803 5.98246
  5.9148 5.82125 4.8156 4.83739 4.89464 5.0969 5.12817 5.09073 4.87738 5.26738 5.39207 5.27616 5.32427 5.23691 5.08098 4.69214
  4.03101 3.84614 7*0 3.60364 3.6045 3.60689 3.62168 3.66133 3.66594 3.68368 3.74063 3.78738 3.83416 3.89538 3.92936 3.9504 3.96699
  202*0 4.84123 4.89069 22.4662 52.9868 72.9251 73.1725 72.8694 4*0 74.0067 74.1806 74.3072 74.5226 2*0 70.9171 43.2593 8.76106
  4.26044 5.26933 5.58392 5.34769 5.20777 5.37235 5.5765 6.22475 6.55429 6.75148 7.13577 7.2362 8.15958 7.43195 8.02024 8.49557
  8.7031 8.92638 9.0143 9.17066 9.17569 9.8123 9.88677 10.3381 10.4692 10.1471 10.7863 11.8161 12.0051 11.8846 10.5534 11.1983
  11.1369 11.2032 9.6633 10.4026 10.2903 0 8.97203 10.1189 10.0216 9.23593 9.23809 9.01386 8.42157 8.32582 9.27187 9.68884 8.03085
  6.10698 8.76549 9.31803 9.3833 8.16615 7.61284 7.81722 6.12193 5.98452 5.80279 5.70266 5.64105 5.20961 5.19223 5.20918 5.58588
  5.89165 4.92938 5.18098 5.49718 5.19023 5.00569 4.86395 4.94667 4.69392 4.18275 3.8043 6*0 3.60569 3.60582 3.60678 3.60851 3.61438
  3.631 3.66186 3.67246 3.71383 3.7576 3.80148 3.84327 206*0 4.5784 4.68738 6.51165 18.8487 64.4502 10*0 49.0918 7.02973 3.70907
  3.70492 3.70204 4.16712 5.57764 5.58242 5.36546 5.8878 6.31586 6.48721 6.32208 6.25196 6.6513 7.3092 6.9643 7.05312 7.18047
  8.52477 8.36497 8.55039 8.99282 9.06943 9.1932 9.67514 10.1279 9.82833 9.95015 9.83299 8.65608 9.96136 12.3955 11.8502 10.8623
  10.4562 9.88386 9.59862 9.49866 9.09018 9.7629 10.5341 9.79294 9.92537 9.71339 9.58298 9.4813 8.53837 8.39447 8.72111 9.16263
  10.163 8.67112 5.40957 8.83127 8.74429 9.0743 7.36523 7.14649 7.16383 6.50073 5.99868 5.87456 5.7116 5.17569 5.58248 5.34322
  5.33857 5.57832 5.62306 5.33016 5.57836 5.02142 4.91895 4.8069 4.8712 4.95738 4.79463 4.47078 3.81133 6*0 3.60805 3.60909 3.60948
  3.6105 3.61136 3.61551 3.64336 3.67165 3.68502 3.73335 208*0 4.88099 4.99006 5.06186 5.16198 14*0 3.69984 3.69589 4.73315 6.13281
  5.93396 6.17408 6.39962 5.78561 6.31616 6.31086 6.32078 6.74236 7.33144 7.22575 8.01681 8.18217 8.6087 8.81295 8.89268 9.0629
  8.67674 9.35063 8.79441 9.05277 9.21719 7.69701 9.10622 9.67705 9.57389 9.53159 9.96726 10.5482 10.8747 10.3055 9.76027 9.35085
  9.05882 9.17544 10.1121 10.1648 10.0058 9.80076 9.37429 8.64604 8.60669 8.52042 8.96279 9.14277 9.57588 8.13376 6.02175 7.88133
  8.38185 6.5973 6.45995 6.88492 6.60498 6.65802 6.80953 6.49819 5.73541 5.13505 5.84007 5.44144 5.40829 5.71944 5.94545 5.59046
  5.55348 4.71877 4.53705 4.66681 4.89183 4.97707 4.99783 4.56995 4.60989 5*0 3.61084 3.61179 3.61224 3.61337 3.61335 3.6135 3.61466
  3.62846 3.66615 211*0 5.09608 5.06222 5.11472 14*0 5.64863 4.81143 6.08666 6.54119 6.05802 5.72575 5.365 5.45476 5.96591 6.02802
  5.98373 6.30233 6.62923 7.28133 8.35228 8.26182 8.62867 8.74508 8.68106 8.67319 8.81989 7.38904 6.96579 8.48867 8.08059 9.03484
  9.61793 9.45637 9.41191 9.51509 10.0974 10.3916 10.339 9.9678 9.66043 9.19879 9.32369 8.98393 9.23216 10.1661 10.0309 9.79841
  9.15129 8.68447 9.3781 9.47228 8.79452 8.19602 7.13805 7.74016 5.28392 4.34826 4.00451 5.63226 5.70744 6.56815 6.36944 6.03498
  6.2446 6.26444 5.31147 5.21466 5.85621 5.76623 5.68662 6.22322 6.56143 5.59795 5.80388 5.3773 4.98884 5.02757 5.25398 5.05029
  4.8483 4.64349 4.61165 4*0 3.61468 3.61475 3.61622 3.61685 3.61713 3.6168 3.61661 3.61577 3.61801 228*0 9.91916 6.8238 6.78074
  6.29425 6.01521 5.77551 5.55914 5.44308 5.52419 5.70215 5.91413 5.79188 5.57944 6.563 7.04015 7.87666 8.0179 8.21703 7.93558
  7.50132 4.8881 4.32821 4.35374 6.64635 7.48745 8.05931 9.38629 9.53042 9.26403 9.5579 10.0541 10.3628 10.4746 10.5884 10.5105
  10.1048 10.149 9.53645 9.1515 9.25349 9.17029 9.03869 8.96387 8.03715 7.97788 8.62501 8.80906 7.94213 7.55278 6.82528 7.27925
  5.83576 4.68041 4.17081 5.46994 5.82541 6.1755 6.09175 6.04735 6.17466 5.91252 5.30059 5.20345 5.65684 6.11938 6.63977 6.61194
  6.52874 6.3963 5.56527 5.44558 5.92687 5.20492 5.03648 4.93033 4.77105 4.66405 5*0 3.61639 3.61928 3.62128 3.62151 3.62092 3.61931
  229*0 9.36382 8.23517 6.97972 6.77825 6.05829 5.98897 5.76323 5.44703 5.41131 5.43771 5.55538 5.69333 5.79576 5.20345 5.20839
  6.59297 6.85324 7.0988 6.57806 6.43059 5.74441 4.31279 4.31622 4.33466 4.35853 6.20106 7.74988 8.93486 9.01068 8.53594 8.85521
  9.46496 9.24637 10.1475 10.5192 10.9829 10.51 10.307 9.80633 9.46763 9.37043 9.29598 9.27768 8.66303 8.3405 7.71309 7.92791
  7.60275 7.5152 7.36094 7.44046 7.34991 7.49399 6.80029 5.79487 5.49629 5.68015 6.14081 6.02254 6.25437 6.16952 5.68615 5.22009
  5.01985 5.50004 6.18714 6.39422 6.1983 6.22945 7.14804 6.88061 5.74465 5.54613 5.31908 5.0898 7*0 3.6172 3.61752 3.61984 3.6223
  3.62319 231*0 7.69917 7.01948 6.78601 6.68895 6.33221 5.93205 5.85081 5.56366 5.52589 5.43102 5.53113 5.54004 5.73892 5.69591
  5.42628 5.94396 6.34158 6.53592 6.11885 6.49965 4.88166 4.30037 4.31193 4.31505 4.33303 4.35705 7.43438 8.83044 9.06405 8.71002
  8.27486 8.61169 8.83561 9.1088 10.0349 10.332 10.1113 10.0149 9.68359 9.6853 9.418 9.25591 9.00619 8.70447 8.3836 8.1236 7.97351
  7.57121 7.52741 7.53415 7.33195 7.31988 7.28037 7.2675 6.91996 6.47086 5.82749 5.69269 5.78662 6.078 6.07425 5.77706 5.73936
  5.65618 5.76178 6.73804 6.57436 6.4376 6.59755 6.08888 5.7828 6.01558 5.64286 5.47423 5.15064 0 5.08623 4.20481 4*0 3.61957 3.6208
  3.62144 3.62173 230*0 8.14579 7.33675 7.26885 7.00823 6.55545 6.62156 6.40761 6.62498 6.29124 6.2036 5.58863 5.11017 5.353 5.58307
  5.64835 5.59347 5.61361 5.61598 5.94276 6.15386 5.92646 5.99605 5.33151 4.00719 4.29758 4*0 11.038 10.0782 9.94052 8.55255 7.35578
  7.38511 8.57495 9.32929 10.0724 10.0123 9.58362 9.53576 9.93498 9.56059 9.41266 9.39477 8.58391 8.45891 8.33996 8.00896 7.855
  8.02524 7.64495 7.51609 7.63 7.50984 7.37185 7.31673 6.90979 6.60206 5.89419 5.4148 5.55357 6.21963 6.62868 5.88982 5.75698
  5.99122 5.71961 3*0 6.13678 5.86172 5.75102 5.67482 5.59803 5.48147 5.40453 4.293 4.22137 4*0 3.62061 3.62113 232*0 7.83082
  6.92384 6.37634 6.36636 6.43625 6.57523 6.75798 7.26594 7.35018 6.41228 3.8858 5.2803 5.22054 5.14277 5.60154 5.66162 5.62827
  5.61994 5.84276 6.03596 5.92249 5.43536 5.42389 4.91785 3.9404 4*0 9.46627 10.7926 10.4814 9.66329 8.61034 8.33593 8.03965 8.31743
  9.46153 10.3437 10.0706 9.74529 9.92309 9.98346 9.77411 9.48651 9.63803 8.70839 8.50258 8.28964 8.15716 8.06489 8.05382 7.82945
  7.69473 7.5568 7.51647 7.73409 7.32654 7.18854 6.31562 5.5188 5.51597 5.599 6.33173 6.75285 6.43043 5.71881 5.80689 5.64682
  6.55016 6.4897 6.30052 6.14221 5.83404 5.75391 5.67807 5.81768 5.45191 5.25005 237*0 6.87887 7.13266 7.38699 6.31171 6.00143
  6.10826 6.33668 6.52224 6.69081 7.08408 8.49964 8.22471 2*0 6.23053 6.0308 5.14296 5.42988 5.49931 5.75074 5.95668 6.1146 5.90098
  5.62449 5.16994 4.50162 3.80156 3.61907 2*0 9.18157 7.57314 7.63692 9.42778 9.10976 8.51589 8.26186 8.28852 8.92587 9.40951
  9.34961 11.2221 11.1144 10.8693 10.4482 10.0824 8.87912 8.76368 8.64663 8.51222 8.29905 8.23611 8.04066 8.00763 8.00532 7.66379
  7.20635 7.26043 7.12727 6.90684 6.78999 6.02812 5.72568 5.56198 5.65944 5.58454 5.87454 6.15365 6.48651 6.53994 5.54814 6.62978
  6.5409 6.49352 6.2667 6.14714 5.82894 5.75985 6.06993 5.6259 5.4739 5.16259 235*0 6.57871 6.66156 5.87441 5.78294 5.9178 6.1306
  6.32293 6.46202 6.60806 6.81504 6.99507 8.20942 9.9305 3*0 8.31569 5.84527 5.86682 5.19921 5.86096 6.13926 6.32755 6.7292 6.11969
  5.8839 5.51448 3.74691 3*0 8.86355 7.82617 8.2288 8.0898 8.71527 8.15059 8.20248 8.5321 8.86179 9.66559 9.71297 8.30732 8.03643
  11.3718 10.3461 9.11569 8.55796 8.10911 8.38337 8.53827 7.75135 7.83794 8.07581 8.02578 8.06961 7.06167 6.49598 7.15775 7.25297
  7.11715 5.94323 5.84561 6.15484 6.35087 6.6439 5.83864 3.62365 3.62349 0 7.02806 6.85198 6.80096 3*0 6.17343 6.14504 6.08314 0
  5.68214 5.59966 5.45844 4.3352 234*0 6.24054 6.11613 5.2919 5.39047 5.4216 5.82676 6.05652 6.2413 6.07812 6.3815 6.72768 6.62146
  7.22609 9.86755 4*0 8.47192 6.61805 7.26008 6.40548 6.69375 6.5566 6.92475 6.61224 6.46719 5.82423 3.61851 2*0 9.50961 8.94421
  8.77512 8.03529 7.56595 7.86038 7.91646 8.30108 9.37123 10.5492 11.5811 6.96481 3.63537 3.63505 9.1141 8.99256 8.98464 7.59493
  7.78216 8.14482 7.82655 7.82303 7.56711 6.64384 6.81311 5.68518 6.47951 6.57367 7.33037 7.11734 7.15336 6.04596 6.29726 6.88778
  7.80187 8.88717 13*0 5.85279 5.67828 5.61533 236*0 5.27998 5.16116 5.19306 5.38582 5.59708 5.77457 5.70789 5.08545 5.1563 5.6032
  6.09061 5.97135 6.21381 7.29821 7.48252 5*0 5.90969 5.63847 7.11917 7.23905 7.19532 7.12155 6.49602 5.07175 3.62099 7.04419
  8.26212 8.03036 8.11103 7.67248 7.46931 7.53018 7.45584 8.41746 9.35141 10.5359 11.3064 12.6715 3.64019 8.23117 8.71298 7.98656
  7.92291 7.45419 7.43919 7.98269 8.19338 7.8539 7.34672 7.48379 7.04158 6.90213 5.87339 6.01597 5.88646 7.34776 7.34943 6.60478
  6.79247 7.50631 8.89541 10.8378 14*0 5.79667 239*0 5.15112 5.41006 5.56736 5.65357 4.77163 0 5.10624 4.97993 5.00965 5.83618
  5.98874 6.07016 7.27028 7.42828 7.65874 5*0 5.13076 5.68914 5.70771 6.45175 6.67938 5.9597 5.61473 6.35826 7.81713 7.15364 7.33864
  7.22731 7.44113 6.89295 7.05348 7.51076 8.51559 10.3806 9.58918 9.14197 4.7685 9.23851 8.85423 8.07051 7.82165 7.76304 7.11845
  7.43213 7.48518 7.3163 7.11302 6.71202 6.957 7.21366 6.65414 5.99815 6.17788 5.66438 5.00082 3.6354 5.68074 3.63283 257*0 5.25799
  5.94796 3*0 4.9177 4.886 4.98592 5.6983 5.79292 5.91632 6.04989 7.12401 7.33291 6.78064 5*0 4.08421 4.20634 5.46566 5.88384
  6.69681 6.18489 6.41742 7.64992 7.70147 7.91143 7.50327 7.51402 7.63899 7.21522 7.36727 7.63494 8.40532 9.91952 8.82262 5.38173
  5.36665 8.6415 7.44216 3.82448 3.65081 3.65087 5.79759 6.79467 6.83488 6.15089 5.33644 4.28407 4.37858 4.35056 3.84961 3.6424
  3.64207 3.64038 3.64046 263*0 3.66462 4.40497 4.50505 4.61713 5.2079 5.6437 5.70548 5.77021 5.88224 5.96713 6.02345 4.56305
  3.66261 3.66618 4*0 3.66217 5.19199 5.82041 5.89999 6.55483 6.64446 7.7228 8.01997 7.91749 8.01989 7.27572 7.34845 7.54147 7.78351
  7.91206 9.31539 8.01764 5.07783 5.38526 5.3812 5.32632 4.80006 3.95042 3.65818 3.65757 3.80746 4.3537 4.45075 4.40513 4.39428
  4.48455 4.51528 3.95607 3.64909 3.64754 3.64664 263*0 3.65866 3.71108 4.14575 4.21759 4.36787 4.57449 4.64356 5.62156 5.66667
  5.7737 5.76635 5.75434 5.75835 5.39505 4.9725 5.47315 5.34592 3.90168 3.66666 3.66497 5.27162 6.29367 6.95229 6.35695 6.38926
  7.61101 8.96395 8.8375 7.89352 7.8428 8.07633 7.52836 7.61747 8.00412 7.96074 8.99824 6.16166 3.66141 5.35087 5.21729 4.8149
  4.78724 3.66348 3.66471 3.66408 4.3797 4.52692 4.47509 3.94145 3.65988 3.65904 3.65634 3.65417 3.65357 2*0 8.58472 262*0 3.93915
  4.14413 4.22237 4.18363 4.38258 4.53597 4.60199 5.60545 5.8003 5.84139 5.75085 5.63976 5.70555 5.78074 6.07116 6.14527 6.53973
  7.50622 7.59785 6.0481 6.01423 6.52654 7.21096 6.8438 7.34753 7.42932 7.5657 7.81769 8.00014 7.82648 8.24051 7.41766 7.69268
  8.22466 8.09149 9.30193 7.33782 3.66682 5.09369 4.7517 4.60397 4.41514 3.66786 3.66965 3.66914 5.14056 5.42858 5.46501 8*0 8.5294
  8.42401 262*0 4.18516 4.19088 4.27302 4.39757 4.48934 4.83194 5.59028 5.72529 5.73449 5.73426 5.68296 5.70994 5.97045 6.48682
  6.66051 6.8983 7.31953 6.09739 5.97329 6.07117 6.49795 6.62129 6.86105 7.20645 7.46884 7.88126 7.01079 6.86051 7.74119 7.66431
  7.492 8.03845 8.31178 8.45216 9.17061 9.29051 3.67164 4.46406 4.49631 4.51875 3.98123 3.67287 3.67375 3.67334 4.58323 7.10283 2*0
  6*0 8.46732 8.42649 8.37627 262*0 4.11176 4.2382 4.30873 4.36771 4.46513 4.78687 5.52316 5.70926 5.92861 5.93754 6.00272 5.62407
  6.0279 6.13088 5.1512 5.28569 5.24265 5.65859 5.67149 5.91364 5.78703 5.92606 6.1411 6.509 7.10721 7.27784 6.78101 6.56234 6.98339
  7.8891 7.75848 8.12614 7.92926 8.70465 8.97863 6.38695 3.67692 3.87181 4.02898 3.67834 3.67786 3.67807 3.67816 3.67788 3.67759 2*0
  272*0 4.07396 4.21002 4.28544 4.34291 4.53144 4.74981 4.8778 5.92685 5.14414 5.70441 5.15044 5.07589 5.12367 5.35726 3.96797
  5.24608 5.25386 5.24636 5.32254 5.51176 5.60495 5.54273 5.78281 6.21688 6.2597 6.65722 6.84667 7.42906 7.64497 7.93 9.0019 9.33684
  9.98109 10.3916 8.17843 3.67939 3.68055 3.68061 282*0 4.39801 4.41769 4.61402 5.01521 4.36897 3.95061 2*0 3.6585 4.0135 4.03447
  4.10777 2*0 6.89469 5.61293 5.49923 5.73682 5.90552 5.9086 5.8488 5.82862 5.84656 6.16934 5.73672 6.39342 7.61985 7.70102 9.02393
  9.64155 9.73743 9.88689 10.1911 286*0 4.75938 4.74145 4.86689 4.80157 3.93252 3.94382 3.96149 0 3.6586 4.39912 4.90537 5.63905
  7.0997 2*0 6.50327 5.64521 5.23925 4.54352 4.33656 4.59841 4.5969 4.68856 5.16107 5.99513 7.2822 8.23724 9.24751 9.39096 291*0
  4.74486 4.72699 4.29256 3.92791 3.93741 3*0 5.77672 5.87805 6.15896 6.98332 2*0 3.66659 3.66714 3.66743 3.66792 3.66919 3.67057
  3.67071 3.67072 297*0 4.36898 3.8559 3.89133 3.92188 4*0 6.5639 6.04364 6.49611 6.87517 307*0 3.65014 8*0 6.61042 6.65609 318*0
  3.6649 320*0 3.66927 2740*0 72.3298 315*0 72.0307 72.0328 72.0227 313*0 71.9973 71.9909 71.9989 72.0078 72.0256 72.33 313*0
  72.3008 72.3116 72.0211 71.9828 72.0013 316*0 72.3256 72.0841 72.3294 632*0 72.1525 317*0 72.097 72.1644 20*0 70.9158 71.1086 2*0
  293*0 72.1304 72.2969 18*0 70.902 70.8755 70.9846 71.0941 294*0 72.2045 18*0 70.8498 70.8655 70.8365 71.0127 71.0269 70.9837
  70.9325 293*0 72.1732 9*0 70.8445 70.9578 6*0 70.8639 70.8371 70.8111 71.0049 71.01 70.9237 70.8855 70.9066 70.9098 291*0 72.1044
  72.1711 3*0 71.5887 71.5747 71.4779 71.4429 71.4791 71.2475 71.015 71.1261 71.1598 71.0023 70.9968 71.0017 71.1727 71.0829 71.0481
  71.0249 70.9509 70.976 70.9225 70.8665 70.8512 70.8706 70.8872 291*0 71.8353 71.7505 71.6573 71.6722 71.6257 71.5778 71.3659
  71.2857 71.2327 71.2777 71.3461 71.1919 71.1578 71.1149 70.9886 70.9759 71.0585 71.2159 71.2057 71.1135 70.9927 70.9197 70.8391
  70.8413 70.8372 70.8247 70.8425 70.8654 70.8664 290*0 71.7798 71.655 71.6296 71.6293 71.6308 71.5976 71.3799 71.2627 71.2468
  71.3838 71.3414 71.19 71.1295 71.0863 71.0306 71.0448 71.1314 71.1464 71.1339 71.0095 70.9412 70.8728 70.8426 70.8942 70.8339
  70.7868 70.7975 70.8316 70.8335 70.8484 288*0 71.8145 71.7652 71.6462 71.622 71.5924 71.5709 71.5977 71.511 71.3667 71.4628 71.259
  71.1723 71.0541 70.9765 70.9496 70.9854 71.0543 70.9936 71.0668 70.9823 70.9214 70.865 70.8263 70.8616 70.8577 70.8294 70.7505
  70.7463 70.7783 70.8152 70.8515 288*0 71.8163 71.8301 71.8555 71.8089 71.7263 71.6676 71.5921 71.3559 71.3275 71.2804 71.0184
  70.8922 70.7831 70.8295 70.978 70.9987 70.9723 70.9571 70.9154 70.9502 70.8446 70.8338 70.8543 70.8477 70.8241 70.7934 70.7035
  70.6972 70.7343 70.7922 70.8443 70.8198 70.6645 285*0 71.9815 71.9127 71.8313 71.6621 71.6373 71.7127 71.6946 71.695 71.6152
  71.1521 71.0522 70.9875 70.8678 70.8457 70.9282 70.9956 70.9644 70.9761 70.9733 71.0066 71.0009 70.9618 70.8746 70.8124 70.8165
  70.8054 70.7801 70.7332 70.6566 70.6938 70.8054 70.8902 70.9369 70.9005 70.9125 284*0 71.9345 71.8765 71.7353 71.5533 71.5053
  71.4907 71.3331 71.2306 71.2051 71.0704 71.0533 71.0608 70.9958 70.9401 70.952 70.9463 71.0121 71.0339 71.0134 70.9862 70.9706
  70.9576 70.9053 70.8407 70.8067 70.7488 70.7308 70.7254 70.7221 70.7107 70.8377 70.987 70.9586 70.8878 70.8881 70.8975 70.8986 2*0
  279*0 71.8968 71.8821 71.7585 71.5453 71.5171 71.4557 71.4317 71.2685 71.2047 71.1761 71.0905 71.0276 71.0126 71.0025 71.0184
  71.0268 71.004 71.0242 71.0086 70.9804 70.9577 70.9479 70.9321 70.907 70.8459 70.7495 70.6979 70.6585 70.6383 70.6217 70.5902
  70.6877 70.9124 70.8585 70.8616 70.8667 70.857 70.8484 70.8717 280*0 71.689 71.7241 71.559 71.5123 71.4842 71.4319 71.4116 71.3788
  71.1994 71.0934 71.043 71.0219 70.9953 71.0207 71.0252 71.0015 70.9801 71.0049 70.9793 70.95 70.9343 70.9296 70.9082 70.8537
  70.7618 70.7331 70.685 70.6639 70.6444 70.6222 70.6353 70.6124 70.8467 70.8449 70.8363 70.8361 70.8298 70.8473 70.8502 70.8393
  71.1177 278*0 71.5704 71.5876 71.5396 71.493 71.379 71.3812 71.5263 71.3772 71.3026 71.0871 71.0692 71.0426 71.0338 71.0241
  70.9996 70.9815 70.9885 70.9734 70.9511 70.9236 70.9042 70.8852 70.8607 70.8031 70.7287 70.7632 70.7547 70.7107 70.604 70.5759
  70.5795 70.7393 70.8335 70.8391 70.8324 70.8309 70.817 70.8159 70.8288 70.8733 71.0511 70.9474 274*0 71.574 71.4949 71.4449
  71.4041 71.5029 71.4891 71.3764 71.3819 71.3601 71.5069 71.3743 71.354 71.1181 71.0859 71.0831 71.0546 71.0127 71.0006 70.9925
  70.9632 70.9396 70.9185 70.9067 70.8755 70.8479 70.8171 70.821 70.8375 70.8263 70.7763 70.8025 70.7981 70.6586 70.7365 70.9217
  70.9335 70.9166 70.8506 70.8209 70.8217 70.8371 70.8135 70.8427 70.9982 70.928 70.9266 70.9185 270*0 71.7345 71.7169 71.5765
  71.4645 71.4185 71.3328 71.4334 71.4408 71.4219 71.3871 71.3369 71.378 71.338 71.2577 71.2512 71.1558 71.1062 71.0769 71.0143
  71.0095 70.9841 70.9442 70.9163 70.8958 70.8839 70.8715 70.8493 70.8301 70.8319 70.8238 70.8095 70.7864 70.7731 70.8236 70.9552
  70.8977 70.8958 70.9191 70.936 70.9221 70.8758 70.8316 70.7978 70.7821 70.7415 70.9124 70.8368 70.8503 70.9289 70.9389 70.5357 2*0
  264*0 71.9351 71.7848 71.7176 71.6901 71.5951 71.4471 71.3781 71.3524 71.4605 71.4222 71.4152 71.4174 71.4169 71.2441 71.26
  71.2682 71.2563 71.2293 71.1112 71.0619 71.0034 70.9848 70.9657 70.9371 70.9058 70.8889 70.8761 70.8617 70.8439 70.8273 70.8224
  70.8065 70.7739 70.7522 70.751 70.809 71.0083 70.8716 70.871 70.8952 70.9158 70.9676 70.8835 70.8131 70.7813 70.6986 70.7068
  70.7712 70.9206 70.8417 70.9338 70.9279 71.0358 42.5247 2.80657 261*0 72.1376 72.0708 72.0024 71.9353 71.8475 71.744 71.6723
  71.613 71.5214 71.4362 71.5126 71.4739 71.4409 71.4338 71.3638 71.2249 71.2059 71.2368 71.2169 71.1977 71.1454 71.0645 71.0158
  70.9909 70.9612 70.9508 70.9274 70.8987 70.8766 70.8608 70.8524 70.8275 70.8111 70.7943 70.772 70.7536 70.728 70.7198 70.7438
  70.8615 70.9266 70.9033 70.936 71.0157 70.9519 70.7785 70.7737 70.7666 70.6917 70.684 70.6721 70.6729 70.9052 70.9943 70.9968
  70.9555 47.2759 2.82888 2.82933 2.10822 2.11644 256*0 72.3031 72.275 72.2859 72.2499 72.0585 71.9599 71.8774 71.7485 71.6766
  71.597 71.5448 71.5268 71.4997 71.4507 71.419 71.3476 71.2765 71.2546 71.211 71.2124 71.1724 71.1292 71.0777 71.0535 71.0049
  70.9745 70.9435 70.9449 70.9144 70.8932 70.8691 70.8461 70.8332 70.8103 70.7854 70.7572 70.7458 70.7324 70.707 70.6925 70.6964
  70.7201 70.8413 70.7891 70.7968 70.7966 70.7631 70.7665 70.7532 70.7396 70.6869 70.6232 70.7985 70.8038 70.9816 70.9841 70.9523
  70.909 52.1954 2.79433 2.64836 2.08575 2.10664 2.68523 2.6532 251*0 72.7964 72.5399 72.4189 72.3273 72.3876 72.3708 72.2952
  72.0335 71.9646 71.8511 71.7412 71.6683 71.5899 71.5353 71.5113 71.48 71.4421 71.3585 71.2737 71.3323 71.2521 71.1939 71.1549
  71.1167 71.0928 71.0613 71.0377 70.9924 70.9683 70.9436 70.9321 70.9032 70.8816 70.8502 70.8412 70.8215 70.7932 70.7655 70.7415
  70.7216 70.7002 70.6874 70.6748 70.5753 70.5947 70.62 70.698 70.5647 70.6868 70.7494 70.7398 70.7314 70.7157 70.6309 70.682
  70.9001 71.0133 70.9966 70.9497 70.9449 70.9344 56.2 2.78198 2.71053 2.55373 2.67332 2.66997 2.61456 2.57637 2.4041 247*0 72.9775
  72.8216 72.6397 72.5247 72.4667 72.3906 72.4734 72.4115 72.2174 72.0525 71.8963 71.7908 71.7227 71.6455 71.595 71.5381 71.5071
  71.4699 71.487 71.3505 71.3169 71.2856 71.2298 71.1854 71.1391 71.1128 71.0975 71.0776 71.0331 70.9886 70.9569 70.971 70.9316
  70.903 70.8713 70.8452 70.832 70.8091 70.7801 70.7439 70.7218 70.7037 70.6814 70.6777 70.6706 70.6129 70.5549 70.5771 70.6566
  70.5331 70.5406 70.704 70.7041 70.6891 70.616 70.6388 70.8205 70.9822 70.984 70.9437 70.9257 70.9248 70.9746 58.904 2.747 2.6834
  2.53026 2.53208 2.51619 2.54365 2.52447 2.45214 2.35581 243*0 73.3128 73.2444 73.0969 72.857 72.6893 72.6156 72.5408 72.5071
  72.4531 72.6655 72.4491 72.1671 71.9754 71.9723 71.8855 71.78 71.6368 71.5936 71.5352 71.5492 71.5102 71.4097 71.3676 71.2718
  71.2665 71.2079 71.1668 71.1323 71.1157 71.1193 71.0936 71.0574 71.0151 70.9833 70.9522 70.9165 70.8911 70.865 70.8365 70.8168
  70.7958 70.7646 70.729 70.7116 70.6904 70.6683 70.6609 70.6592 70.6333 70.5985 70.6293 70.6746 70.5683 70.6168 70.77 70.9397
  70.7255 70.7444 70.8482 71.026 70.9665 70.9065 70.8725 70.8803 70.9068 70.8919 54.7551 2.641 2.659 2.71723 2.54217 2.46783 2.4729
  2.4106 2.34707 2.29396 2.31026 2.48271 239*0 73.5254 73.4531 73.3928 73.3355 72.9282 72.8622 72.7686 72.668 72.6217 72.5556
  72.5097 72.4487 72.0966 72.0464 72.2801 72.0966 71.9981 71.9576 71.654 71.6634 71.6493 71.609 71.5024 71.3985 71.2716 71.2533
  71.2158 71.1765 71.156 71.1501 71.1447 71.1147 71.0841 71.0516 70.997 70.97 70.9351 70.8946 70.8811 70.8595 70.836 70.8156 70.7836
  70.7486 70.7167 70.6989 70.6856 70.6627 70.6527 70.6419 70.6105 70.6639 70.9722 70.7332 70.6122 70.7745 70.8453 70.9252 70.9368
  70.9268 71.0123 71.0148 70.9156 70.8896 70.8499 70.7988 70.776 68.3453 21.7527 2.5461 2.61934 2.60283 2.60537 2.48553 2.43684
  2.44137 2.47194 2.47998 2.48405 2.43216 2.44158 235*0 73.7385 73.6991 73.6782 73.6466 73.5648 73.4787 73.4089 73.2268 73.0386
  73.0124 72.8518 72.84 72.8551 72.6592 72.5117 72.2354 72.3681 72.3073 72.0931 72.0407 71.97 71.8121 71.7493 71.7014 71.4998
  71.4017 71.3427 71.2568 71.2675 71.2266 71.2049 71.1921 71.17 71.1389 71.1087 71.0755 71.0382 70.9874 70.9567 70.9194 70.8863
  70.8597 70.8365 70.8169 70.8054 70.7698 70.7308 70.6998 70.6906 70.6768 70.6576 70.6411 70.6232 70.5799 70.5737 70.6135 70.6969
  70.7956 70.6812 70.9738 71.0064 71.0372 71.0877 70.9961 70.9633 70.8701 70.828 70.7465 70.6782 61.2723 18.7299 2.38954 2.39341
  2.41057 2.41677 2.3728 2.4404 2.39771 2.41062 2.44886 2.45545 2.45637 2.42523 2.43733 2.19304 2.20236 231*0 73.8909 73.8609
  73.8297 73.7937 73.7563 73.7244 73.6767 73.5786 73.4761 73.3926 73.2882 73.3215 73.1846 73.0243 72.9748 72.7996 72.5445 72.4475
  72.3722 72.353 72.2784 72.0425 71.8826 71.7945 71.7392 71.6064 71.4502 71.3733 71.3327 71.3168 71.2823 71.2547 71.2334 71.2081
  71.1705 71.1375 71.1077 71.0688 71.0301 70.9882 70.9479 70.9134 70.8781 70.8442 70.8177 70.8038 70.7871 70.7631 70.72 70.693
  70.6742 70.6627 70.6476 70.632 70.6118 70.5997 70.5877 70.6065 70.6717 70.6711 70.7179 70.8905 70.9987 70.9349 71.0214 70.9841
  70.8249 70.6373 70.6711 70.6757 43.13 5.62521 2.34429 2.35996 2.38491 2.37661 2.35972 2.38293 2.40114 2.40247 2.40711 2.42806
  2.43333 2.42619 2.47579 2.3965 2.24239 2.17449 2.04065 228*0 74.0857 74.054 74.0042 73.9574 73.9424 73.8824 73.8233 73.7756
  73.7325 73.6667 73.5687 73.4587 73.3471 73.2385 73.0459 72.939 72.646 72.4636 72.3205 72.266 72.3577 72.4383 72.197 71.9367
  71.8503 71.7028 71.6291 71.5041 71.4579 71.4108 71.3797 71.3484 71.3058 71.2695 71.2379 71.2082 71.1681 71.1335 71.0984 71.0642
  71.0257 70.9896 70.941 70.9038 70.8745 70.8365 70.8112 70.792 70.7722 70.7552 70.7181 70.6927 70.6665 70.6503 70.6336 70.626
  70.6109 70.5933 70.5967 70.5752 70.5961 70.5663 70.7097 70.6576 70.6597 70.5983 70.6626 70.6657 70.6208 70.5732 70.6269 37.9681
  2.35289 2.32414 2.31809 2.33831 2.34457 2.35984 2.34784 2.36973 2.38314 2.36729 2.37141 2.37695 2.37981 2.39244 2.45015 2.42208
  2.28097 2.15902 1.96672 1.8741 224*0 74.2536 74.2234 74.1714 74.1623 74.1603 74.1199 74.0727 74.0181 73.9781 73.8983 73.8445
  73.7804 73.7324 73.641 73.5258 73.3653 73.2317 72.8355 72.396 72.1339 72.2797 72.218 72.1592 72.0686 71.9701 71.9695 71.8347
  71.6757 71.6132 71.5942 71.5381 71.4958 71.4393 71.3971 71.3541 71.3046 71.2735 71.2417 71.2029 71.1648 71.1244 71.0897 71.0546
  71.0209 70.9829 70.9488 70.904 70.8762 70.829 70.7953 70.7768 70.7605 70.7349 70.7103 70.6947 70.6683 70.6507 70.635 70.6191
  70.6032 70.5777 70.5712 70.5585 70.5409 70.5496 70.5729 70.5667 70.5659 70.5676 70.6035 2*70.61 70.5848 68.5815 5.03825 2.32662
  2.30332 2.29736 2.32564 2.34346 2.33775 2.33366 2.34019 2.33995 2.32823 2.35 2.35448 2.37085 2.38663 2.41831 2.45022 2.46805
  2.21004 1.82791 1.89216 2.7432 3.22806 220*0 74.4924 74.4128 74.3316 74.2635 74.2464 74.2251 74.2057 74.196 74.1418 74.1043 74.052
  73.968 73.9166 73.8582 73.7865 73.7108 73.62 73.5932 72.4921 72.2491 72.3184 72.344 72.3123 72.2452 72.1756 72.0489 71.9397
  71.8477 71.7269 71.6643 71.6493 71.5971 71.5461 71.4993 71.4438 71.3966 71.3613 71.3189 71.2765 71.2301 71.1949 71.1537 71.1077
  71.0773 71.0459 71.012 70.9768 70.9437 70.9104 70.8815 70.8407 70.7875 70.7689 70.7455 70.7213 70.7017 70.6886 70.6753 70.6669
  70.6463 70.6183 70.5957 70.5805 70.5638 70.5555 70.546 70.5566 70.5654 70.5595 70.5473 70.5496 70.5904 70.5756 70.5744 70.5787
  57.9274 2.28066 2.30103 2.29712 2.29546 2.31217 2.30603 2.30883 2.2971 2.31873 2.31458 2.34422 2.36085 2.35795 2.35674 2.3608
  2.40013 2.43678 2.45771 2.47639 2.44235 2.78897 3.17542 3.24964 3.18437 216*0 74.6082 74.6166 74.5714 74.5973 74.4786 74.4341
  74.3891 74.3517 74.358 74.4047 74.2673 74.2589 74.231 74.1585 74.0479 73.9703 73.9541 73.9081 73.8152 73.9396 72.7996 72.5644
  72.6654 72.4566 72.3919 72.3081 72.2296 72.1057 71.9894 71.9027 71.7965 71.734 71.6893 71.6473 71.5972 71.545 71.5016 71.4583
  71.4115 71.3574 71.3107 71.2673 71.2191 71.1822 71.1405 71.0923 71.0593 71.0325 70.9996 70.9631 70.9334 70.8986 70.8763 70.8423
  70.8 70.7673 70.7419 70.7165 70.7051 70.6915 70.6783 70.6636 70.6433 70.6264 70.598 70.5853 70.579 70.5753 70.5668 70.5666 70.5731
  70.5642 70.5599 70.5457 70.5617 70.5562 70.5673 70.5704 54.2885 2.24582 2.23875 2.27004 2.27771 2.28262 2.26077 2.26812 2.2672
  2.29214 2.30852 2.33552 2.36013 2.36071 2.35876 2.34865 2.39795 2.41954 2.3992 2.48093 2.79175 3.47836 3.40031 3.38445 3.11768
  2.42442 213*0 74.6742 74.7058 74.7283 74.697 74.6804 74.5903 74.5153 74.4949 74.4729 74.4447 74.4458 74.4235 74.3607 74.3217
  74.298 74.2594 74.1874 74.1225 74.0856 74.0003 73.96 73.1881 72.8629 72.9153 72.6355 72.4553 72.3721 72.2841 72.1838 72.0956
  71.9931 71.897 71.7982 71.7299 71.686 71.6267 71.5827 71.5454 71.5029 71.4426 71.3809 71.3308 71.2817 71.2295 71.1812 71.1613
  71.1138 71.0527 71.0264 71.0128 70.9846 70.9463 70.921 70.8893 70.8642 70.8338 70.8116 70.7826 70.7438 70.7086 70.6993 70.6846
  70.6621 70.6494 70.6488 70.643 70.6342 70.603 70.5886 70.5845 70.5723 70.5683 70.5679 70.5702 70.5582 70.5409 70.5363 70.568
  70.5414 70.5372 55.1625 2.23716 2.23482 2.27313 2.26863 2.26538 2.27176 2.26326 2.27197 2.27592 2.31846 2.33777 2.35281 2.34806
  2.37591 2.35576 2.38103 2.3652 2.46269 2.81811 3.59192 3.65803 3.61198 3.21122 2.66302 2.31571 2.33389 2.34847 209*0 74.8484
  74.8755 74.8484 74.8552 74.8478 74.7297 74.665 74.6376 74.5773 74.5723 74.5643 74.5387 74.5032 74.4851 74.4551 74.4007 74.3556
  74.3242 74.2912 74.2279 74.1211 73.9948 73.4763 73.1461 73.0745 72.7907 72.6128 72.4732 72.3801 72.3075 72.2126 72.1113 71.998
  71.9005 71.8192 71.7299 71.6789 71.6206 71.5797 71.5178 71.4748 71.4145 71.3725 71.3291 71.2868 71.2139 71.1706 71.1325 71.0917
  71.0382 71.0014 70.9775 70.9546 70.9161 70.8821 70.867 70.8457 70.8232 70.803 70.7784 70.7305 70.7045 70.6915 70.6723 70.6598
  70.643 70.6411 70.6425 70.6361 70.6164 70.5879 70.5775 70.5673 70.5513 70.5618 70.5519 70.5517 70.5468 70.5546 70.5634 70.5562
  70.5492 60.1891 3.13871 2.23279 2.27121 2.26431 2.2611 2.27173 2.27227 2.28438 2.28111 2.29246 2.28364 2.29996 2.27524 2.36517
  2.53761 3.26528 3.36363 3.78244 4.26341 4.20859 3.71782 3.35782 2.91382 2.3043 2.32452 2.33624 2.53135 2.86015 205*0 74.6916
  74.6646 74.711 74.8418 75.2065 75.0576 74.8448 74.7433 74.6626 74.6534 74.5772 74.5928 74.6257 74.6075 74.5928 74.5729 74.5588
  74.5331 74.5094 74.4786 74.4104 74.3709 74.2866 74.1632 73.2776 73.1602 73.3061 73.015 72.7519 72.6165 72.507 72.4006 72.3161
  72.3461 72.3674 72.0641 71.9169 71.8292 71.7342 71.6752 71.6237 71.5752 71.5128 71.4636 71.4155 71.3684 71.3203 71.2733 71.2161
  71.1731 71.1232 71.0575 71.0247 70.9893 70.9674 70.9279 70.9006 70.8776 70.8594 70.833 70.8018 70.7818 70.7608 70.7232 70.6959
  70.6756 70.6711 70.6502 70.6317 70.6343 70.6336 70.6342 70.623 70.5864 70.5818 70.5701 70.5533 70.548 70.5293 70.5471 70.5467
  70.5504 70.5424 70.5512 70.5506 35.4102 2.22747 2.20067 2.25116 2.27311 2.27111 2.28206 2.26894 2.29915 2.34353 2.30306 2.27093
  2.28564 2.31898 2.50231 3.05871 4.22167 3.40456 3.4409 3.59841 3.8585 3.14289 2.86602 2.2763 2.31067 2.32938 2.34513 2.66449
  2.92554 2.97416 3.03758 201*0 74.7335 74.8041 74.8817 74.9115 3*0 75.1194 74.6939 74.555 74.5155 74.6087 74.7423 74.7438 74.738
  74.7147 74.6907 74.6532 74.623 74.6212 74.6487 74.626 74.5339 74.4134 74.3682 73.7649 73.3533 73.2674 73.0477 72.8927 72.7767
  72.6463 72.541 72.428 72.4627 72.5042 72.3922 72.0861 71.9256 71.8354 71.7516 71.6882 71.6293 71.5771 71.5168 71.4695 71.409
  71.3644 71.3201 71.275 71.2203 71.1777 71.1327 71.0703 71.0187 70.9827 70.9599 70.9242 70.9002 70.8929 70.8527 70.8103 70.7816
  70.7577 70.7194 70.6682 70.6697 70.6749 70.6557 70.6375 70.6206 70.618 70.6233 70.6184 70.6116 70.5885 70.5838 70.5688 70.5638
  70.562 70.5456 70.5325 70.5292 70.5346 70.5509 70.5517 70.5564 70.5567 70.5398 70.464 2.22638 2.24862 2.27531 2.29416 2.26248
  2.28853 2.32403 2.31347 2.35297 2.11501 2.33243 2.92895 2.94868 2.95296 3.37113 3.34739 3.27533 2.91005 2.52723 2.38224 2.29022
  2.31679 2.33112 2.36184 2.6652 2.87907 2.91148 3.16167 3.43378 3.31022 196*0 73.7178 74.5227 74.9167 74.9747 74.992 5*0 74.7411
  74.7389 74.767 74.7692 74.8745 74.902 74.8424 74.8432 74.8335 74.8011 74.6508 74.5944 74.5981 74.642 74.5975 74.5435 74.3635
  73.6775 73.4907 73.3286 73.1684 73.0488 72.9218 72.8017 72.6778 72.5725 72.4691 72.4041 72.3773 72.168 72.0503 71.9408 71.8551
  71.7657 71.6884 71.6345 71.5816 71.518 71.4656 71.4087 71.3652 71.3211 71.2823 71.2249 71.1744 71.128 71.0825 71.0333 71.0009
  70.96 70.9251 70.8968 70.878 70.798 70.7467 70.7144 70.7055 70.6945 70.6736 70.6401 70.6687 70.6502 70.623 70.6061 70.5898 70.6048
  70.6041 70.5921 70.5779 70.5742 70.563 70.5693 70.5664 70.5604 70.5274 70.5092 70.5255 70.5184 70.5243 70.5501 70.5034 70.4963
  70.4869 70.5251 70.5693 70.6071 2.29818 2.24735 2.26668 2.27867 2.34032 2.3261 2.5514 2.77806 2.79335 2.3207 2.16849 2.20097
  2.23014 2.27212 2.27546 2.32906 2.28414 2.3055 2.32704 2.34079 2.38196 2.64145 2.88968 2.91105 3.27521 3.41217 3.25658 2.97444
  2.47776 192*0 73.5075 73.4894 74.9197 74.92 74.9195 6*0 74.9198 74.9006 74.9244 75.0267 75.0463 75.0597 75.0652 75.0578 75.0283
  74.869 74.7383 74.6352 74.6796 74.685 74.4905 74.4258 74.3546 73.8135 73.5334 73.4389 73.3053 73.19 73.0762 72.959 72.8317 72.7193
  72.6171 72.514 72.4168 72.2944 72.1701 72.0639 71.9622 71.8617 71.7612 71.6865 71.6277 71.5747 71.5161 71.4772 71.4163 71.363
  71.329 71.2764 71.2245 71.1758 71.1438 71.0896 71.0383 71.0061 70.9547 70.9141 70.8622 70.8402 70.8476 70.8364 70.7769 70.737
  70.7109 70.6783 70.622 70.6492 70.6339 70.6137 70.5992 70.5819 70.5957 70.5914 70.5767 70.5604 70.5668 70.5539 70.5559 70.5501
  70.5557 70.5339 70.5083 70.5138 70.5206 70.5057 70.5044 70.4873 70.4889 70.4825 70.4987 70.5297 70.6085 70.6262 70.6474 70.6719
  70.6531 2.45182 2.48342 2.80936 2.8159 2.40975 2.1548 2.19674 2.23717 2.26176 2.14057 2.19617 2.24912 2.29186 2.3225 2.33426
  2.36607 2.48122 2.82354 2.89519 2.92383 3.35441 3.23369 3.06042 3.01692 2.7441 2.9962 188*0 73.2054 73.0421 73.0503 73.0706
  73.9574 74.7146 74.6851 7*0 74.9518 75.0728 75.1969 75.1939 75.1931 75.1859 75.1854 75.1073 74.9626 74.9232 74.9145 74.8359
  74.8104 74.5583 74.4411 74.3469 74.1373 73.8254 73.5818 73.4559 73.3359 73.2009 73.0994 72.9857 72.869 72.7515 72.6609 72.52
  72.4161 72.3105 72.1831 72.0698 71.9625 71.8391 71.7477 71.6876 71.6155 71.5532 71.4942 71.4558 71.4073 71.3642 71.3253 71.2702
  71.2123 71.1664 71.1316 71.0859 71.0331 70.9915 70.9542 70.9 70.9146 70.9097 70.849 70.8658 70.7894 70.7403 70.7034 70.7153
  70.6334 70.6037 70.6083 70.599 70.5853 70.5792 70.5725 70.5686 70.5696 70.5549 70.5572 70.5592 70.5578 70.5542 70.5556 70.5358
  70.5141 70.5095 70.5148 70.4848 70.4759 70.4949 70.4825 70.4722 70.4884 70.5261 70.6031 70.599 70.6189 70.5954 70.7292 71.0615
  71.2116 71.1837 70.7352 70.4793 2.1903 2.21744 2.25005 2.18986 2.16611 2.23001 2.27584 2.32041 2.34021 2.35548 2.47151 2.59367
  2.93898 2.832 2.95296 3.19383 3.14913 3.10924 3.13224 2.94496 3.1585 3.19529 185*0 73.3435 73.24 73.211 73.0735 73.0639 73.0438
  73.6686 73.9825 73.6315 6*0 75.0305 75.0293 75.2866 75.2974 75.2889 75.2708 75.046 74.9643 75.0465 75.0517 74.9496 74.9404 74.8776
  74.6853 74.5832 74.3691 74.3675 74.0438 73.7995 73.6224 73.4858 73.3634 73.2284 73.1165 73.0096 72.8898 72.7514 72.6782 72.5478
  72.4226 72.3211 72.1884 72.0712 71.9235 71.8391 71.7716 71.6866 71.6187 71.5591 71.4936 71.4236 71.3878 71.369 71.3215 71.2718
  71.2115 71.1647 71.1243 71.0775 71.0268 70.979 70.9328 70.939 70.8775 70.8341 70.8636 70.815 70.7318 70.6436 70.6814 70.7357
  70.6868 70.6068 70.5991 70.5951 70.5808 70.583 70.5753 70.5684 70.5511 70.544 70.5484 70.5537 70.5507 70.5546 70.539 70.5194
  70.479 70.5071 70.5144 70.4888 70.4535 70.4422 70.4289 70.4821 70.4901 70.5238 70.5715 70.6508 70.6364 70.7391 71.0421 71.203
  71.4952 70.6745 70.4127 70.3386 70.3444 70.4952 70.613 70.6215 70.6822 70.7297 70.7323 70.7392 70.7506 2.52736 2.73573 2.82417
  2.9011 2.74549 2.70441 2.98664 2.85223 2.53038 2.83636 3.15919 3.18973 3.21264 3.16319 182*0 73.3083 73.4096 73.446 73.3178
  73.3396 72.8947 72.9707 73.0318 73.0207 73.0997 73.2336 0 75.7662 75.8508 75.9623 2*0 75.1924 75.2947 75.396 75.4317 75.3903
  75.0918 75.0184 75.03 75.0255 74.9215 74.838 74.6171 74.5852 74.424 74.3007 74.262 74.193 74.0387 73.7929 73.6615 73.5088 73.3805
  73.2999 73.1908 73.0443 72.8949 72.795 72.7069 72.5753 72.4363 72.3379 72.1943 72.0579 71.9443 71.8515 71.7573 71.692 71.6206
  71.5589 71.4929 71.4248 71.3836 71.3516 71.3155 71.2659 71.2225 71.1658 71.1214 71.0778 71.0233 70.9592 70.9546 70.9508 70.8529
  70.8425 70.8089 70.8215 70.8079 71.0315 70.8446 70.7567 70.6351 70.619 70.7171 70.7708 70.7525 70.7164 70.6271 70.649 70.5961
  70.4122 70.4137 70.4443 70.5033 70.545 70.5179 70.4776 70.4728 70.5393 70.4934 70.4367 70.4391 70.4376 70.4102 70.4269 70.5206
  70.6621 70.866 70.9531 70.8519 70.8872 71.2282 71.3777 70.6557 70.3882 70.2701 70.2327 70.8876 70.5723 70.5602 70.5624 70.6233
  70.6793 70.7246 70.8412 71.0951 71.1701 71.2706 71.3147 71.3512 71.4456 71.493 71.5418 71.4578 71.481 2.99911 3.12716 3.20987
  3.23964 3.28012 3.29399 178*0 74.3944 74.4704 74.2097 73.6432 73.4376 73.481 73.4862 73.4417 73.0358 73.0529 73.0632 73.0675
  73.0708 73.2388 74.3673 75.6222 76.1023 76.1164 76.1315 75.2335 75.2777 75.4031 75.4411 75.5599 75.3054 75.1942 75.19 75.1789
  75.0145 74.8918 74.7468 74.4302 74.3593 74.378 74.348 74.2341 74.1577 73.9822 73.8273 73.7025 73.563 73.4668 73.3504 73.2399
  73.1126 73.0034 72.872 72.7304 72.6084 72.4667 72.3602 72.2044 72.0821 71.9345 71.8481 71.7745 71.6991 71.6383 71.5658 71.4899
  71.4176 71.3716 71.3462 71.3116 71.2761 71.2323 71.172 71.1206 71.0833 71.0379 70.9676 70.9796 70.9625 70.8145 70.7875 70.821
  70.8281 71.0974 70.8484 71.0195 70.6311 70.7414 70.6775 70.6849 71.1465 71.0592 70.8343 70.7728 70.7699 70.3055 70.1424 70.1324
  70.393 70.357 70.2747 70.4694 70.4333 70.6379 70.7403 70.7057 70.4549 70.3735 70.5081 70.5617 70.5651 70.7949 70.9292 70.9535
  71.1067 70.9912 71.0197 70.6348 70.619 70.716 70.7547 70.8141 70.3858 71.3093 70.8457 70.7144 70.675 70.7664 70.8078 71.063
  71.1345 71.2028 71.2404 71.2809 71.3218 71.3424 71.4923 71.315 71.5125 71.598 71.4547 71.6146 71.6777 71.3223 3.25959 3.28422
  3.31074 2.86671 175*0 74.3526 74.4061 74.5199 74.689 74.3862 74.323 74.1004 73.7078 73.5832 73.5317 73.3742 73.1074 73.125 73.1284
  73.6994 74.0657 74.553 75.5775 75.6955 75.9209 75.6428 75.5275 75.3921 75.3442 75.366 75.4372 75.3673 75.349 75.2862 75.1243
  75.0307 74.96 74.6878 74.4871 74.4333 74.5601 74.4562 74.2933 74.1053 74.0238 73.9236 73.8058 73.6748 73.5317 73.399 73.2867
  73.1645 73.044 72.9221 72.7827 72.6434 72.5029 72.3444 72.1817 72.0905 71.9777 71.8753 71.7873 71.7176 71.6313 71.578 71.5121
  71.4259 71.3708 71.3432 71.3099 71.2796 71.2275 71.1762 71.125 71.0834 71.026 70.9597 70.8938 70.8521 70.7586 70.7456 70.7289
  70.8371 71.0607 70.945 70.9483 70.9099 70.9789 70.9402 71.0671 70.8536 70.7879 70.7751 70.8229 70.525 70.4524 70.08 69.9868
  69.9104 69.9729 70.4526 70.1547 70.1467 70.1408 71.2494 71.3719 71.1109 71.3987 71.3884 71.0187 70.6965 70.7297 70.7985 71.3723
  71.2125 71.0961 71.1026 70.9438 70.952 71.0014 70.9728 71.0094 70.8466 70.5379 70.627 70.7451 70.7775 70.8148 71.1297 71.1792
  71.1812 71.23 71.2803 71.31 71.3535 71.4972 71.5192 71.3739 71.3576 71.6321 71.694 71.7556 71.7375 71.6322 70.2608 22.048 3.5
  3.09475 173*0 74.3452 74.3907 74.4225 74.5224 74.6544 74.818 74.6401 74.7038 74.3398 74.1342 74.1421 74.0444 74.0517 73.8223
  73.9284 74.4739 74.8916 74.6607 74.6369 74.8648 75.4124 75.4891 75.5746 75.3161 75.2634 75.2095 75.4414 75.3754 75.3858 75.286
  75.2113 75.1855 75.1474 74.8333 74.6315 74.6208 74.5517 74.4491 74.4009 74.2949 74.1428 74.0545 73.9785 73.86 73.7292 73.5855
  73.4521 73.3198 73.2124 73.0871 72.9628 72.8325 72.6735 72.5351 72.3676 72.233 72.1201 72.0076 71.8952 71.8006 71.7164 71.6518
  71.5822 71.5368 71.447 71.3824 71.343 71.3038 71.2771 71.2328 71.1796 71.131 71.0798 71.0288 70.9855 70.9137 70.8562 70.8191
  70.7699 70.7355 70.8127 70.8294 70.9751 70.9581 70.9563 70.9876 70.9848 70.9203 70.8145 70.7876 70.7904 70.5532 2*0 70.6421
  70.5835 70.4965 2*0 70.4389 70.4304 0 73.8838 73.9405 74.0396 74.0713 0 69.9834 70.5628 70.6315 70.8518 71.0331 71.3473 71.6223
  71.4593 70.9572 70.9696 71.0036 71.0416 71.013 70.8784 70.5311 70.616 70.607 70.7801 70.7753 71.2164 71.2327 71.2707 71.284
  71.3191 71.3398 71.4292 71.5151 71.5461 71.5818 71.6372 71.6673 71.7 71.7241 71.7735 71.8581 71.9706 71.8367 3.2935 3.23723
  3.55227 3.24522 168*0 74.041 2*0 74.4178 74.4277 74.5833 74.6504 74.7834 74.7107 74.5037 74.4468 74.3629 74.2566 74.2922 74.4011
  74.4136 74.325 74.8015 75.0957 75.2565 74.6829 74.7032 74.8882 75.0166 75.006 75.0075 74.9892 75.0362 75.1021 75.2859 75.4318
  75.3308 75.214 75.0926 75.0921 74.9146 74.7875 74.7532 74.6365 74.5629 74.4583 74.4056 74.3225 74.2145 74.0843 74.0017 73.8916
  73.7869 73.6299 73.4859 73.3659 73.2448 73.1338 72.993 72.87 72.716 72.5679 72.4339 72.3075 72.1488 72.0241 71.9183 71.826 71.7351
  71.6659 71.5959 71.5387 71.4729 71.3998 71.3384 71.2888 71.2727 71.2267 71.1777 71.1241 71.0816 71.0216 70.9801 70.9146 70.8726
  70.8175 70.7858 70.8318 70.8012 70.5571 70.7816 70.957 70.9519 70.9236 70.9116 70.8963 70.8805 70.9034 70.9061 2*0 70.638 70.6447
  70.6591 70.6596 5*0 73.8844 73.9898 3*0 70.4798 0 71.5915 71.1268 71.2166 71.3274 71.4671 71.2432 71.0134 71.0145 71.0202 70.9849
  71.063 70.7326 70.486 70.9215 2*0 71.2378 71.2208 71.2583 71.3112 71.3331 71.3301 71.3825 71.5513 71.6264 71.5971 71.6374 71.6863
  71.6967 71.7292 71.7651 71.8101 71.7434 71.6886 71.707 22.3397 3.20973 3.23 3.2752 3.42372 3.58309 3.61572 162*0 73.8832 73.9177 0
  4*0 73.8258 74.708 74.816 74.8354 74.5652 74.6085 74.6036 74.4684 74.335 74.4378 74.5471 74.6528 74.8564 74.8731 75.1215 75.0038
  74.8851 74.9863 75.0352 75.0995 75.1349 75.166 75.1002 75.0532 75.0418 75.0632 75.0817 75.1278 75.1231 75.0542 74.9903 74.9137
  74.8572 74.7855 74.7025 74.6115 74.5599 74.4889 74.3402 74.2846 74.1297 74.009 73.9284 73.8036 73.6708 73.5275 73.3982 73.285
  73.1779 73.0404 72.9003 72.7576 72.608 72.4933 72.3322 72.1882 72.0479 71.9417 71.8392 71.7492 71.6778 71.6086 71.5469 71.4837
  71.4184 71.3683 71.3343 71.2714 71.2214 71.1712 71.1166 71.0594 71.017 70.9684 70.9188 70.8787 70.832 70.8343 70.898 70.8452
  70.7021 70.8016 70.9582 70.9399 70.9192 70.903 70.9135 70.9363 5*0 70.6301 70.6484 71.1057 11*0 71.5775 70.7125 70.7737 70.8264
  71.3096 71.3322 71.0474 70.9895 71.0249 71.0366 71.1045 71.046 70.4612 4*0 71.017 71.2265 71.3172 71.3114 71.3734 71.4319 71.4132
  71.6025 71.6855 71.6847 71.6968 71.6837 71.7522 71.6504 71.811 71.8709 71.9518 71.845 71.9166 56.6064 7.01316 3.3001 3.48708
  3.61262 3.64371 3.49517 3.43825 3.30757 3.70196 157*0 73.8957 73.7495 6*0 74.9095 74.9981 74.9155 74.898 74.6598 74.5204 74.511
  74.5162 74.5627 74.5412 74.6023 74.7042 74.794 74.8781 74.9044 74.9762 75.0279 75.0536 75.0677 75.0845 75.1327 75.1919 75.1991
  75.1621 75.129 75.1188 75.1371 75.1566 75.174 75.191 75.1496 75.0926 75.0176 74.9315 74.85 74.7492 74.6426 74.5758 74.4946 74.3872
  74.2989 74.1773 74.0466 73.9597 73.8584 73.7284 73.5586 73.4457 73.3291 73.2304 73.0665 72.9354 72.8027 72.6283 72.5139 72.3977
  72.2478 72.0995 71.9642 71.8714 71.7712 71.7021 71.6063 71.5537 71.4903 71.4426 71.3805 71.3429 71.2911 71.2294 71.1732 71.1051
  71.0717 71.0287 70.9783 70.9316 70.8851 70.8702 70.9038 70.9644 70.9535 70.8847 70.8347 70.8533 70.9438 70.9249 70.9369 70.959 2*0
  2*0 70.7324 12*0 70.5231 70.7326 71.5658 70.7423 70.6009 71.3652 70.9894 70.962 70.9312 70.8455 70.9473 71.0559 70.9592 70.8663
  70.6824 70.5541 70.6724 70.9496 2*0 70.1431 71.116 71.3706 71.391 71.4246 71.4829 71.5351 71.7239 71.8445 71.879 71.8003 71.7899
  71.6852 71.4931 71.7552 71.885 72.0214 71.9189 72.0228 71.9721 47.5371 3.54358 3.44701 3.46738 3.4981 3.51606 3.45531 3.37607
  3.67534 3.4244 3.45967 153*0 73.693 73.847 73.8188 73.8166 6*0 75.0005 75.1512 74.9515 74.6103 74.3729 74.5638 74.5932 74.6294
  74.6888 74.7069 74.7394 74.8097 74.8937 74.9104 74.9815 75.0208 75.0755 75.1194 75.0892 75.1218 75.2056 75.2533 75.3124 75.3047
  75.3055 75.2629 75.2848 75.2607 75.2375 75.2788 75.2027 75.1747 75.1098 75.0003 74.9344 74.847 74.721 74.646 74.6175 74.4426
  74.3137 74.2164 74.0784 73.9705 73.8581 73.7759 73.638 73.5155 73.3865 73.2706 73.1027 72.9738 72.834 72.6653 72.5394 72.4266
  72.2912 72.1579 72.0275 71.9252 71.8078 71.7158 71.6129 71.5557 71.5008 71.4558 71.4093 71.3638 71.2977 71.2287 71.1669 71.1214
  71.0805 71.0504 70.9991 70.9395 70.9604 70.9493 70.8821 70.9267 70.8968 70.8745 70.8834 70.623 2*0 70.9577 70.7492 70.7257 7*0
  70.6052 2*0 70.5619 70.5541 2*0 70.5276 70.7268 70.8103 71.4721 2.31526 2.15337 2.18488 3.28375 70.937 70.8514 70.8001 71.1307
  70.954 70.5628 70.2427 70.4984 70.4675 70.7138 70.5776 70.6217 70.6562 70.2692 70.4919 70.9995 71.3262 71.4298 71.5106 71.5313
  71.5231 71.6733 71.737 71.76 71.8185 71.9506 71.4787 0 71.5672 71.5826 71.6163 0 71.8337 71.808 0 32.054 3.47012 3.50053 3.52017
  3.52684 3.53224 3.5214 3.45623 3.31016 3.31927 3.36459 3.4046 148*0 73.4961 73.5664 73.6524 73.7893 73.9745 73.9026 74.0638 4*0
  72.5671 73.6467 74.797 75.2653 74.8827 74.3524 74.4425 74.6615 74.6671 74.7158 74.7521 74.7839 74.8419 74.9176 74.9995 75.0256
  75.0816 75.1032 75.1387 75.1767 75.2284 75.3046 75.3273 75.3685 75.3939 75.3846 75.3774 75.3711 75.3813 75.3451 75.3142 75.3496
  75.323 75.2494 75.1824 75.096 75.0108 74.9157 74.815 74.6899 74.5959 74.4851 74.349 74.2827 74.1543 73.9924 73.8701 73.7841
  73.6419 73.5416 73.4203 73.2883 73.1401 72.9982 72.8751 72.7167 72.5583 72.4577 72.3379 72.1949 72.0669 71.95 71.8539 71.7699
  71.6743 71.5867 71.5315 71.4674 71.4128 71.3557 71.3016 71.2435 71.1804 71.1325 71.0892 71.0421 71.0165 71.0326 71.0013 70.9221
  70.8831 70.9361 70.9001 70.88 70.8167 70.5563 70.5048 70.8184 70.78 70.7772 70.7522 61.1004 8.03405 2.59121 2.60508 2.93973 0
  2.29892 0 2.31985 2.27001 5*0 2.83535 3.11518 3.14064 2.18018 2.32959 2.16861 2.82783 2.73074 2.3145 2.532 2.13612 1.97606 1.81169
  1.83765 2.2062 2.05585 70.7007 70.7406 70.9203 70.8784 70.7835 70.6661 71.058 71.1212 71.4892 71.5765 71.5726 71.7327 72.02
  71.9778 71.9544 71.8873 71.6282 71.4615 8*0 71.7805 22.4038 3.52494 3.53154 3.53785 3.55564 3.56687 3.58311 3.39467 3.40694
  3.45623 3.55851 3.69132 145*0 72.9264 72.9915 73.5466 73.6116 73.7447 73.9234 74.0703 74.2384 74.4393 74.5322 74.7914 0 72.7889
  73.4518 74.1978 74.3379 74.8507 74.3947 74.3862 74.532 74.7056 74.7403 74.7798 74.8356 74.9163 74.9798 75.0391 75.0887 75.1284
  75.1714 75.2292 75.2712 75.3093 75.3513 75.399 75.4083 75.4157 75.4318 75.4407 75.421 75.4349 75.4289 75.4189 75.3941 75.3887
  75.4065 75.3157 75.2367 75.1525 75.088 74.9902 74.8758 74.762 74.6516 74.5396 74.3902 74.3066 74.1976 74.0169 73.9103 73.7964
  73.6726 73.5515 73.4336 73.2998 73.1543 73.0235 72.8757 72.7404 72.5966 72.4618 72.34 72.2014 72.073 71.9694 71.8645 71.7683
  71.6833 71.6061 71.5334 71.4691 71.4048 71.3585 71.2959 71.2358 71.1986 71.1507 71.1073 71.0778 71.1303 71.0742 70.9784 70.9048
  70.8654 70.8246 70.7761 70.8452 70.8869 70.7087 70.8313 71.0592 69.9613 51.8288 23.218 3.43594 2.21452 2.32637 2.54734 2.63918
  2.35025 2.01858 2.64388 3.50837 3.31609 1.78151 3*0 2.70467 2.80418 2.84095 2.61405 2.2178 2.0588 2.0299 2.11482 2.20864 2.37617
  2.64557 1.93671 1.93761 2.45658 2.56086 2.29533 2.34051 2.14379 2.24683 2.42285 2.22932 70.8287 70.8493 70.9713 71.1563 71.2503
  71.3819 71.7089 72.0629 71.5931 71.6568 71.9598 71.4524 71.4531 4*0 71.6397 71.6631 2*0 71.7756 71.8019 68.0778 3.53635 3.54148
  3.56076 3.52865 3.57491 3.62059 3.65278 3.66244 3.77243 3.79641 3.7355 3.71437 3.80793 140*0 72.5934 72.8159 72.8343 72.969
  73.1407 73.6049 73.6958 73.8239 73.9782 74.0508 74.1549 74.3766 74.6479 73.8063 73.2861 73.1544 73.9929 74.2871 74.2722 74.275
  74.4619 74.5656 74.7451 74.7922 74.8233 74.887 74.9546 75.02 75.0585 75.1402 75.1999 75.2495 75.2859 75.313 75.38 75.4057 75.4472
  75.4895 75.4928 75.5068 75.5233 75.5327 75.5332 75.4891 75.4805 75.4808 75.4359 75.4119 75.4376 75.3923 75.3051 75.2108 75.1176
  75.0575 74.9384 74.8184 74.7271 74.5939 74.4439 74.328 74.2359 74.1035 73.9401 73.8266 73.6979 73.5934 73.4412 73.2986 73.1403
  73.0232 72.875 72.745 72.6033 72.4856 72.3518 72.2088 72.0859 71.9631 71.8878 71.7798 71.6992 71.6233 71.5465 71.4697 71.4082
  71.3554 71.2898 71.2534 71.2099 71.1512 71.0897 71.1558 71.1255 71.0761 70.9873 70.989 70.9344 70.8197 70.7828 70.7577 70.7631
  61.322 39.7028 28.7141 4.35451 2.4774 2.26832 2.27186 2.23886 2.28733 2.32449 2.49532 2.40085 2.10353 2.05833 0 2.17356 2.01705
  1.77243 1.76483 2.45101 2.35808 2.25482 2.23475 2.17054 1.95968 1.86643 1.91678 2.00506 1.92512 2.12714 2.10504 2.17422 2.35829
  2.46938 2.55133 2.49786 2.27425 2.12336 2.59572 2.1887 2.25381 2.31612 2.29535 2.61855 2.57868 2.45118 3.04091 71.5654 71.5606
  71.4669 71.415 71.4512 71.5271 2*0 71.9155 71.85 0 71.6794 71.6744 2*0 71.7778 71.8302 71.8433 25.4943 3.54401 3.35909 3.74236
  4.02871 3.50243 3.66485 3.51623 4.29661 3.914 3.79677 3.80899 3.87718 3.84579 137*0 72.4836 72.4169 72.5776 72.759 72.893 73.0257
  73.3838 73.6824 73.74 73.7931 73.944 74.0631 74.2324 74.3488 73.8679 73.7238 73.6862 73.8815 74.1647 74.159 74.2859 74.449 74.5385
  74.7176 74.8058 74.8538 74.9 74.9747 75.0583 75.1016 75.1675 75.2536 75.3283 75.354 75.3716 75.4208 75.4948 75.4762 75.5219
  75.5684 75.5668 75.5607 75.6127 75.6501 75.6647 75.6254 75.595 75.5716 75.5283 75.4551 75.4575 75.4362 75.3558 75.275 75.1647
  75.1066 75.0317 74.9055 74.8135 74.6886 74.5081 74.3569 74.2441 74.1245 73.9622 73.8304 73.6962 73.5779 73.4473 73.3036 73.1515
  73.0189 72.8842 72.7422 72.6143 72.5023 72.3633 72.214 72.0937 71.9749 71.8738 71.7968 71.7092 71.6326 71.54 71.4755 71.4105
  71.3576 71.296 71.2507 71.2146 71.153 71.0891 71.1311 71.0849 71.039 71.0507 70.9969 70.9655 70.8282 63.355 35.0822 10.5787
  2.36549 2.36723 2.50148 2.50077 2.39492 2.35812 2.31649 2.31273 2.30066 2.29457 2.17505 2.29224 2.27904 2.05828 2.11846 2.01507
  1.99375 1.98308 2.04955 2.01729 2.01538 2.01944 2.12544 2.23477 2.22625 1.86885 1.87227 1.89392 1.89035 2.04325 2.3632 2.46299
  2.32506 2.40847 2.49539 2.52458 1.9428 2.16627 2.22733 2.22984 2.39072 2.51885 2.59682 2.66056 3.05848 3.19452 3.18383 3.32962
  3.25595 3.17626 3.41023 3.3998 71.5683 0 71.3957 71.8097 0 71.664 71.6809 71.6961 72.3294 71.7486 71.7998 56.0637 32.8888 4.03919
  3.98681 3.94741 4.05418 4.14678 3.6336 3.69984 3.52474 3.52408 3.6489 3.93931 9.1829 29.7114 28.7947 35.2497 68.6934 133*0
  72.4017 72.4643 72.5991 72.4927 72.625 72.881 73.2182 73.4098 73.5559 73.7391 73.7523 73.8871 74.0246 74.1656 74.316 74.3076
  73.9965 74.0617 74.0268 74.1675 74.1684 74.285 74.4427 74.5122 74.5667 74.798 74.8964 74.9503 75.0051 75.0564 75.133 75.2037
  75.2881 75.352 75.4105 75.4436 75.4876 75.5113 75.5605 75.6142 75.6866 75.7494 75.7776 75.7578 75.7675 75.8075 75.7756 75.7302
  75.6849 75.6689 75.628 75.5532 75.4924 75.5028 75.443 75.383 75.2947 75.2187 75.133 74.9898 74.8442 74.7386 74.5737 74.4096 74.273
  74.1466 73.9736 73.8448 73.6823 73.5856 73.4489 73.3106 73.1581 73.0321 72.8834 72.7482 72.6236 72.4978 72.3625 72.2165 72.0921
  71.9879 71.8753 71.8069 71.714 71.6292 71.551 71.4858 71.4151 71.3382 71.2889 71.2587 71.2062 71.1562 71.1173 71.0633 71.0564
  71.0702 71.0634 70.9522 63.463 26.8021 4.22196 2.42609 2.40118 2.36961 2.34359 2.37057 2.35154 2.33122 2.29591 2.26154 2.28539
  2.26937 2.24521 2.23653 2.23487 2.31818 2.24967 2.22989 2.1624 2.16105 2.09417 2.07841 2.14266 2.09197 2.01207 2.16669 2.13007
  2.09818 2.13476 2.01871 2.155 2.28125 2.37701 2.4663 2.54741 2.49884 2.51587 2.62097 2.59814 2.31997 1.97347 2.21673 2.63189
  2.78024 2.7982 2.87192 2.94231 2.96292 3.00348 2.99666 3.00291 3.24642 3.30285 3.33612 3.41639 3.40238 3.02668 2.74882 2.61231
  3.07493 3.60705 72.0093 72.2992 72.2262 71.0045 35.5224 3.77571 3.83189 3.90497 3.98298 3.87056 3.70763 3.78679 3.74724 3.72926
  3.64014 3.35663 3.54878 4.04769 36.8515 51.1109 71.7871 72.0416 72.1873 71.9839 129*0 72.3285 72.3364 72.3695 72.4284 72.5081
  72.6412 72.5586 72.6863 73.063 73.3214 73.4936 73.6119 73.7225 73.8259 73.9471 74.0445 74.2435 74.1748 74.0007 73.897 73.9875
  74.0902 74.1853 74.2857 74.388 74.5486 74.5925 74.6535 74.8854 74.9758 75.0508 75.0999 75.1573 75.2339 75.3052 75.3536 75.4195
  75.5102 75.5839 75.6118 75.6335 75.6657 75.7505 75.8373 75.8347 75.8561 75.8608 75.8681 75.8698 75.8788 75.86 75.8186 75.7614 75.7
  75.6769 75.6049 75.6175 75.5297 75.4692 75.4 75.2875 75.1936 75.0609 74.8804 74.7384 74.5773 74.4017 74.2521 74.1504 73.9906
  73.8643 73.7004 73.5232 73.3942 73.2826 73.1757 73.0368 72.8824 72.7539 72.6152 72.492 72.3632 72.2116 72.0991 71.99 71.8967
  71.8133 71.7124 71.6263 71.5429 71.4838 71.4193 71.3539 71.2985 71.2657 71.2223 71.1665 71.1096 71.1101 71.1162 71.0953 70.956
  48.1897 5.81526 2.50116 2.45732 2.42462 2.3878 2.36442 2.34721 2.33077 2.29861 2.27904 2.25777 2.23287 2.20959 2.21259 2.19716
  2.21271 2.21322 2.22628 2.23077 2.18815 2.15928 2.16066 2.14868 2.14792 2.15035 2.14562 2.09755 2.12529 2.1809 2.23575 2.244
  2.30449 2.35583 2.38072 2.44844 2.4535 2.49522 2.50454 2.541 2.7419 2.83587 2.62574 2.5259 2.73039 3.02764 2.85525 2.73335 2.48
  2.7867 2.72842 2.92258 2.92035 2.98322 3.07979 3.00584 3.09023 2.95362 2.84317 2.90631 2.91022 3.10007 3.1166 3.54292 3.6121
  4.03554 4.01334 3.74099 3.71091 3.89613 3.81357 4.02544 3.96853 3.74588 3.87576 3.85766 3.89951 3.86605 3.76133 3.78044 3.63787
  3.87985 38.3458 66.596 72.3321 72.1257 71.9953 71.9042 71.8608 72.0322 125*0 72.2387 72.2561 72.3206 72.3513 72.3817 72.378
  72.4382 72.4891 72.5363 73.044 73.1751 73.3592 73.5425 73.6386 73.7619 73.929 73.8962 73.8863 73.9566 73.9564 73.8392 73.9598
  74.0713 74.1581 74.2516 74.3499 74.4979 74.5933 74.65 74.7259 74.9617 75.0785 75.1197 75.1877 75.2448 75.3177 75.396 75.4202
  75.5188 75.6055 75.661 75.6792 75.7197 75.767 75.8617 75.9017 75.92 75.9489 75.9643 75.9589 75.9367 75.9335 75.9373 75.9366
  75.9016 75.8378 75.7354 75.6677 75.6895 75.6199 75.5062 75.4055 75.3005 75.2166 75.1036 74.9329 74.7907 74.6327 74.4634 74.3097
  74.1838 74.0322 73.8982 73.6904 73.5824 73.4472 73.3223 73.1874 73.0352 72.8829 72.768 72.626 72.4875 72.3453 72.2235 72.1022
  71.9973 71.9013 71.812 71.7114 71.6169 71.5419 71.4769 71.4151 71.3555 71.3134 71.2835 71.233 71.2141 71.2656 71.2083 71.1689
  71.0952 36.2572 2.58103 2.54004 2.49368 2.45502 2.41897 2.41375 2.38284 2.35377 2.32886 2.29976 2.27795 2.25947 2.24441 2.23408
  2.21131 2.19995 2.19588 2.20521 2.21606 2.17464 2.13281 2.12345 2.1165 2.1256 2.12122 2.09293 2.12707 2.03714 2.11987 2.18487
  2.21819 2.30656 2.36345 2.37199 2.40567 2.458 2.47494 2.60118 2.53767 2.582 2.67373 2.78556 2.87401 2.85385 2.89121 3.00079
  2.90654 3.02785 2.95714 2.9306 2.84444 2.73188 2.84397 2.89173 2.95193 2.7664 3.28319 3.11668 3.10602 3.12154 3.10345 3.10714
  3.18779 3.51527 3.77595 4.01218 4.02806 3.64271 3.86215 3.83922 3.79178 3.81551 4.18209 3.906 3.7904 3.7603 3.80014 3.94428
  3.94878 3.97757 3.94695 3.96253 5.1333 58.7781 72.1868 72.1876 72.125 71.7767 71.8505 72.1916 72.2765 72.313 72.2393 120*0
  72.1504 72.1871 72.2213 72.2892 72.3355 72.3624 72.3021 72.3467 72.3787 72.3916 72.675 73.1199 73.2814 73.4505 73.5513 73.6939
  73.8302 73.7934 73.8395 73.9496 73.938 73.8291 73.9446 74.0778 74.1707 74.2599 74.3056 74.4519 74.5723 74.5999 74.7013 74.891
  75.0143 75.1437 75.1899 75.2622 75.325 75.4 75.5241 75.5986 75.659 75.6989 75.736 75.7996 75.8206 75.8681 75.9168 75.9852 76.0266
  75.9974 76.0064 76.0279 76.0367 76.0319 76.0295 76.0184 75.9918 75.9351 75.8421 75.7609 75.6925 75.6758 75.576 75.502 75.3892
  75.2745 75.1594 74.9903 74.8459 74.6531 74.5114 74.3452 74.2142 74.0408 73.9039 73.7128 73.5702 73.477 73.3307 73.1733 73.0363
  72.9093 72.735 72.6234 72.4758 72.3542 72.222 72.1102 72.0105 71.9016 71.8254 71.7084 71.622 71.5532 71.4729 71.4183 71.3667
  71.317 71.2861 71.2563 71.286 71.2745 71.2176 67.8363 32.2414 3.06454 2.57062 2.53699 2.47512 2.46687 2.44895 2.41193 2.39041
  2.35828 2.33312 2.312 2.2843 2.26443 2.24857 2.24214 2.23033 2.21103 2.1883 2.16378 2.1744 2.161 2.13804 2.1271 2.12363 2.11875
  2.11345 2.11716 2.12185 2.14226 2.19602 2.24354 2.24891 2.28825 2.3553 2.34021 2.41969 2.44006 2.50069 2.54939 2.46828 2.4892
  2.52123 2.67509 2.71417 2.7191 2.86805 2.78018 2.78427 2.82577 2.86618 3.01842 2.93337 2.96871 3.0066 3.02664 3.01839 2.91552
  2.94436 2.92851 2.96892 2.99316 3.00759 3.03649 3.05257 3.2744 3.29058 3.51987 3.81124 3.83527 3.55976 3.54933 3.62526 3.60575
  4.26321 3.80427 3.87067 3.84779 3.87377 3.90813 3.7091 3.83328 3.81239 3.76821 3.60236 3.59349 3.87773 3.89284 3*0 72.3247 72.4102
  72.3813 72.2617 72.0734 72.0808 72.0663 114*0 72.0785 72.0802 72.0962 72.158 72.2012 72.2458 72.3148 72.3469 72.3434 72.2995
  72.3213 72.3592 72.5538 72.8732 73.1011 73.3493 73.4417 73.6089 73.7575 73.8479 73.7648 73.876 73.8765 73.9272 73.966 74.0457
  74.1784 74.2572 74.33 74.4147 74.5084 74.5975 74.6774 74.8899 74.9935 75.0704 75.1816 75.2684 75.3672 75.4302 75.5291 75.6413
  75.6922 75.7294 75.7867 75.8481 75.8884 75.881 75.9349 75.987 76.0775 76.1055 76.1233 76.097 76.1124 76.1144 76.14 76.1013 76.0661
  75.9658 75.9156 75.8833 75.8177 75.7574 75.763 75.6619 75.5514 75.4397 75.3215 75.2114 75.0007 74.8446 74.6937 74.5312 74.3362
  74.194 74.0293 73.9006 73.7421 73.6209 73.4937 73.3444 73.1897 73.0522 72.8857 72.7544 72.6121 72.4708 72.3474 72.2343 72.1109
  72.0128 71.9049 71.8164 71.6863 71.6286 71.5425 71.4888 71.437 71.381 71.3349 71.2953 71.2811 71.3281 71.2876 54.7357 13.8308
  2.7115 2.65466 2.59923 2.52876 2.50801 2.47695 2.43185 2.41013 2.3987 2.36704 2.33887 2.31554 2.29468 2.27462 2.25923 2.25024
  2.24232 2.22534 2.21392 2.19677 2.17673 2.15846 2.13991 2.13494 2.13854 2.14248 2.13202 2.14238 2.14866 2.16749 2.21171 2.25251
  2.23337 2.33927 2.38438 2.42887 2.4743 2.47373 2.53893 2.58488 2.62516 2.64764 2.71358 2.78387 2.76493 2.88902 2.98891 3.01959
  3.02482 3.03188 3.01607 3.02846 3.02365 3.0591 3.05223 3.04987 3.09275 3.10382 3.10773 3.08318 3.18399 3.15611 3.20728 3.25214
  3.34072 3.31941 3.22259 3.34854 3.3793 3.49172 3.54229 3.59095 3.52257 3.65704 3.77093 4.12447 4.09248 3.93586 3.92149 3.96392
  3.96347 3.8939 0 3.46513 3.99359 6*0 3.90282 3.93625 3.70037 3.66571 3.70495 72.0324 72.0409 72.0501 111*0 72.0217 72.0431 72.0768
  72.0808 72.1175 72.1674 72.1981 72.2638 72.311 72.3485 72.3902 72.4237 72.6528 72.7966 72.882 73.0201 73.2181 73.3703 73.4973
  73.6602 73.7457 73.6582 73.7472 73.7491 73.8616 73.952 74.0808 74.2365 74.2573 74.3072 74.3897 74.4602 74.5748 74.7372 74.8811
  75.0329 75.0838 75.1292 75.2128 75.3611 75.4138 75.5677 75.6978 75.7621 75.7857 75.82 75.8855 75.9226 75.9527 75.9796 76.0197
  76.0669 76.1164 76.1893 76.1897 76.236 76.2286 76.2537 76.2184 76.1607 76.0925 76.0695 76.0587 75.9946 75.9024 75.8151 75.8234
  75.7303 75.6127 75.507 75.3564 75.2379 75.0412 74.894 74.7157 74.5393 74.3637 74.2243 74.0264 73.8576 73.7753 73.618 73.4858
  73.316 73.171 73.0361 72.8936 72.7231 72.6219 72.4674 72.3542 72.2354 72.1151 72.0012 71.8907 71.817 71.7086 71.6287 71.5538
  71.4931 71.442 71.3845 71.3362 71.3569 69.869 51.9708 22.6192 2.98414 2.75126 2.71437 2.68225 2.61012 2.55258 2.49057 2.46755
  2.45383 2.43108 2.40726 2.37914 2.34909 2.32795 2.30293 2.28807 2.27604 2.26194 2.2484 2.24106 2.22787 2.20895 2.18389 2.16537
  2.15439 2.15041 2.15332 2.15474 2.16058 2.17154 2.19312 2.2014 2.25006 2.29621 2.34637 2.41865 2.4383 2.45759 2.47569 2.50218
  2.60621 2.66283 2.72562 2.85887 2.85983 2.88258 2.94173 3.06586 3.08164 3.07576 3.07912 3.15263 3.14439 3.1172 3.06946 3.10718
  3.10062 3.09544 3.11334 3.10126 3.15802 3.14503 3.14781 3.22151 3.26285 3.30478 3.40826 3.27956 3.27188 3.32158 3.38634 3.55523
  3.47524 3.46996 3.47139 3.60097 3.67029 3.88952 4.28882 4.01829 4.00335 4.04614 4.4746 3*0 5.43874 7*0 3.85612 3.65 3.69202
  3.71198 4.01953 72.0509 110*0 72.0197 72.0203 72.0235 72.0611 72.0785 72.0842 72.1373 72.1792 72.2162 72.2749 72.3115 72.3556
  72.4098 72.5432 72.7033 72.8669 73.0074 73.1374 73.2634 73.4298 73.5694 73.7088 73.5363 73.5868 73.6808 73.7773 73.8943 74.0077
  74.1886 74.2913 74.3744 74.3524 74.4465 74.5967 74.7892 74.8987 74.9849 75.0769 75.2148 75.1647 75.3043 75.4696 75.5732 75.7124
  75.8438 75.9025 75.874 75.9044 75.9468 76.0032 76.0666 76.0631 76.1202 76.1634 76.2239 76.2762 76.262 76.286 76.2918 76.2795
  76.2553 76.2327 76.1733 76.1149 76.1314 76.0742 75.971 75.88 75.8194 75.7728 75.6591 75.4791 75.4087 75.2119 75.0484 74.8839
  74.7414 74.5496 74.3776 74.2269 74.0547 73.9064 73.7391 73.5814 73.4828 73.298 73.1645 73.0086 72.8664 72.7206 72.6033 72.4578
  72.3437 72.2219 72.0956 71.9906 71.8964 71.8034 71.7141 71.645 71.5612 71.5036 70.5855 54.865 35.0934 17.6949 5.47855 2.90996
  2.87672 2.81727 2.71955 2.68124 2.66386 2.61617 2.56623 2.529 2.49374 2.46335 2.43836 2.41345 2.39003 2.36165 2.34009 2.31881
  2.29301 2.28738 2.27798 2.26039 2.25185 2.241 2.21928 2.19923 2.19241 2.18383 2.18156 2.18768 2.18896 2.20447 2.22649 2.25202
  2.28504 2.32441 2.3567 2.40243 2.4561 2.49976 2.52469 2.5019 2.62278 2.71367 2.7722 2.84157 3.12366 3.02714 3.07246 3.10344
  3.18857 3.18231 3.10609 3.11402 3.13641 3.12986 3.11001 3.13483 3.1354 3.13429 3.13876 3.17427 3.18006 3.14869 3.17439 3.32359
  3.32649 3.3206 3.49573 3.59009 3.39118 3.31877 3.41105 3.50812 3.72203 3.51921 3.48531 3.53931 3.60632 3.63873 3.69198 3.8653
  4.0516 4.10259 4.21162 3*0 5.44111 5.43121 2*0 5.3157 5.30808 3*0 3.8586 3.68896 3.7079 3.72869 3.72956 69.7698 107*0 72.0194
  2*72.0194 72.0199 72.0215 72.0327 72.0657 72.0663 72.0979 72.1498 72.19 72.2396 72.2928 72.3291 72.3717 72.4417 72.5993 72.7688
  72.9544 73.1246 73.1518 73.3425 73.393 73.4636 73.3953 73.4153 73.5061 73.6719 73.8252 73.9268 74.0819 74.2044 74.3198 74.3874
  74.477 74.5931 74.7192 74.8452 74.9642 75.0732 75.1581 75.2993 75.3002 75.386 75.5048 75.709 75.8403 75.8695 75.8726 75.9399
  75.9675 76.0118 76.0885 76.1072 76.1678 76.2123 76.2213 76.2736 76.3339 76.3373 76.3493 76.3541 76.3258 76.3365 76.309 76.2656
  76.1577 76.18 76.098 76.0196 75.9396 75.8363 75.799 75.6618 75.5424 75.4229 75.283 75.0975 74.9409 74.7614 74.5486 74.4128 74.1943
  74.0413 73.923 73.7694 73.6521 73.4551 73.3213 73.1662 72.9992 72.8628 72.7246 72.5807 72.4379 72.3362 72.2032 72.082 71.9773
  71.8843 71.813 71.7185 69.8504 47.8569 29.5249 8.28174 3.09458 3.04644 3.00602 2.96736 2.9212 2.86061 2.81941 2.73626 2.69112
  2.68199 2.64053 2.58343 2.53793 2.50978 2.47374 2.44632 2.42251 2.39187 2.36797 2.33517 2.3222 2.30714 2.29431 2.28141 2.27099
  2.25443 2.2542 2.23978 2.21823 2.20957 2.22303 2.22361 2.22976 2.23356 2.23385 2.25757 2.29833 2.33566 2.38832 2.42813 2.46365
  2.48835 2.5717 2.62104 2.67543 2.88342 2.90618 2.89962 3.0013 2.97457 3.06584 3.1312 3.08041 3.13563 3.14314 3.17369 3.21448
  3.23018 3.19705 3.18157 3.19262 3.17808 3.19144 3.20189 3.2334 3.24257 3.23768 3.28446 3.30382 3.34352 3.35945 3.36725 3.36966
  3.39673 3.41268 3.44784 3.47657 3.49959 3.47845 3.50376 3.6639 3.65086 3.6537 3.61009 3.61427 3.59066 4.12249 4.11076 3*0 5.4364
  5.43833 0 5.46101 5.31772 5.32111 3*0 3.91045 3.72854 3.71084 3.66298 3.75032 41.5624 72.4061 104*0 72.0194 72.0195 72.0194
  72.0194 72.0195 72.0202 72.022 72.0452 72.0707 72.0787 72.1188 72.1599 72.1981 72.2592 72.3029 72.3447 72.3872 72.4906 72.6292
  72.8247 73.0303 73.1147 73.235 73.1725 73.2212 73.2577 73.2172 73.3738 73.5205 73.655 73.8663 73.9614 74.1042 74.221 74.3238
  74.4125 74.5258 74.64 74.753 74.8983 75.0291 75.1397 75.2391 75.3371 75.3469 75.4454 75.5794 75.7429 75.8142 75.8759 75.9458
  75.9897 76.1113 76.1621 76.1493 76.2104 76.2539 76.2654 76.2951 76.3488 76.3868 76.3694 76.3949 76.4281 76.3909 76.396 76.3648
  76.3052 76.221 76.22 76.1484 76.0844 75.9914 75.8718 75.7919 75.697 75.6341 75.4734 75.2983 75.1487 74.9737 74.8206 74.5953
  74.4082 74.2013 74.0301 73.855 73.7793 73.6529 73.4947 73.4008 73.1353 72.9842 72.871 72.7515 72.5793 72.4362 72.332 72.1849
  72.0774 71.9874 71.8339 64.1944 31.6088 7.14079 3.30334 3.21017 3.14624 3.09243 3.02778 2.98931 2.95385 2.90177 2.85569 2.8092
  2.77859 2.73599 2.6872 2.65114 2.59129 2.55645 2.522 2.48084 2.4531 2.4281 2.39785 2.37439 2.35407 2.33643 2.31542 2.30566 2.29401
  2.28582 2.2734 2.26135 2.26775 2.25454 2.25088 2.24868 2.25576 2.26335 2.27015 2.27955 2.30314 2.34179 2.38553 2.42763 2.43964
  2.53595 2.58762 2.71918 2.71891 2.82245 2.89111 2.9024 2.99101 3.04085 3.03339 3.09811 3.11921 3.12643 3.17766 3.22868 3.25197
  3.29497 3.30766 3.26522 3.25753 3.28998 3.28862 3.2926 3.31318 3.3296 3.27979 3.29459 3.33766 3.34159 3.3822 3.42405 3.44241
  3.47426 3.49148 3.53079 3.5584 3.57461 3.53592 3.51685 3.63246 3.73293 3.67293 3.69257 3.68167 3.61475 3.37818 3.94349 7*0
  5.39243 5.34719 5.39454 3*0 3.93829 3.77364 3.50924 3.52109 4.7546 38.1046 72.1047 101*0 72.0221 72.0206 72.0201 72.0199 72.0197
  72.0196 72.0195 72.0196 72.0198 72.0218 72.06 72.0783 72.0872 72.1315 72.1727 72.2116 72.2625 72.3156 72.3584 72.3963 72.4752
  72.7033 72.8407 73.0101 73.0453 73.0435 73.1529 73.1843 73.0669 73.2132 73.3699 73.5234 73.6599 73.8601 74.0127 74.1241 74.2621
  74.354 74.4651 74.5784 74.7471 75.0014 75.0963 75.234 75.3345 75.2843 75.3094 75.3846 75.505 75.6104 75.7257 75.8394 75.9138
  75.9863 76.0384 76.1574 76.167 76.2326 76.2687 76.3062 76.3463 76.3991 76.4201 76.4467 76.4657 76.4528 76.5005 76.4934 76.4167
  76.4038 76.3432 76.2326 76.2811 76.2247 76.1416 76.0258 75.8919 75.8179 75.756 75.6271 75.4687 75.3335 75.2008 75.0021 74.8384
  74.6082 74.3578 74.1708 73.963 73.8172 73.6974 73.5657 73.4682 73.3589 73.0759 72.9953 72.8298 72.6786 72.5141 72.3729 72.2851
  72.1247 72.0735 64.3971 31.3717 3.85426 3.38855 3.40907 3.28821 3.19147 3.13975 3.08394 3.0278 2.98628 2.93521 2.9193 2.88781
  2.81709 2.77789 2.74705 2.69489 2.65234 2.612 2.56252 2.52319 2.49333 2.47221 2.4457 2.41229 2.39015 2.36538 2.34769 2.33346
  2.32281 2.31438 2.30182 2.28606 2.27838 2.27653 2.27018 2.26538 2.27563 2.28112 2.28538 2.29505 2.31996 2.34979 2.37979 2.41212
  2.47699 2.54017 2.67096 2.73314 2.84495 2.80071 2.92169 2.95315 2.97495 3.02733 3.08355 3.1084 3.13856 3.16934 3.19953 3.25593
  3.32354 3.33266 3.35203 3.351 3.34206 3.35386 3.34395 3.33054 3.31942 3.33197 3.32426 3.33099 3.38045 3.40089 3.4325 3.45056
  3.47472 3.46153 3.50998 3.54245 3.56451 3.59965 3.62157 3.59744 3.66211 3.65947 3.69246 3.71867 3.72929 3.71688 3.82476 3.45977 0
  7*0 5.43437 5.40987 5.46772 2*0 3.94375 3.95268 0 4.02802 4.19804 4.26975 23.5644 72.0112 99*0 72.0194 72.0259 72.0235 72.0212
  72.0207 72.0203 72.0201 72.02 3*72.0198 72.0192 0 72.0796 72.0928 72.148 72.1901 72.2296 72.2898 72.3318 72.3731 72.4171 72.5022
  72.7266 72.8978 72.8424 72.9316 73.0851 73.0681 72.97 72.8615 73.0537 73.3706 73.5049 73.641 73.8184 74.0424 74.1771 74.307
  74.3984 74.5248 74.6502 74.8471 75.0367 75.179 75.1809 75.2502 75.2469 75.3161 75.4431 75.5321 75.6029 75.7257 75.8533 75.9368
  75.998 76.1043 76.1381 76.2366 76.2754 76.3214 76.3432 76.4142 76.4527 76.4705 76.4883 76.4934 76.525 76.5232 76.5288 76.5197
  76.4473 76.392 76.3055 76.3012 76.2751 76.1954 76.0553 75.9288 75.861 75.8226 75.6622 75.5206 75.339 75.1845 75.0168 74.8072
  74.5632 74.338 74.1777 74.013 73.9292 73.7217 73.5403 73.3348 73.1526 73.0981 72.9408 72.8151 72.6614 72.4871 72.3733 72.1861
  72.1478 40.37 7.19661 3.54576 3.49342 3.39182 3.28845 3.20166 3.1482 3.13848 3.08105 3.02686 3.01549 2.95215 2.88299 2.88018
  2.81975 2.7711 2.7498 2.70286 2.65356 2.61988 2.58553 2.54731 2.51047 2.48923 2.46799 2.44209 2.41343 2.38775 2.36521 2.34812
  2.33341 2.32408 2.3136 2.30157 2.29236 2.29057 2.28213 2.28462 2.28722 2.3009 2.30908 2.321 2.34947 2.37885 2.40591 2.47286
  2.53969 2.62536 2.69347 2.75827 2.8473 2.90591 2.97912 3.03296 3.10156 3.1692 3.19929 3.24568 3.26064 3.2911 3.31531 3.34142
  3.39094 3.40784 3.43485 3.38911 3.40759 3.40989 3.3934 3.39891 3.39793 3.40471 3.38769 3.41211 3.43493 3.47979 3.46746 3.50962
  3.53537 3.55216 3.58282 3.61146 3.6246 3.63267 3.66119 3.73841 3.79743 3.68938 3.73727 3.77398 3.85074 3.7729 3.76967 3.69128
  3.61507 3.83957 3.85097 5*0 5.59532 5*0 3.40736 3.40706 3.63213 3.90211 4.04429 14.3846 72.0216 71.9775 95*0 72.0576 72.0541
  72.0345 72.0307 72.0334 72.0321 72.027 72.0226 72.0209 72.0208 72.0205 72.0202 72.0203 72.0209 72.0287 72.0586 72.08 72.0925
  72.1486 72.2 72.2653 72.3172 72.3458 72.3897 72.4714 72.5996 72.8048 72.637 72.6822 72.8813 72.9073 73.0109 72.9716 72.9805
  73.0923 73.3456 73.4478 73.5312 73.7464 74.0304 74.1854 74.3313 74.4264 74.5519 74.6784 74.7873 74.8594 75.0087 75.1042 75.1691
  75.2641 75.3521 75.51 75.5481 75.6105 75.7494 75.853 75.9443 76.0452 76.1242 76.2136 76.2841 76.299 76.342 76.3957 76.4508 76.4965
  76.5217 76.5325 76.5443 76.5611 76.567 76.5856 76.5644 76.524 76.4462 76.3443 76.3411 76.3136 76.1842 76.0808 75.9742 75.8849
  75.7855 75.6916 75.5271 75.3834 75.2067 74.9813 74.73 74.5377 74.4545 74.1731 74.0871 73.8657 73.6744 73.5155 73.4229 73.2575
  73.0936 72.9113 72.7567 72.5741 72.3144 72.2737 67.6708 26.0198 3.75049 3.62094 3.53426 3.3874 3.2973 3.27803 3.22894 3.17623
  3.13304 3.07714 3.0226 2.99163 2.93467 2.90159 2.87994 2.82822 2.78237 2.7468 2.71244 2.67024 2.63052 2.58755 2.55918 2.51426
  2.50207 2.47354 2.45383 2.42943 2.40034 2.38729 2.3717 2.35604 2.33198 2.31262 2.30294 2.31678 2.31322 2.30096 2.29413 2.31303
  2.31885 2.32947 2.34976 2.37653 2.4101 2.46589 2.53393 2.59284 2.65591 2.73159 2.8326 2.94432 3.039 3.16041 3.22445 3.25374
  3.28834 3.32855 3.33684 3.36756 3.40251 3.43983 3.46171 3.48084 3.49396 3.48228 3.45743 3.48 3.46641 3.4763 3.47098 3.51757
  3.53198 3.52853 3.54535 3.57962 3.57502 3.55853 3.56549 3.59435 3.62173 3.66035 3.66926 3.69834 3.70609 3.71896 3.74158 3.76682
  3.77314 3.80343 3.87485 3.86152 3.8945 3.96372 3.95341 3.73851 3.61279 3.67352 3.91147 3.94309 3.95216 3.9596 4.89891 5.59445 2*0
  2*0 4.56803 4.03921 3.40519 3.62546 3.64421 3.71012 19.4128 71.9454 72.0171 93*0 72.0472 72.0616 72.0612 72.0512 72.0396 72.0373
  72.0362 72.0404 72.036 72.0301 72.0243 72.0219 72.0213 72.0214 72.0212 72.0242 72.0346 72.0402 72.0801 72.0774 72.1412 72.2268
  72.2971 72.314 72.3582 72.4058 72.4443 72.5083 72.3595 72.5499 72.6626 72.8236 72.8917 72.9815 72.8951 72.9645 73.0585 73.2845
  73.4004 73.5115 73.808 74.0704 74.2102 74.3513 74.5959 74.7845 74.6673 74.7735 74.8804 75.0333 75.08 75.2092 75.2917 75.3939
  75.5027 75.6497 75.6289 75.7269 75.827 75.99 76.0852 76.1855 76.2578 76.2966 76.3362 76.375 76.4257 76.4554 76.5087 76.5463
  76.5561 76.5881 76.5871 76.6076 76.6043 76.5878 76.5744 76.4856 76.4003 76.3572 76.3034 76.2276 76.1685 76.0538 75.8999 75.7807
  75.7118 75.5361 75.3904 75.1842 74.9594 74.7828 74.4707 74.3009 74.1347 73.9045 73.7975 73.6757 73.5029 73.3198 73.1837 73.0365
  72.8481 72.6975 72.4426 70.4785 42.4585 10.1574 3.79528 3.70111 3.54273 3.451 3.42207 3.34274 3.27569 3.21061 3.16955 3.12293
  3.07194 3.02505 2.98129 2.92836 2.91456 2.86708 2.81295 2.78338 2.74168 2.71251 2.67134 2.63637 2.60042 2.56542 2.5374 2.57494
  2.45313 2.46574 2.4456 2.41744 2.3922 2.38003 2.3782 2.34588 2.34994 2.35439 2.3642 2.3203 2.32894 2.33253 2.33138 2.337 2.35402
  2.36849 2.40043 2.44681 2.49534 2.5723 2.63546 2.70861 2.80222 2.9256 3.08739 3.23351 3.31885 3.36532 3.39714 3.41194 3.42497
  3.43865 3.47508 3.48265 3.51068 3.5169 3.54927 3.57984 3.54696 3.55179 3.55681 3.56564 3.58422 3.58544 3.57629 3.57295 3.58634
  3.59947 3.64948 3.67155 3.68485 3.68401 3.65278 3.70457 3.70852 3.73041 3.75506 3.72443 3.75039 3.78314 3.83452 3.85428 3.96558
  3.87113 3.88339 3.90974 3.99683 4.06157 4.09676 4.04907 3.97113 3.69858 3.8324 3.96242 4.21448 5.60491 5.59396 6*0 3.3942 3.73363
  3.74268 3.56032 56.3673 71.9979 71.977 72.0236 89*0 72.0706 72.0542 72.06 72.0526 72.0597 72.0622 72.0574 72.0474 72.0462 72.0623
  72.0588 72.0416 72.0389 72.0315 72.026 72.0231 72.0229 72.024 72.028 72.02 72.0195 72.0441 72.0915 72.1356 72.1889 72.2391 72.2679
  72.3795 72.4008 72.409 72.3319 72.3964 72.5563 72.6849 72.8089 72.868 72.7826 72.7699 72.8463 73.045 72.9921 73.1796 73.5388
  73.8228 73.9749 74.2984 74.5216 74.5686 74.7102 74.6874 74.7455 74.8336 75.021 75.1087 75.2403 75.3296 75.4404 75.5402 75.6431
  75.6021 75.7338 75.859 75.9856 76.1179 76.1957 76.2562 76.3116 76.3652 76.3804 76.4232 76.4609 76.5107 76.5743 76.621 76.6085
  76.6291 76.6541 76.6157 76.6257 76.6272 76.5963 76.4416 76.3958 76.3219 76.3055 76.2215 76.1057 75.9601 75.8182 75.7679 75.5605
  75.442 75.1963 74.9381 74.7411 74.4294 74.3271 74.1431 73.9621 73.8352 73.6546 73.4709 73.2693 73.1415 72.9442 67.4717 43.1176
  32.1169 7.26187 3.99653 3.88463 3.73991 3.61954 3.53187 3.45809 3.38977 3.32211 3.25473 3.20669 3.15697 3.11014 3.06095 3.01859
  2.97426 2.9281 2.89434 2.84677 2.8145 2.77668 2.73909 2.7057 2.67208 2.64329 2.63606 2.5953 2.53225 2.53162 2.46308 2.47291
  2.45827 2.44084 2.40883 2.42339 2.40102 2.39262 2.35225 2.36525 2.36221 2.3263 2.34372 2.34758 2.33022 2.34732 2.3772 2.40046
  2.43195 2.47102 2.51393 2.60169 2.68287 2.77524 2.87544 3.02551 3.20881 3.40835 3.49634 3.5096 3.48358 3.52517 3.54039 3.53029
  3.5444 3.55182 3.56165 3.59177 3.60496 3.6818 3.66183 3.68851 3.68923 3.66749 3.65658 3.65159 3.64684 3.62307 3.65662 3.66003
  3.67683 3.66567 3.68047 3.73546 3.74223 3.79112 3.81845 3.8347 3.81941 3.77317 3.83422 3.83253 3.85359 3.87189 3.90024 3.89716
  3.89856 3.90327 4.19508 4.24996 4.11113 4.20923 4.28741 4.5051 4.26108 3.97386 3.98135 6*0 4.05601 4.06196 3.52923 3.68677 3.6915
  3.43813 71.775 72.0943 71.8925 72.0448 87*0 72.183 72.1567 72.0869 72.073 72.0771 72.0896 72.0882 72.0852 72.0853 72.0833 72.0875
  72.0831 72.0798 72.0704 72.0514 72.0431 72.0365 72.0288 72.0295 72.0316 72.0378 72.0206 72.0399 72.0714 72.1086 72.1287 72.1663
  72.2115 72.2184 72.2944 72.3902 72.3658 72.3687 72.3695 72.563 72.678 72.8383 72.86 72.708 72.8402 73.444 74.1122 74.2554 73.6141
  73.5452 73.6347 73.9174 74.2607 74.4963 74.5319 74.6099 74.7215 74.7694 74.9046 75.0513 75.1563 75.2472 75.3243 75.4584 75.5446
  75.5786 75.636 75.7255 75.8284 75.8927 76.0621 76.1441 76.2534 76.3116 76.3607 76.3808 76.4293 76.466 76.5179 76.5729 76.6194
  76.617 76.6354 76.6602 76.6632 76.6595 76.6675 76.6184 76.5039 76.4247 76.3534 76.3239 76.25 76.1212 75.9695 75.8768 75.7723
  75.5252 75.4293 75.0359 74.9578 74.7456 74.5516 74.3425 74.1228 73.9445 73.7905 73.0939 52.7528 16.8036 7.78895 5.25188 4.43056
  4.28113 4.19652 4.05485 3.90733 3.81471 3.68472 3.60841 3.51769 3.43349 3.3613 3.29882 3.24247 3.18787 3.13797 3.09851 3.05003
  3.00536 2.96836 2.9266 2.89042 2.84025 2.80654 2.77254 2.74718 2.70856 2.75167 2.65508 2.71688 2.57307 2.52058 2.52519 2.51189
  2.49428 2.47191 2.45555 2.36859 2.43396 2.42397 2.40721 2.34383 2.3942 2.38726 2.37696 2.39502 2.40051 2.4132 2.41358 2.41558
  2.44546 2.45195 2.48961 2.54997 2.64638 2.73549 2.82636 2.93946 3.10824 3.28964 3.48907 3.58412 3.57838 3.60146 3.62065 3.63723
  3.61687 3.63196 3.63668 3.66955 3.67011 3.68988 3.76513 3.77582 3.78489 3.74615 3.73325 3.72394 3.72756 3.71126 3.70367 3.72471
  3.68625 3.67519 3.71234 3.73541 3.75218 3.75849 3.8388 3.86863 3.87849 3.88921 3.82329 3.87012 3.87904 3.86361 3.9184 3.98099
  4.04155 4.02862 3.94309 4.27297 4.3618 4.0601 4.36509 4.44318 4.7744 4.50161 4.0248 3.92484 3.99696 3.95106 3*0 4.10296 3.94246
  3.31911 3.65111 3.7263 3.69348 0 72.0864 72.0893 72.1766 71.9834 84*0 72.1942 72.1727 72.189 72.2092 72.104 72.0815 72.1118
  72.1317 72.1379 72.1227 72.1112 72.1054 72.102 72.098 72.0931 72.0867 72.0816 72.0705 72.0521 72.0467 72.0425 72.0419 72.0396
  72.0415 72.0529 72.0617 72.0889 72.1201 72.1435 72.1801 72.2163 72.2102 72.2284 72.3117 72.368 72.3931 72.3912 72.58 72.7543
  72.7006 72.6657 72.7382 72.7922 74.1133 74.4593 72.8706 73.9249 73.9942 73.9777 74.1236 74.4631 74.368 74.4691 74.8345 74.6925
  74.8538 74.8867 74.9534 75.1351 75.2381 75.2837 75.4192 75.5049 75.5593 75.5616 75.7332 75.8132 75.8874 76.0631 76.144 76.236
  76.3187 76.3584 76.4026 76.4348 76.4789 76.5285 76.588 76.6348 76.6122 76.6395 76.6605 76.6562 76.6162 76.6615 76.6376 76.565
  76.4314 76.3766 76.3484 76.274 76.1387 75.9932 75.7763 75.6624 75.5974 75.3808 75.107 74.988 74.7352 74.5391 66.2968 46.3459
  35.7636 15.058 5.26271 5.09568 4.8681 4.69689 4.58844 4.45094 4.28765 4.18309 3.97793 3.86095 3.75243 3.65793 3.56244 3.48706
  3.40541 3.33064 3.26876 3.21558 3.17284 3.12343 3.08372 3.0478 3.00541 2.96806 2.95109 2.89312 2.85822 2.7986 2.77477 2.73511
  2.71885 2.69616 2.65648 2.63096 2.55385 2.58098 2.55243 2.52462 2.50312 2.48717 2.47432 2.4165 2.44609 2.43536 2.43433 2.42441
  2.41773 2.41507 2.42402 2.43455 2.40034 2.44827 2.42608 2.4151 2.43931 2.48915 2.54107 2.60301 2.68293 2.78443 2.88413 3.0273
  3.17419 3.31833 3.50037 3.59361 3.63828 3.66789 3.68462 3.68271 3.70334 3.7177 3.72342 3.75194 3.79649 3.80514 3.81991 3.82718
  3.82463 3.79282 3.76618 3.77758 3.75465 3.70551 3.70366 3.72418 3.72773 3.77226 3.78618 3.8065 3.80861 3.81494 3.81796 3.88034
  3.92387 3.93829 3.9085 3.88469 3.885 3.97412 4.1759 4.15348 4.2263 4.09466 4.19654 4.30415 4.21988 4.07468 4.54921 4.70083 4.97418
  4.55182 4.00162 4.02124 4.1094 3*0 4.14028 4.12927 3.58853 3.64291 3.60061 3.43519 0 72.1191 72.2502 72.1706 72.2218 83*0 72.2458
  72.2089 72.2158 72.216 72.2129 72.1999 72.176 72.1532 72.1764 72.1711 72.1624 72.1546 72.1404 72.1269 72.1143 72.1038 72.098
  72.095 72.0845 72.0591 72.0572 72.0554 72.0606 72.0535 72.05 72.0616 72.0787 72.0801 72.1006 72.1246 72.1496 72.1857 72.2078
  72.2133 72.2428 72.2748 72.3767 72.4997 72.579 72.7419 72.7986 72.5926 72.4356 72.2847 72.2174 72.3075 72.8375 73.2075 73.5527
  74.5756 74.5752 74.6094 74.6544 74.7069 74.8622 75.1219 75.132 75.0334 74.7888 74.8334 75.0178 75.1799 75.2732 75.3802 75.4653
  75.5678 75.5615 75.6988 75.7877 75.9368 76.0693 76.149 76.2453 76.341 76.3835 76.4247 76.4491 76.4898 76.538 76.5804 76.6048
  76.6269 76.6417 76.6608 76.6697 76.5988 76.6285 76.6196 76.5754 76.4842 76.4044 76.3524 76.2769 76.1703 76.0246 75.8899 75.7091
  75.6031 73.0972 44.7148 31.3725 11.6422 6.20611 6.01787 5.79472 5.5963 5.38295 5.2049 5.02125 4.79894 4.67786 4.50732 4.3122
  4.15874 4.0612 3.90299 3.81286 3.71052 3.62419 3.53272 3.46095 3.37815 3.31103 3.24681 3.20405 3.15754 3.12329 3.07861 3.03871
  2.99639 2.95022 2.90739 2.86539 2.83501 2.8099 2.9063 2.6664 2.71867 2.68632 2.65925 2.64284 2.61285 2.59124 2.56665 2.53967
  2.51692 2.49786 2.48191 2.47214 2.46399 2.45631 2.44927 2.44465 2.44082 2.45029 2.45872 2.46165 2.44726 2.43453 2.46901 2.4823
  2.5115 2.56486 2.60017 2.657 2.73974 2.82882 2.92914 3.06954 3.21408 3.37003 3.50861 3.60399 3.65941 3.70046 3.71772 3.74272
  3.76151 3.78334 3.82523 3.83476 3.85549 3.86925 3.8794 3.90291 3.82408 3.80402 3.82042 3.83768 3.78082 3.78824 3.79052 3.80199
  3.78992 3.78828 3.78813 3.81151 3.83282 3.82864 3.87086 3.88747 3.91579 3.93299 3.90996 3.89808 3.95854 4.28871 4.2613 4.19613
  4.2298 4.28702 4.27273 4.41378 4.39096 4.53696 4.68616 4.786 4.8327 4.38714 4.02942 4.16069 3*0 4.16663 4.15645 0 4.09338 3.58669
  3.45019 3.45508 72.23 72.2054 71.9792 3*0 72.3279 78*0 72.4504 72.3213 72.3136 72.2828 72.2726 72.29 72.2534 72.2269 72.2107
  72.1705 72.2183 72.2047 72.1928 72.1838 72.1762 72.169 72.1597 72.1446 72.1209 72.1052 72.0939 72.0609 72.0599 72.0666 72.0725
  72.061 72.0799 72.0819 72.0945 72.1104 72.0969 72.0904 72.1003 72.1456 72.1868 72.202 72.1698 72.2474 72.316 72.3713 72.4894
  72.6468 72.9605 73.2603 72.2232 72.1157 72.1603 72.215 72.7468 73.0077 73.1856 73.1173 74.4351 74.5076 75.0159 75.0512 75.2069
  74.8501 75.0726 75.2689 75.4056 74.7327 74.7589 74.9173 75.0909 75.1986 75.2836 75.4492 75.54 75.6553 75.6849 75.8329 75.9831
  76.0732 76.1606 76.2396 76.3386 76.3997 76.4221 76.4339 76.4785 76.5142 76.5456 76.5977 76.6385 76.6505 76.6125 76.608 76.5855
  76.5946 76.621 76.5707 76.4412 76.3795 76.3299 76.2614 76.1575 69.1776 48.3325 30.1847 19.0879 10.2698 6.88107 6.5939 6.37324
  6.16479 5.97105 5.75974 5.57639 5.3458 5.13284 4.93512 4.70875 4.55382 4.40163 4.1925 4.08793 3.98043 3.84322 3.76128 3.6841
  3.59613 3.51376 3.44272 3.34797 3.28976 3.22671 3.17832 3.14389 3.1192 3.06645 3.02704 2.99207 2.94109 2.90016 2.86171 2.82721
  2.7948 2.77669 2.71897 2.70471 2.69207 2.66491 2.64161 2.61437 2.59299 2.57895 2.55929 2.53786 2.5159 2.49837 2.489 2.47987
  2.47377 2.46951 2.46643 2.468 2.485 2.49339 2.50104 2.4934 2.49795 2.50292 2.53762 2.58549 2.61775 2.65342 2.71091 2.79382 2.86594
  2.97576 3.11604 3.25377 3.40027 3.51719 3.60261 3.65886 3.7194 3.75246 3.77482 3.55601 3.70518 3.8278 3.85884 3.86796 3.88738
  3.90146 3.91094 3.88035 3.85484 3.85944 3.84845 3.84663 3.84043 3.82625 3.83066 3.81952 3.83139 3.83619 3.86793 3.87708 3.88622
  3.88861 3.89648 3.91918 3.93932 3.97993 4.13479 4.17399 4.23493 4.26476 4.16319 4.28226 4.22119 4.52185 4.45199 4.53998 4.66569
  4.90624 5.06983 4.90103 4.5449 4.78413 3.94825 0 4.21639 0 4.20087 4.15323 4.08792 4.09596 3.36564 24.7052 72.1818 72.2381 3*0
  72.3736 72.3491 76*0 72.361 72.3332 72.3696 72.477 72.4227 72.3996 72.3768 72.3638 72.3179 72.3158 72.301 72.2709 72.2616 72.2453
  72.2145 72.2064 72.2122 72.2 72.1888 72.1824 72.1707 72.1457 72.0953 72.0734 72.0757 72.0809 72.0615 72.0194 0 72.0853 72.0892
  72.1125 72.1138 72.0907 72.0953 72.1075 72.1527 72.1735 72.0546 72.0191 72.379 72.5093 72.4011 72.4842 72.831 73.1543 73.2998
  72.7706 72.5192 72.4899 72.7523 72.7238 72.6811 73.3259 74.3941 74.4458 74.8332 74.9731 75.1337 75.251 74.8153 74.9457 75.1503
  75.2223 74.8824 74.5976 74.609 74.9627 75.2215 75.2466 75.3407 75.5566 75.6813 75.7582 75.8912 75.9744 76.0626 76.1652 76.2374
  76.3279 76.3912 76.4274 76.4347 76.4882 76.4865 76.5145 76.5798 76.6065 76.5481 76.5067 76.6446 76.6253 76.6931 76.6295 76.5995
  76.4335 76.3313 76.3305 76.0108 50.842 10.384 7.50281 7.4021 7.22697 7.16418 6.96656 6.66239 6.37495 6.13075 5.91478 5.70657
  5.53697 5.27644 5.06398 4.82172 4.63365 4.45934 4.25823 4.11844 4.0122 3.89435 3.78044 3.68788 3.61024 3.53471 3.46053 3.39845
  3.33925 3.25065 3.20826 3.17727 3.12384 3.10365 3.06131 3.02878 2.97604 2.93775 2.8918 2.85691 2.8287 2.79797 2.77862 2.76473
  2.72271 2.69542 2.66577 2.64306 2.61607 2.5976 2.58192 2.57447 2.55739 2.53325 2.51262 2.50738 2.50386 2.49381 2.49519 2.49038
  2.49224 2.49815 2.51377 2.51369 2.52168 2.52936 2.54777 2.59251 2.63406 2.66463 2.70628 2.76774 2.83739 2.91276 3.03514 3.14657
  3.29227 3.40367 3.5276 3.61477 3.65836 3.72582 3.57298 3.55379 3.57463 3.60324 3.79636 3.93053 3.95082 3.94884 3.94897 3.96113
  3.95683 3.93954 3.95272 3.9315 3.93658 3.91874 3.89686 3.91326 3.894 3.8969 3.87913 3.91794 3.97482 3.98466 3.99142 3.99684
  4.02895 4.08223 4.45306 4.52624 4.20072 4.25151 4.29855 4.24796 4.20471 3.8673 3.92362 4.23966 4.51665 4.74172 4.5418 4.8382
  4.68939 4.59154 17*0 72.3047 72.3317 72.2019 71*0 72.635 72.4725 72.3699 72.4299 72.5724 72.5563 72.4955 72.5485 72.5529 72.5065
  72.4107 72.3884 72.3557 72.3396 72.3162 72.3122 72.2835 72.2487 72.2255 72.2362 72.2262 72.2114 72.191 72.1113 72.0908 72.0833
  72.1029 72.1101 72.0664 2*72.0194 2*0 72.0293 72.1355 72.1285 72.1049 72.1071 72.1559 72.1978 72.2818 0 72.3543 72.4577 72.5275
  72.5823 72.8125 72.9985 73.1906 73.3455 73.0047 72.6108 72.6757 72.7789 72.7311 74.2009 74.5227 74.5485 74.6735 75.0519 75.0956
  74.9502 74.5826 74.9784 75.0968 75.1778 75.2493 74.4772 74.5717 74.7055 74.9102 75.1291 75.1882 75.3394 75.6192 75.8104 75.7378
  75.844 75.9459 76.0412 76.1757 76.2513 76.3081 76.5679 76.7275 76.5263 76.4723 76.4765 76.502 76.5249 76.5762 76.5992 76.6202
  76.6817 76.675 76.6334 76.542 76.5189 76.4591 74.3039 45.2178 12.3714 7.91836 7.66429 7.4273 7.40272 7.25129 7.10624 6.91162
  6.67003 6.41049 6.19343 5.96784 5.68824 5.45654 5.19208 4.93577 4.7205 4.54792 4.37233 4.16505 4.03353 3.9279 3.80584 3.70284
  3.62581 3.53483 3.45796 3.53891 3.41049 3.30511 3.44801 3.17595 3.15064 3.07373 3.08495 3.04743 3.00555 2.96701 2.92579 2.88249
  2.84578 2.82218 2.79195 2.76944 2.75253 2.72 2.68964 2.66181 2.64656 2.62388 2.59694 2.58674 2.57067 2.53598 2.51416 2.49702
  2.50477 2.5249 2.50783 2.50393 2.48769 2.49034 2.49961 2.50645 2.52558 2.53579 2.55657 2.60034 2.64347 2.67227 2.71212 2.75751
  2.81598 2.86869 2.95907 3.06831 3.16937 3.29546 3.43597 3.55222 3.6141 3.6932 3.62696 3.5034 3.5347 3.58052 3.66758 3.95787
  3.98237 4.01209 4.07382 4.05245 4.03279 4.0519 4.03521 4.03011 3.98149 4.02398 3.98262 3.95897 3.96974 3.93196 3.93446 3.94376
  3.9929 4.0224 4.04208 4.03945 4.06707 4.11907 4.20055 4.1975 4.14443 4.18385 3.91356 3.92653 3.80725 3.95541 4.29163 97*0 72.887
  72.8652 72.7976 72.7625 72.6127 72.5109 72.6082 72.6444 72.576 72.6318 72.5911 72.5267 72.5384 72.4933 72.4498 72.407 72.3782
  72.3595 72.3424 72.3303 72.3033 72.2715 72.253 72.245 72.2009 72.1183 72.1344 72.183 72.1612 72.1515 72.1068 2*72.0194 3*0
  72.1512 72.1557 72.1701 72.2221 72.2553 72.2131 72.2933 72.3351 72.3611 72.4804 72.5566 72.7049 72.84 73.0378 73.2117 73.3727
  73.4806 72.9611 73.1836 73.8712 74.2756 74.4081 74.6498 74.7694 74.9378 75.0505 75.1434 74.5451 74.7851 75.0042 75.1011 75.171
  74.975 74.5896 74.7684 74.8028 75.0058 75.1217 75.171 75.352 75.902 76.045 76.017 75.8202 75.93 76.0056 76.1508 76.2378 76.5967
  76.788 76.8133 76.5344 76.4256 76.4394 76.4565 76.4907 76.585 76.5741 76.3924 76.6316 76.3615 76.3828 76.5622 73.5171 42.3901
  10.0639 8.08693 7.94802 7.78259 7.52032 7.55606 7.36226 7.24423 7.07444 6.91208 6.67632 6.40684 6.20596 5.93943 5.70006 5.38092
  5.09022 4.8368 4.59721 4.41971 4.2583 4.09199 3.96936 3.83866 3.72393 3.61879 3.55601 3.49773 3.46123 3.3946 3.30261 3.22926
  3.19904 3.10889 3.13047 3.09672 3.06279 3.01947 2.9876 2.95357 2.91826 2.88071 2.84833 2.81594 2.78602 2.75845 2.74097 2.71236
  2.68592 2.66306 2.63621 2.60395 2.59503 2.58229 2.5453 2.52103 2.51431 2.50801 2.50628 2.53158 2.48755 2.51119 2.50208 2.50804
  2.51152 2.51867 2.53554 2.56503 2.60569 2.63635 2.66778 2.71125 2.7544 2.80837 2.85746 2.91625 3.00891 3.10761 3.20935 3.32872
  3.44662 3.57057 3.64386 3.72493 3.57726 3.54826 3.59076 3.68353 3.82683 4.08919 4.09669 4.16994 4.23803 4.16654 4.12473 4.16201
  4.19448 4.15044 4.06878 4.07603 4.02744 4.01021 3.95595 3.94976 3.99595 4.04464 4.06375 4.08356 4.09075 4.09411 4.10942 104*0
  73.1484 73.1352 73.0601 72.9966 72.9554 72.9352 72.8962 72.7301 72.611 72.5702 72.6743 72.7174 72.7498 72.7136 72.6726 72.6292
  72.5894 72.535 72.4805 72.445 72.424 72.3838 72.3571 72.3447 72.3317 72.3583 72.3218 72.2888 72.2132 72.2083 72.2044 72.1941
  72.1236 72.0912 72.0202 72.0199 3*0 72.1568 72.1367 72.169 72.2163 72.1845 72.2096 72.3059 72.3417 72.3701 72.4962 72.5681 72.7222
  72.869 73.0805 73.2354 73.4007 73.5085 73.5789 73.7225 73.8958 74.4278 74.4997 74.661 74.8434 75.0618 75.1299 75.0522 75.1482
  75.2623 75.1726 75.0757 75.0344 75.1218 74.8178 74.778 74.8695 75.0298 75.1464 75.2854 75.7427 75.9586 76.0235 76.0933 76.0606
  75.8951 75.9516 76.1769 76.604 76.676 76.7209 76.7621 76.5779 76.3778 76.4035 76.4223 76.4495 76.4712 76.527 76.4516 76.5344
  76.3728 58.6906 33.424 8.19662 8.18344 8.10541 8.03755 7.95494 7.79156 7.67869 7.5512 7.38687 7.22901 7.07466 6.91702 6.67059
  6.40206 6.16115 5.91516 5.68223 5.35369 5.00661 4.73787 4.48067 4.31414 4.15205 4.00355 3.86913 3.74444 3.64224 3.53385 3.41906
  3.40472 3.41666 3.24597 3.27513 3.21552 3.17556 3.14076 3.09874 3.06587 3.03593 3.00905 2.97987 2.9405 2.90651 2.8767 2.84708
  2.81252 2.78506 2.75577 2.74231 2.71856 2.68556 2.65251 2.63124 2.60371 2.59511 2.55796 2.52283 2.51829 2.51236 2.51583 2.52485
  2.52305 2.50633 2.52374 2.52677 2.53947 2.55049 2.55855 2.57481 2.59696 2.64201 2.70487 2.75919 2.75177 2.78718 2.85037 2.90347
  2.97161 3.05359 3.1438 3.23554 3.35456 3.4705 3.57693 3.55554 3.72894 3.52982 3.46759 3.26672 3.49716 3.59133 3.93063 4.24328
  4.25001 4.22884 4.18726 4.21314 4.31947 4.34013 4.25159 4.16203 4.17775 4.14435 4.14747 4.0496 4.04811 4.05741 4.06592 106*0
  73.3272 73.2972 73.2798 73.2637 73.2129 73.1653 73.1227 73.0898 73.0598 72.9535 72.7434 72.7125 72.6002 72.5397 72.6943 72.8545
  72.8688 72.8568 72.7394 72.6432 72.6023 72.5367 72.5035 72.4696 72.4285 72.3951 72.377 72.36 72.4159 72.3923 72.3491 72.2608
  72.2236 72.2097 72.1417 72.1157 72.0225 72.0214 72.0205 72.02 8*0 72.296 72.3415 72.3777 72.4274 72.5457 72.6503 72.7784 73.0822
  73.2301 73.2389 73.1716 72.5885 72.8974 73.8844 74.425 74.5637 74.7058 74.8642 74.9356 74.8417 74.9977 75.2145 75.4245 75.8149
  74.8254 74.9242 75.1737 75.0111 74.702 74.9695 75.0484 75.1515 75.3387 75.7003 75.9367 76.0079 76.1654 76.2347 76.2166 76.2334
  76.4499 76.5697 76.6328 76.6763 76.7224 76.6208 76.3531 76.3399 76.3761 76.4016 70.6712 50.0658 40.207 22.4656 10.2523 8.1929
  8.19901 8.16493 8.13267 8.06204 7.98678 7.93037 7.77298 7.67583 7.54149 7.40153 7.232 7.08296 6.92304 6.68231 6.39534 6.20777
  5.86521 5.65471 5.28123 4.91239 4.64729 4.36431 4.19133 4.04936 3.90033 3.76476 3.61943 3.51613 3.45137 3.40871 3.38674 3.30906
  3.23237 3.2095 3.16987 3.12913 3.09673 3.06429 3.04132 3.01459 2.99389 2.96827 2.92935 2.90227 2.87083 2.84031 2.80954 2.78001
  2.74251 2.70836 2.6996 2.67637 2.6587 2.62838 2.59934 2.57939 2.55245 2.5302 2.5397 2.54016 2.52496 2.52712 2.54568 2.55502 2.5546
  2.55723 2.56514 2.57316 2.58822 2.59695 2.62906 2.67689 2.73531 2.78935 2.79708 2.83721 2.88034 2.94126 3.00781 3.08707 3.17613
  3.28399 3.38666 3.48459 3.55462 3.58313 3.61883 3.28886 3.30626 3.45691 3.53637 3.64277 4.02357 4.30848 4.30366 4.34964 4.27771
  4.38233 4.40361 4.42847 4.37447 4.23666 4.22376 4.23594 108*0 73.4517 73.431 73.4189 73.4079 73.4071 73.3891 73.3855 73.3461
  73.0177 72.9269 72.8824 72.8468 72.8401 72.8218 72.8119 72.754 72.7615 72.6429 72.8249 72.8754 72.8118 72.7743 72.7823 72.7265
  72.5984 72.5565 72.5251 72.5029 72.4672 72.4213 72.3993 72.4179 72.4336 72.3662 72.3001 72.2788 72.1722 72.1431 72.133 72.0374
  72.025 72.0214 7*0 72.1985 0 72.2982 72.3442 72.383 72.4303 72.5725 72.6603 72.8088 73.0224 72.6991 72.4672 72.5277 72.6038
  72.5401 0 74.4067 74.4734 2*0 74.4227 74.4746 75.1293 75.3966 75.6193 76.0895 74.6245 74.8049 74.9729 75.253 74.7198 74.9025
  75.0263 75.0823 75.2211 75.4115 75.4904 75.9559 76.131 76.2045 76.1957 76.2419 76.3713 76.5143 76.2533 76.2148 76.2464 75.533
  58.9081 43.4423 35.2692 12.6118 8.05063 8.10067 8.09997 8.07682 8.07089 8.11326 8.12399 8.11568 8.07529 7.98205 7.90165 7.84243
  7.76101 7.60944 7.50553 7.44542 7.26961 7.12119 6.93035 6.68037 6.40321 6.13718 5.83117 5.52522 5.17517 4.8159 4.50356 4.22851
  4.07501 3.94045 3.77457 3.63506 3.53559 3.47555 3.41619 3.3495 3.28488 3.22472 3.17383 3.1158 3.09822 3.07649 3.06169 3.03439
  3.00854 2.99092 2.97862 2.95884 2.92766 2.90042 2.8683 2.83615 2.81102 2.76385 2.71237 2.67954 2.6751 2.71593 2.6517 2.60773
  2.56636 2.57815 2.55725 2.53923 2.53641 2.55191 2.55451 2.55627 2.56662 2.57315 2.57108 2.5761 2.58983 2.59523 2.60881 2.63205
  2.67101 2.73612 2.7747 2.80213 2.81139 2.86974 2.9288 2.98079 3.04805 3.1229 3.21392 3.27969 3.34375 3.47256 3.59935 3.68847
  3.69064 3.56378 3.4556 3.5272 3.56949 3.74648 4.26967 4.27775 4.35822 4.39573 4.42373 4.42877 4.48259 111*0 73.6609 73.6217
  73.6315 73.6189 73.6036 73.5892 73.1104 73.3619 73.228 73.0196 73.0216 72.875 72.8507 72.9485 72.9427 72.9354 72.9163 72.8344
  72.9994 73.0522 73.0419 72.9917 72.8941 72.8404 72.779 72.6884 72.646 72.6639 72.6673 72.5759 72.5308 72.5063 72.4753 72.433
  72.381 72.3346 72.2334 72.1826 72.1806 72.1567 72.1275 72.0677 72.0479 72.0268 7*0 72.2014 72.217 72.311 72.3508 72.3796 72.4308
  72.5852 72.6692 72.8276 72.68 72.3546 72.1961 72.2496 72.3152 72.5143 74.1602 74.4038 74.4222 2*0 74.4236 0 75.2773 75.4284
  75.7462 5*0 74.336 74.7725 74.9653 75.0435 75.2235 75.3871 75.4801 76.0339 76.0841 76.1387 76.145 76.1987 76.2856 76.3448 76.1974
  67.0951 29.816 7.97025 7.9167 7.92507 7.93605 7.95256 7.98414 7.99921 8.112 8.19658 8.10748 8.05085 8.07027 8.03818 7.97637 7.8836
  7.81637 7.77384 7.68835 7.6295 7.54708 7.47765 7.29737 7.14256 6.9492 6.65867 6.41043 6.04172 5.69121 5.30875 5.02112 4.69448
  4.38819 4.14977 4.01632 3.9275 3.65461 3.60842 3.50831 3.38204 3.25918 3.24976 3.17328 3.1114 3.07767 3.05252 3.0335 3.03028
  3.02649 3.00629 2.99214 2.97494 2.95556 2.93347 2.91683 2.87983 2.85862 2.83136 2.8011 2.73021 2.69778 2.66564 2.67299 2.66487
  2.63216 2.61806 2.57473 2.56289 2.55665 2.55323 2.55619 2.56865 2.56561 2.56467 2.57641 2.58028 2.5832 2.59099 2.61273 2.62794
  2.64819 2.66574 2.70544 2.78039 2.81151 2.80697 2.85376 2.90195 2.96332 3.02438 3.10151 3.16068 3.19966 3.28564 3.30917 3.47782
  3.62193 3.72515 3.80322 3.98253 3.96937 3.72223 3.7293 3.98646 4.3091 4.35642 113*0 73.7816 73.7645 73.7696 73.7737 73.7829
  73.7833 73.7739 73.7764 73.2575 73.156 73.1962 72.983 72.9984 72.9986 72.9575 72.8838 72.9219 72.9537 73.0026 73.1102 73.064
  73.0445 73.0133 72.956 72.9492 73.0076 72.9847 72.8357 72.7607 72.7281 72.6712 72.5723 72.5974 72.5828 72.5807 72.5148 72.4046
  72.2047 72.13 72.113 72.0745 72.0635 72.0702 72.0686 72.0769 72.0726 4*0 72.0787 72.0814 72.1389 0 72.203 72.2278 72.3387 72.3555
  72.3903 72.4289 72.5929 72.6763 72.8376 72.4278 72.2504 72.2016 72.2666 72.3117 7*0 75.096 75.2808 75.368 6*0 75.6556 74.9023
  74.865 75.0339 75.2832 75.4616 75.7459 75.9048 75.9426 76.017 76.0602 76.0419 54.0556 39.5533 12.9291 7.74036 7.74772 7.75628
  7.79593 7.84529 7.8504 7.85726 7.87647 8.14002 8.24813 8.23902 8.23312 7.96973 7.91155 7.89 7.83968 7.77837 7.71864 7.65414
  7.62101 7.60806 7.49326 7.34295 7.27389 7.1127 6.93162 6.67969 6.32466 5.96013 5.65182 5.2501 5.0195 4.58661 4.32053 3.93772
  3.71858 3.64045 3.51748 3.41357 3.32701 3.16632 3.21895 3.14934 3.05313 3.01943 2.99453 2.97048 2.97557 2.97503 2.97714 2.98666
  2.98098 2.97783 2.94773 2.92832 2.90793 2.88916 3.0583 2.86811 2.77981 2.71423 2.66594 2.63357 2.64561 2.67195 2.62889 2.61567
  2.6062 2.58355 2.57345 2.54886 2.56031 2.56194 2.56825 2.58208 2.5923 2.60974 2.62421 2.63354 2.64867 2.66607 2.66907 2.69429
  2.74921 2.80093 2.81172 2.84146 2.88274 2.92916 2.99379 3.07118 3.10776 3.17315 3.25606 3.31278 3.35159 3.43663 3.64781 3.79713
  3.84961 3.9792 117*0 73.5083 73.5702 73.8503 73.867 73.8829 73.9051 73.8993 73.8833 73.8742 73.6619 73.4695 73.1396 73.0574
  73.0545 73.1091 73.1067 73.0913 72.9982 72.9874 73.0243 73.1889 73.3626 73.2047 73.1378 73.1014 73.0726 73.0417 73.2317 73.1001
  72.9801 72.8547 72.7158 72.6376 72.657 72.6481 72.5115 72.3972 72.2666 72.2325 72.1755 72.1664 72.1327 72.1008 72.077 72.0642
  72.0708 72.0792 72.0774 72.0766 2*0 72.292 72.2302 72.2286 72.2461 72.1699 0 72.33 72.3435 72.39 72.4367 72.4332 72.6506 72.8636
  72.9093 72.5777 72.5353 72.477 72.2647 8*0 74.9249 75.012 7*0 75.9981 76.032 75.3754 75.0863 75.4195 75.763 75.8515 75.8588
  69.2047 43.6381 27.02 7.82512 7.81207 7.86123 7.80778 7.62303 7.6519 7.65129 7.66089 7.68653 7.68648 7.67621 7.93493 8.03436
  8.04127 8.05551 8.03512 7.78656 7.74551 7.7317 7.70737 7.68037 7.64206 7.59675 7.54118 7.49678 7.41325 7.33491 7.21119 7.10143
  7.02603 6.69359 6.30471 5.96666 5.5778 5.06987 4.73316 4.33119 4.09722 3.91811 3.78243 3.61594 3.42323 3.408 3.29504 3.15239
  3.10085 3.01698 2.96189 2.93512 2.91634 2.9066 2.91143 2.92741 2.937 2.94402 2.95383 2.95028 2.95787 2.92189 2.89436 2.86457
  2.85593 2.80479 2.78089 2.74153 2.71483 2.66232 2.63144 2.65701 2.63091 2.62134 2.61126 2.5953 2.60248 2.57202 2.55126 2.56286
  2.57641 2.58819 2.61861 2.63372 2.6482 2.65997 2.68179 2.70259 2.71792 2.74731 2.78088 2.81629 2.82589 2.8619 2.89797 2.98879
  3.059 3.11041 3.14822 3.21432 3.31857 3.41018 3.42209 3.48446 3.54431 117*0 73.5844 73.2779 73.5904 73.8249 74.0228 74.0322
  74.0252 74.0285 74.0595 74.0318 74.0203 74.0365 73.8056 73.7982 73.2609 73.1212 73.2225 73.2163 73.168 73.1317 73.1822 73.3655
  73.1227 73.3205 73.3966 73.244 73.0173 73.1717 73.2163 73.122 73.3503 73.2041 73.0443 72.8894 72.7101 72.7163 72.7214 72.7473
  72.6894 72.5854 72.648 72.6002 72.4798 72.1692 72.1329 72.1078 72.1015 72.0844 72.09 72.081 72.0796 72.0778 0 72.2726 72.2645
  72.2512 72.2546 72.2682 72.1762 0 72.3384 72.4193 72.4496 72.5119 72.5935 72.6706 72.8167 72.7177 72.6958 72.7724 73.5008 73.2175
  72.4447 72.5862 4*0 74.4227 74.5036 74.5685 8*0 75.298 75.9094 75.9433 75.5514 75.6501 55.8976 41.6128 11.7207 7.65306 7.61908
  7.64096 7.62575 7.68039 7.74189 7.78335 7.50928 7.55125 7.54972 7.55186 7.57024 7.58621 7.54315 7.69436 7.85337 7.87841 7.87517
  7.87721 7.60037 7.6075 7.62184 7.6119 7.58615 7.55997 7.53622 7.50722 7.46317 7.36756 7.41897 7.22437 7.2723 6.88195 6.31756
  6.1791 5.74105 5.44799 5.06861 4.6928 4.2866 4.08999 3.91995 3.68725 3.54123 3.38439 3.16482 3.07507 2.98754 2.92449 2.89406
  2.85974 2.83402 2.83318 2.8389 2.8551 2.86042 2.88338 2.89337 2.91987 2.93763 2.92775 2.91466 2.90392 2.85059 2.82856 2.82152
  2.81118 2.76062 2.72371 2.67675 2.6627 2.64717 2.63993 2.62049 2.60812 2.59705 2.58325 2.55903 2.56511 2.57182 2.58793 2.59791
  2.62146 2.67615 2.65772 2.67114 2.68567 2.71767 2.75469 2.78353 2.80941 2.82214 2.84809 2.88596 2.9413 3.029 3.10772 3.14814
  3.21454 3.24925 3.32315 119*0 73.465 73.6529 73.6125 73.4881 73.5438 73.599 73.2416 73.7203 74.1275 74.1246 74.1418 73.8972 73.703
  73.8901 74.126 73.6951 73.5356 73.3378 73.3885 73.3561 73.3164 73.2932 73.2721 73.4391 73.3883 73.3918 73.3788 73.3937 73.2624
  73.5777 73.6768 73.6067 73.3954 73.1866 73.0601 72.9821 72.9117 72.8197 72.8089 72.7985 72.7841 72.6968 72.6665 72.6156 72.5476
  72.4358 72.1545 72.1425 72.1246 72.1446 72.0936 72.0838 72.0812 72.0799 0 72.2544 72.2757 72.2676 72.2709 72.1439 2*0 72.4347
  72.4489 72.4632 72.5064 72.5068 72.5994 72.6667 72.4539 72.6762 72.9611 73.1185 73.0537 72.7274 72.5414 4*0 74.4342 74.5058
  74.5665 3*0 75.74 75.9333 3*0 75.664 55.7472 42.3199 26.877 7.36045 7.56022 7.82674 7.7565 7.99722 8.0029 7.63919 7.57081 7.55336
  7.60325 7.38383 7.3673 7.41673 7.41749 7.42474 7.44546 7.45687 7.44219 7.43618 7.69038 7.71377 7.71876 7.70587 7.52356 7.50586
  7.48822 7.50279 7.48669 7.47682 7.45767 7.38871 7.41495 7.41691 7.29861 6.83324 7.15313 7.0024 6.4795 6.27691 5.69108 5.2727
  4.91253 4.5831 4.17218 3.96628 3.76072 3.58447 3.41221 3.26443 2.94635 2.87732 2.85483 2.82343 2.78635 2.76006 2.72189 2.74535
  2.76549 2.78886 2.7901 2.80729 2.8451 2.90036 2.91788 2.89607 2.87757 2.86446 2.83635 2.81771 2.81251 2.75728 2.75477 2.72453
  2.68217 2.65979 2.6514 2.61779 2.60258 2.5672 2.56801 2.56093 2.68529 2.62494 2.62707 2.61092 2.62378 2.63379 2.65706 2.66661
  2.68539 2.70459 2.73063 2.77668 2.78583 2.81389 2.84161 2.87755 2.92704 2.99026 3.06014 3.11752 123*0 73.4442 73.8414 73.6854
  73.595 73.6508 73.5406 73.34 73.3031 74.2463 74.2508 73.8018 73.7976 73.8087 73.6587 73.4438 73.6122 73.4698 73.4846 73.4437
  73.4317 73.4141 73.4218 73.4997 73.5567 73.5451 73.521 73.4619 73.435 73.4326 73.5682 73.7391 73.5839 73.3679 73.1138 72.9741
  73.009 73.0009 73.0166 73.0175 72.9464 72.7855 72.7916 72.7989 72.7416 72.6393 72.4161 72.1597 72.1776 72.1948 72.1681 72.1329
  72.0839 72.0447 72.0194 72.0195 72.4158 72.2924 72.2724 72.3026 72.4368 72.4959 72.5039 72.4716 72.4641 72.4553 72.4238 72.4845
  72.6239 72.7093 72.8468 73.2005 73.3787 73.4362 73.3451 73.554 73.6637 4*0 74.4554 74.5093 74.5613 3*0 75.6532 3*0 6.88247 7.41749
  7.42182 7.45173 7.71057 8.00178 8.02731 8.10251 7.99957 7.93795 8.02228 7.73402 7.68778 7.6064 7.29781 7.18454 7.28819 7.32806
  7.337 7.34246 7.34882 7.38456 7.39255 7.49312 7.6063 7.58843 7.58604 7.59025 7.54487 7.37094 7.39063 7.41881 7.40999 7.40057
  7.3624 7.36807 7.24452 7.06591 6.96089 6.89595 7.03953 6.93515 6.66437 6.27773 5.69066 5.16542 4.84207 4.38839 4.0575 3.85199
  3.63987 3.45715 3.31684 3.12994 2.89425 2.81638 2.75521 2.72386 2.70118 2.6708 2.64762 2.66955 2.69313 2.71802 2.72227 2.75649
  2.79025 2.85983 2.88785 2.86302 2.83491 2.8251 2.81843 2.80165 2.77376 2.739 2.72175 2.70501 2.66891 2.65147 2.61723 2.60188
  2.57652 2.58088 2.58269 2.65121 2.58383 2.57768 2.63946 2.67814 2.64249 2.65283 2.67388 2.68779 2.70997 2.72978 2.76107 2.78333
  2.81982 2.85151 2.86643 2.8846 2.91563 122*0 2*72.0194 3*0 73.9652 73.6383 73.7075 73.7655 73.488 73.5559 73.481 73.5701 73.9839
  74.0134 73.6386 73.6833 73.5028 73.5345 73.5051 73.596 73.6184 73.6499 73.5446 73.4933 73.594 73.8007 73.6314 73.655 73.6228
  73.5464 73.3385 73.2073 73.1844 73.1412 73.2054 73.1522 73.072 73.0819 73.1972 73.2168 73.4234 73.2689 73.1449 72.9206 72.8717
  72.8927 72.8656 72.7226 72.2633 72.2259 72.2104 72.2069 72.1945 72.113 3*72.0194 72.0195 72.5384 72.4537 72.5097 72.4914 0 72.4853
  72.4725 72.4756 72.4086 72.3953 72.4496 72.5495 72.6512 72.8085 73.0366 73.1529 73.2156 73.4702 73.4893 73.5763 73.6645 5*0
  74.5024 74.5558 7*0 7.33328 7.36821 7.39226 7.54582 3*0 8.01981 7.75999 7.78429 7.80478 7.5253 7.72261 7.48987 7.10752 7.14164
  7.18156 7.24595 7.26888 7.30101 7.24992 7.28754 7.43584 7.48165 7.48423 7.47156 7.43488 7.42276 7.23516 7.24559 7.27469 7.29366
  7.27957 7.24119 7.20395 7.15713 7.10954 6.9204 7.32436 7.04739 6.81371 6.7144 6.55533 6.20499 5.69048 5.22455 4.79294 4.36623
  4.05329 3.7655 3.51696 3.38509 3.25679 3.04318 2.70436 2.77032 2.65964 2.61499 2.60782 2.58927 2.59124 2.60683 2.6257 2.65291
  2.66966 2.69696 2.73492 2.79168 2.80362 2.79796 2.77974 2.78295 2.77376 2.77194 2.73609 2.72203 2.69023 2.66693 2.65748 2.64082
  2.59502 2.58233 2.56737 2.58413 2.5922 2.56144 2.55275 2.5209 2.53236 2.55848 2.66049 2.67292 2.70086 2.71535 2.73154 2.75463
  2.77999 2.79402 2.82434 124*0 3*72.0194 3*0 72.7469 73.5025 73.6491 73.9036 73.7186 73.5915 73.9811 73.5737 73.4268 73.9766
  74.0324 73.8715 73.8615 73.7149 73.5717 73.6928 73.6955 73.6808 73.7375 73.7991 73.8774 74.2284 74.1374 74.0333 73.8938 73.6764
  73.3024 73.2991 73.2778 73.401 73.3673 73.3328 73.2653 73.155 73.258 73.4039 73.699 73.5889 73.3689 73.2214 73.1014 73.0469
  73.0285 73.0734 3*0 72.0194 0 5*72.0194 2*0 72.5204 3*0 72.3536 72.3947 72.439 72.361 72.3971 72.4546 72.546 72.6409 72.8745
  73.0089 73.0306 73.0351 73.3707 73.4852 15*0 7.11487 7.12766 7.21722 7.41647 2*0 7.12969 7.30343 7.92235 7.71535 7.51509 7.56713
  7.64044 7.55021 6.89713 6.71706 6.85377 7.04462 7.15259 7.19321 7.12412 7.07448 7.29956 7.33959 7.29667 7.3334 7.28934 7.15616
  7.02574 7.05291 7.09112 7.12589 7.13477 7.08867 7.0466 6.86493 6.83583 6.8191 6.62782 6.80171 6.69389 6.67425 6.60793 6.45778
  5.99131 5.59568 5.23207 4.7786 4.31075 3.98115 3.62714 3.41161 3.25482 3.07873 2.87978 2.71056 2.66736 2.55058 2.50922 2.50025
  2.5021 2.53228 2.54429 2.56863 2.59122 2.6092 2.63233 2.67937 2.71741 2.73009 2.72943 2.74169 2.74285 2.71947 2.71726 2.69959
  2.62733 2.64092 2.63831 2.63839 2.60384 2.58576 2.52738 2.56044 2.56804 2.54611 2.52067 2.52165 2.54456 2.54416 2.609 2.66853
  2.69056 2.70892 2.72829 2.75099 125*0 72.6099 2*0 3*72.0194 0 72.7752 72.7829 72.6179 73.4523 73.3668 73.6747 73.5799 73.6586
  73.7577 73.5715 73.6393 74.1176 74.1439 74.1255 74.0111 73.979 73.8388 73.8199 73.6166 73.6851 73.8105 74.0686 74.0581 74.4281
  74.4664 74.3812 74.3248 74.0541 73.6585 73.5522 73.71 73.6538 73.6057 73.5606 73.454 73.3548 73.5234 73.6534 73.7754 73.6271
  73.3821 73.3519 73.3049 73.2169 73.0913 6*72.0194 10*0 72.3492 72.3514 72.3582 72.3809 72.3721 72.3913 72.4196 72.5546 72.7806
  72.843 72.9297 73.1518 73.4694 12*0 5.26553 5.96709 6.22478 6.59799 6.71549 6.96794 6.99163 7.01481 7.03071 7.31322 6.93426
  7.16038 7.31046 7.35012 7.45682 7.29946 7.18429 7.23464 6.97315 6.54017 6.29758 6.39319 6.87999 6.8644 6.88885 7.02263 7.3845
  7.26287 7.02306 6.98617 6.97465 6.99758 6.92464 6.91675 6.96397 6.96394 6.92774 6.92632 6.90405 6.82738 6.78483 6.73148 7.10332
  6.58058 6.51445 6.47161 6.65947 6.45418 6.24006 5.93314 5.49133 4.95665 4.45726 4.09845 3.73782 3.43842 3.20287 3.00109 2.83833
  2.66307 2.56042 2.54467 2.45554 2.38148 2.38963 2.40751 2.44798 2.47346 2.47925 2.44206 2.44953 2.55906 2.61594 2.66928 2.6627
  2.66532 2.6615 2.64884 2.63031 2.618 2.61146 2.63061 2.6158 2.61223 2.62553 2.5455 2.52236 2.51806 2.49508 2.50757 2.51745 2.53743
  2.59511 2.61317 2.58548 2.63373 2.6651 2.68746 126*0 72.61 72.619 72.6508 72.6784 0 2*72.0194 2*0 72.9073 72.9311 74.3148 73.6363
  73.4905 73.4927 73.702 73.8018 73.8541 73.8833 73.8936 74.0671 74.2929 74.0007 74.1483 74.1244 74.1419 73.9826 74.0902 74.2362
  74.2476 74.2117 74.3765 74.7051 74.5127 74.5259 74.4852 74.2455 73.9772 73.9195 73.8562 73.7274 73.683 73.6334 73.8223 73.6906
  73.5265 73.7958 73.9711 73.8747 73.6643 73.6409 73.4494 73.3061 16*0 72.3502 72.39 72.372 72.3549 72.3546 72.3526 72.3795 72.4057
  72.5115 72.5562 72.6576 73.2153 73.2719 73.4632 11*0 5.56923 5.89533 6.00311 6.47265 6.61252 6.72907 6.91781 6.92339 6.93259
  6.93534 6.94399 6.99917 6.97135 7.06854 7.10091 7.27229 7.29427 7.17026 7.20439 6.899 6.79631 7.05988 7.14396 7.73429 8.49233 2*0
  6.83664 6.67919 6.56969 6.48386 6.74466 6.64544 6.80842 6.80435 6.83775 6.80585 6.68121 6.73544 6.71636 6.71078 6.90941 6.54576
  6.64205 6.23601 6.06495 6.07482 6.1458 6.08153 5.74853 5.42785 5.02058 4.60938 4.22253 3.88128 3.54439 3.27643 3.09846 2.92224
  2.73941 2.54222 2.45465 2.40013 2.36729 2.33043 2.31105 2.31079 2.37558 2.3444 2.29844 2.33232 2.38391 2.46574 2.51722 2.55664
  2.58819 2.59325 2.58751 2.5991 2.6142 2.62003 2.61725 2.48232 2.48965 2.57498 2.5844 2.54255 2.56777 2.58025 2.50679 2.50989
  2.55395 2.62697 2.63144 2.63902 2.6453 127*0 72.61 72.6173 72.6509 72.6899 72.711 72.7378 3*0 72.96 72.9812 72.9904 73.8056
  74.5042 74.1754 73.3482 73.3008 73.6258 73.7361 73.8797 74.058 73.9237 73.8002 73.8519 73.8732 73.8847 74.1712 74.323 74.465
  74.4216 74.4214 74.5895 74.8475 74.9181 74.8773 74.714 74.7923 74.6099 74.2994 74.091 74.0502 74.0258 74.0549 74.0607 74.339
  74.0987 73.6569 73.6713 73.9475 73.8121 73.745 73.8079 73.6142 73.4023 16*0 72.1584 72.5126 72.4095 72.3825 72.3728 72.3394
  72.3487 72.3831 72.3738 72.5055 72.4951 72.6168 73.1516 73.2551 73.4303 9*0 6.20667 5.92746 5.7886 5.80892 5.93429 6.19902 6.48972
  6.65468 6.84939 6.65549 6.65597 6.67938 6.6706 6.67987 6.72025 6.79854 6.78627 6.73497 6.92234 6.89491 7.14985 7.29533 6.83939 2*0
  4*0 6.46533 6.32073 6.16885 6.11325 6.52504 6.62364 6.64903 6.7387 6.67137 6.49192 6.56128 6.98357 6.78173 6.37527 6.52652 5.9803
  6.00774 6.11385 5.87962 5.88646 5.71375 5.55062 5.31305 5.02214 4.72063 4.37488 4.03969 3.75685 3.38732 3.25261 3.09287 2.8149
  2.62562 2.46426 2.34673 2.27542 2.25179 2.26441 2.24994 2.25594 2.30727 2.20222 2.24694 2.27546 2.37045 2.42762 2.46336 2.48158
  2.5097 2.52332 2.55435 2.59163 2.5874 2.61619 2.52247 2.54103 2.58403 2.58135 2.59283 2.59367 2.59084 2.59262 2.53464 2.50802
  2.56866 2.62591 128*0 72.6008 72.6071 72.6323 72.6859 72.71 72.7392 72.7803 72.8424 72.9114 72.9576 72.9953 73.022 73.0292 73.0326
  73.59 73.9857 74.0349 73.098 72.9263 73.2019 73.8573 74.0682 74.4176 74.4569 74.0247 74.1671 74.0815 74.3609 74.5502 74.7449
  74.7369 74.6666 74.6396 75.1049 75.1886 75.1539 74.6208 74.2355 74.3473 74.2802 74.515 74.8652 74.7851 74.702 74.6487 74.618
  74.5738 73.8211 73.7743 73.7688 74.0518 73.9415 74.0939 73.9417 73.5803 73.2487 11*0 72.4225 72.5388 72.4998 72.4675 72.6146
  72.5397 72.4403 72.3895 72.3794 72.3813 72.3883 72.3492 72.3713 72.4757 72.5064 72.5449 72.839 73.0316 73.2093 73.4469 73.5014 2*0
  5*0 6.01484 6.02063 5.8796 5.8942 5.63011 5.88085 6.10462 6.35047 6.36468 6.19941 6.1212 6.06866 6.02726 6.16039 6.1654 6.51755
  6.78647 6.57545 6.5964 6.59448 6.6179 6.93866 7.38875 8*0 6.0751 3*0 6.78021 6.51258 6.43071 6.31665 6.24869 6.4592 6.47843
  6.34725 6.26648 6.2586 5.76992 6.1998 5.98617 5.67232 5.54826 5.45219 5.17952 4.95517 4.76342 4.51035 4.2627 4.12496 3.40961
  3.15844 3.14318 3.06191 2.79407 2.54287 2.38204 2.22379 2.15612 2.17001 2.17927 2.15775 2.18993 2.22329 2.13414 2.18705 2.28937
  2.3707 2.43962 2.51252 2.54338 2.57397 2.58359 2.61138 2.63076 2.58294 2.56993 2.57684 2.60406 2.59977 2.58278 2.58595 2.59997
  2.5939 2.59558 2.59541 128*0 73.0013 73.0356 72.7774 72.6132 72.6467 72.6937 72.7294 72.7753 72.8426 72.9172 72.967 73.0066
  73.0306 73.0497 73.0548 73.0598 73.0886 73.1233 73.1686 73.2017 73.2277 72.8964 72.8931 74.0246 74.6072 74.6476 74.4725 74.3488
  74.5196 74.5507 74.934 74.9651 74.9344 74.6809 74.3502 74.8923 74.4334 75.154 74.7184 74.799 74.6828 74.4579 74.8937 75.1264
  75.0571 74.9687 74.903 74.8497 74.7633 74.1253 74.1354 73.9885 74.0975 74.2035 74.246 74.1682 73.8608 73.6533 11*0 72.4854 72.5186
  72.6285 72.5829 72.4995 72.4912 72.4717 72.4308 72.4022 72.4293 72.4202 72.4438 72.4757 72.5303 72.5357 72.5267 72.6876 72.8592
  73.1001 73.3841 70.1201 7*0 5.61634 5.63941 5.66694 5.69305 5.82684 6.04585 6.01234 6.17451 6.1151 5.95027 5.84654 5.84497 5.91606
  5.95475 6.0262 6.11768 6.30852 6.38161 6.43497 6.40897 6.35986 6.59087 6.72244 6.69495 6.74687 11*0 7.44318 6.33942 6.14344
  6.16181 6.14618 6.28948 6.30998 6.1283 6.23391 5.62775 5.55865 5.91089 5.66951 5.31189 5.2047 5.09596 4.88908 4.74965 4.48383
  4.29133 4.10095 3.47054 3.46507 3.29299 3.21022 3.04454 2.7216 2.46658 2.31988 2.16505 2.02301 2.12165 2.15192 2.14019 2.16338
  2.15186 2.10403 2.21634 2.28485 2.35392 2.42922 2.58232 2.70584 2.69328 2.68004 2.68091 2.83964 2.81373 2.65122 2.69199 2.69909
  2.5873 2.59838 2.60318 2.60022 129*0 72.9011 72.9622 73.0449 72.836 72.6235 72.6716 72.7057 72.7389 72.8058 72.9081 73.1179 73.154
  73.0336 73.0548 73.0846 73.0921 73.1213 73.1769 73.2169 73.2481 73.2997 73.3326 72.7172 72.6272 72.6401 74.7579 74.2425 74.0434
  73.3644 74.6649 75.1172 74.9704 74.9374 75.1571 75.1682 74.9325 74.7176 74.8818 75.0142 74.9712 74.9194 74.9751 75.0684 74.8752
  75.4447 75.3273 75.2065 75.1607 75.1359 75.0456 74.7079 74.2822 74.0696 74.1176 74.5963 74.5444 74.3596 74.0573 73.8302 73.8515 0
  10*0 72.5908 72.6042 72.7393 72.6298 72.5733 72.5213 72.4894 72.4665 72.4989 72.4494 72.4649 72.4597 72.5078 72.5186 72.485
  72.6562 72.7206 72.8307 68.9895 64.8102 16.5564 4.75035 6*0 5.75892 5.5383 5.52823 5.64015 5.92665 6.09802 6.13761 6.2499 6.11551
  5.84028 5.80179 5.72756 5.7643 5.90712 6.08203 6.12833 6.1941 6.28783 6.27151 6.23851 6.00164 6.08071 6.07762 6.21818 6.28739
  5.88712 9*0 7.42462 6.89301 6.15523 6.00369 5.98475 6.06476 6.12894 6.13242 6.07718 5.77102 5.60714 5.811 5.79404 5.47455 5.06089
  4.79299 4.74732 4.48067 4.25839 4.04306 4.10929 3.76451 3.47299 3.23785 3.33264 3.13584 2.97038 2.67403 2.42152 2.32982 2.17384
  2.11634 2.10514 2.09778 2.11682 2.21537 2.11431 2.13129 2.17063 2.2576 2.31531 2.53879 2.69131 2.74082 2.7443 2.90655 3.15562
  3.0505 3.01775 2.85435 2.74131 2.74451 2.7327 129*0 72.8446 72.8062 72.9112 72.9863 73.0825 72.9733 72.6378 72.6893 72.7194
  72.7611 72.8321 72.9193 73.2756 73.0316 73.0541 73.0901 73.1517 73.1905 73.2027 73.2424 73.3009 73.3534 73.4011 73.4264 73.1132
  72.9049 72.7629 72.777 73.7698 73.1623 72.6916 72.7065 73.9353 74.4749 74.4304 74.6241 74.6597 74.824 74.9317 75.0584 75.2644
  75.1685 75.143 75.1242 75.2264 75.5826 75.8085 75.6739 75.5738 75.5168 75.4474 75.3313 75.3068 75.0618 75.0235 75.0143 74.7869
  74.5903 74.3593 74.3193 74.2606 74.2414 74.2738 74.1777 74.1376 9*0 72.6405 72.9292 72.8071 72.7022 72.7067 72.6233 72.6164 72.57
  72.466 72.4366 72.4557 72.4435 72.4485 72.4982 72.5747 72.6999 72.7738 72.8102 60.9329 5.23322 4.74678 4.71765 5*0 5.91692 5.60715
  5.63387 5.6025 5.65792 5.98777 6.15617 6.1346 6.11545 5.99138 5.61634 5.69435 5.72842 5.843 5.98373 6.06179 6.13034 6.16192
  6.16381 6.14797 6.06806 5.89843 5.86326 5.93306 6.0379 6.1687 6.2747 8*0 7.06857 7.08933 6.34885 6.05744 5.86692 5.88313 5.78807
  5.90032 5.9001 5.69574 5.55759 5.52587 5.6504 5.61672 5.2963 4.99206 4.89848 4.76867 4.46364 4.10741 4.07076 4.19677 3.94348
  3.64949 3.51773 3.30141 3.20821 2.90196 2.63562 2.49427 2.27425 2.15228 2.12475 2.09811 2.08415 2.15476 2.27702 2.11331 2.13076
  2.16307 2.25091 2.39697 2.64327 2.69442 2.69163 2.96412 3.09802 3.03081 0 3.08923 2.79742 2.7543 129*0 73.1559 72.8851 72.95
  73.0405 73.1229 73.1695 73.1678 72.8722 72.7 72.7338 72.7846 72.8785 72.9538 73.1797 73.4946 73.4258 73.1281 73.1759 73.2327
  73.261 73.3305 73.3935 73.4277 73.4548 73.4774 73.4871 73.4888 72.8418 72.9336 72.9304 72.9292 72.6924 72.7439 72.7656 74.7042
  75.6112 74.7492 75.2795 75.0841 75.5037 75.5008 75.4793 75.4154 75.3347 75.5053 75.9261 76.19 76.416 76.5308 76.473 76.3598
  75.7352 76.1292 76.0578 75.7891 75.6221 75.2364 74.8735 74.8504 74.7318 74.4884 74.2091 74.4132 74.4725 74.3192 74.2683 74.2355 0
  7*0 73.6333 73.1797 73.0512 72.8845 72.8076 72.8391 72.8493 72.7933 72.6345 72.5481 72.5278 72.492 72.5492 72.5566 72.5934 72.5963
  72.6149 72.9019 33.4676 15.518 4.66369 4.73058 5.08588 5*0 5.38226 5.50097 5.64722 5.70248 5.78408 6.03584 6.25529 6.26266 6.1249
  5.94851 5.4109 5.68772 5.86049 5.91675 5.93596 5.97849 6.06449 6.08861 6.09627 6.07683 5.95636 5.95388 5.92572 6.06787 6.10204
  5.99096 6.14865 8*0 6.84512 6.54458 5.95561 5.81448 5.78553 5.84008 5.70046 5.67336 5.62847 5.72912 5.42557 5.45586 5.46556
  5.36493 5.1224 4.18295 4.52108 4.38825 4.38692 4.47394 4.28822 3.84698 3.86372 3.65627 3.52694 3.57072 3.41207 2.9501 2.65042
  2.52134 2.28749 2.22722 2.15673 2.10895 2.1365 2.2812 2.27498 2.31847 2.30161 2.34837 2.55665 2.66365 2.7417 2.9856 3.27847
  3.09173 3.06637 2.97737 131*0 73.2257 73.1785 73.013 72.943 73.0125 73.1466 73.216 73.1825 73.187 73.1627 72.7456 72.8129 73.484
  73.6455 73.4441 73.2462 73.7117 73.913 74.0968 2*0 73.3852 73.4198 73.4611 73.4757 73.4957 73.4995 73.5007 0 73.5437 73.5685
  73.5751 73.5966 73.2565 74.096 75.8202 75.7751 75.7012 74.854 75.0663 75.3766 75.7885 75.7518 75.7155 75.6251 75.7733 76.6426
  76.5724 77.0588 77.084 76.7715 76.6085 76.6588 76.5246 76.0584 75.6218 75.8692 75.7269 75.0964 74.9882 74.9734 74.613 74.3792
  74.3434 74.7252 74.5963 74.5074 74.3624 74.0403 74.4358 73.8845 5*0 73.5191 73.5452 73.1865 73.0805 73.004 72.923 72.9718 72.9282
  72.759 72.6676 72.6599 72.6491 72.65 72.6242 72.6129 72.5413 72.5522 72.5703 44.8615 6.50488 4.51905 4.53885 4.34739 4*0 5.1624
  5.28596 5.3143 5.46862 5.61876 5.76592 5.84522 5.85237 5.86659 6.06266 6.17192 5.74763 5.63691 5.70212 5.79554 5.85553 5.89851
  5.95358 5.99166 5.99777 6.03022 6.05994 6.042 5.98564 6.01798 6.04919 6.01561 5.99092 5.82785 5*0 6.68546 0 6.71051 6.22947
  5.83864 5.7443 5.78643 5.75155 5.72386 5.55724 5.42608 5.55462 5.55333 5.40712 5.30823 5.44083 5.33645 5.0149 4.06112 3.48006
  3.7741 4.41856 4.42288 4.27938 3.82395 3.70552 3.54859 3.66682 3.88733 3.66999 3.20649 3.08074 2.55993 2.38506 2.28839 2.21728
  2.19993 2.09738 2.08786 2.12377 2.21784 2.40419 2.62025 2.68756 2.7583 3.24907 3.24013 133*0 72.9606 73.0614 72.9424 72.9797
  72.9577 72.4623 72.7681 73.1931 73.2085 73.2039 73.2378 73.1977 73.3241 73.279 73.6668 73.7097 73.7697 73.1096 74.0619 74.0914
  74.1443 10*0 73.5764 73.6037 73.6173 73.6556 73.1028 74.9621 74.8764 75.5851 75.9855 75.4361 75.963 76.0165 75.9548 75.9107
  76.2339 77.1225 77.9703 77.8885 77.8307 77.5668 77.0761 76.9539 76.8533 76.7476 76.5896 76.2776 76.2421 76.0657 75.6992 75.3718
  75.2639 75.3191 74.997 74.559 74.509 74.442 74.408 74.3422 0 74.2655 73.4198 5*0 73.7388 73.7377 73.6488 73.3158 73.1867 73.023
  73.0989 72.9491 72.7957 72.6962 72.7649 72.7711 72.759 72.6905 72.5148 72.3569 72.378 72.4742 19.1823 4.51142 4.43302 4.38352
  4.19401 3.89094 3.90586 2*0 5.9075 5.57572 5.43388 5.49805 5.51513 5.59759 5.58162 5.55715 5.54832 5.52088 5.61126 5.72009 5.71932
  5.61023 5.64745 5.74784 5.82214 5.86816 5.8896 5.90545 5.91161 5.9488 5.9791 5.96689 5.90974 5.91133 5.94873 5.90362 5.8721 5*0
  5.7028 6.00759 5.94575 5.81676 5.71954 5.69408 5.72454 5.70885 5.63229 5.65803 5.46098 5.28987 5.41064 5.3512 5.24849 5.23177
  5.34956 5.48804 5.52822 4.68427 3.50298 3.96512 4.05903 3.95168 3.71653 3.60343 3.55451 3.49296 3.48762 3.60334 3.43435 3.38928
  3.50712 2.48623 2.36484 2.30284 2.22402 2.01598 2.11475 2.20192 2.24726 2.38389 2.59694 2.66347 3.04074 3.2155 3.20587 3.21082 2*0
  129*0 72.5911 72.6373 72.6621 72.8276 72.8718 73.1291 73.0427 72.5577 72.8325 73.1769 73.2041 73.2321 73.2779 73.1804 73.4119
  73.4856 73.7634 73.8458 73.6484 73.2135 8*0 74.1823 74.198 74.2063 6*0 73.2777 74.8923 75.5892 77.0491 76.7847 76.8545 76.8205
  76.2043 76.9032 77.1942 77.3627 76.9963 77.6432 77.5467 77.698 77.7682 77.126 76.8119 77.1758 77.0863 76.8405 76.6039 76.4176
  76.2571 76.0958 75.697 75.6383 75.6388 75.6005 75.0249 74.5703 74.5245 74.4636 2*0 74.3218 74.2563 4*0 74.2009 73.8037 73.7992
  73.7076 73.4036 73.3398 73.466 73.353 73.0924 72.8867 72.8802 72.7181 72.3791 72.3211 72.3312 72.3006 62.4616 37.9969 0 4.2971
  4.39909 4.3402 3.999 3.8919 3.89238 3.83894 2*0 5.8291 5.61596 5.57961 5.63583 5.664 5.65587 5.59855 5.61712 5.57398 5.41936
  5.3404 5.3629 5.44043 5.52954 5.58814 5.65626 5.71671 5.81445 5.82873 5.83109 5.85989 5.8703 5.88968 5.8759 5.83718 5.82385
  5.82858 5.65605 5.78368 4*0 5.41597 5.66697 5.80682 5.7779 5.73792 5.69857 5.67735 5.63529 5.51806 5.55745 5.57392 5.53465 5.13191
  4.9558 4.50452 5.18453 5.37673 5.29978 5.63367 4.82553 3.68034 4.46966 3.89843 3.71568 3.5391 3.38623 3.20058 3.40677 3.29855
  2.83413 2.6455 2.29294 3.04698 3.06603 2.54467 2.26342 2.23532 2.00674 2.10034 2.20158 2.33674 2.60102 2.70267 2.71441 2.91859
  2.9864 2.94478 131*0 72.5115 72.5565 72.6011 72.6771 72.7925 72.7506 72.9073 73.2101 73.128 73.0223 73.2558 73.177 73.1767 73.2944
  73.3565 73.3143 73.504 73.5031 73.9307 73.8662 73.7561 74.0095 74.0037 72.0194 2*0 74.0748 74.0866 73.6384 73.2652 73.3758 73.6292
  73.7182 73.8724 73.0746 73.7267 3*0 72.8361 74.5285 78.4783 79.184 78.255 77.8977 77.4158 77.4424 77.7016 77.3633 77.1983 76.8732
  76.742 77.3712 77.5473 77.2994 76.9492 77.5143 77.4156 77.3341 77.1803 77.0003 76.8408 76.7389 76.5856 76.4337 75.9067 75.7896
  75.6614 75.3349 74.8429 4*0 74.666 74.8446 0 73.5054 73.5725 0 74.2136 73.8473 73.6763 73.3743 73.1543 73.2786 73.6106 73.284
  73.1204 73.0565 73.1112 72.5574 72.3226 72.3287 56.2511 34.826 4.03273 0 4.2847 4.29293 4.34339 3.99545 3.95893 3.90795 3.8306
  5.12916 5.17949 5.25237 5.79159 5.72982 5.73085 5.78206 5.73145 5.68862 5.5987 5.64748 5.66095 5.7021 5.71569 5.38995 5.48989
  5.53065 5.52984 5.59504 5.66286 5.71735 5.74874 5.77268 5.77069 5.82147 5.81753 5.79834 5.77399 5.73783 5.73555 5.85704 6.11726 0
  3*0 5.43286 5.69793 5.71354 5.66797 5.64484 5.61432 5.59965 5.50781 5.57509 5.54928 5.46723 5.50475 5.1476 5.35889 4.83583 4.88869
  4.86366 5.26909 5.43015 5.23902 5.06861 5.04857 4.16562 3.8798 3.5448 3.29204 3.09114 3.02246 3.04083 3.13981 3.18284 2.18078
  2.77948 2.76415 2.51309 2.29957 2.04634 1.9718 2.28911 2.367 2.65504 2.75278 2.98529 2.92204 2.91448 130*0 72.2122 72.3428 72.3737
  72.5182 72.5713 72.6488 72.7252 72.6459 72.421 72.6501 73.3275 73.171 73.0705 73.2855 73.2109 73.0032 73.0903 73.5172 73.6524
  73.7289 73.5886 73.7086 73.7847 73.8952 73.9969 73.528 73.0896 72.9465 72.9951 74.1296 74.2244 73.3459 73.1378 73.6569 73.8952
  73.9484 73.9225 73.73 73.3833 73.0243 72.8091 2*0 76.0286 78.386 77.2434 76.9696 77.1268 77.3758 77.9999 77.6557 77.9282 77.2151
  77.0041 77.0248 77.2167 78.0623 77.647 78.0458 77.9464 77.7461 77.5839 77.4278 77.5782 77.5966 77.4459 77.2693 77.0673 76.1367
  75.6878 75.583 75.0219 74.9242 0 73.8607 73.966 74.4938 74.3873 74.2116 73.6258 73.7022 73.6739 73.6222 73.4935 73.2959 73.254
  73.2609 73.0439 73.1582 73.3772 73.2995 73.3277 73.4774 73.4128 6*0 4.27256 4.27833 3*0 3.98631 2*0 5.10844 5.15318 5.24088
  5.50667 5.64438 5.67006 5.67897 5.68558 5.71144 5.75798 5.6836 5.64566 5.54863 5.56442 5.62922 5.7678 5.93301 5.81396 5.64603
  5.65576 5.71446 5.80452 5.90424 5.81792 5.80596 5.794 5.74525 5.73522 5.74161 5.84368 6.12891 6.15457 2*0 5.67086 5.5649 5.37675
  5.5918 5.63339 5.60557 5.5565 5.61573 5.63479 5.66606 5.72278 5.59764 5.69387 5.67779 4.95388 5.21078 5.32685 5.34059 4.14256
  5.20321 5.38165 5.02379 4.69855 4.663 4.38569 4.2176 3.24103 2.83754 2.88714 3.24776 3.25714 2.91699 3.07427 2.82356 2.62168
  2.47259 2.31364 1.89045 1.71582 2.04167 2.43081 2.72059 2.73079 3.01403 2.91255 130*0 72.3012 72.283 72.2833 72.4546 72.4833
  72.5463 72.6113 72.6942 72.7847 72.8535 72.4257 0 73.4875 73.3498 73.3245 73.32 73.3093 73.5893 73.8517 73.9396 74.0385 73.8993
  73.8501 73.9396 73.9655 73.9601 73.6882 73.3734 73.1041 72.9874 73.4426 74.261 74.3325 73.019 72.8218 73.9906 74.708 74.1905
  73.9348 73.9319 74.2395 73.8916 73.3675 2*0 79.2902 79.3863 78.1704 76.8684 76.9228 78.3673 78.4763 78.3407 78.1303 77.3689 77.171
  77.0104 77.9935 78.4624 78.5152 78.4122 78.2788 78.1132 77.9041 77.4788 77.657 76.971 77.1077 77.5798 77.2315 75.8944 75.4603
  75.2318 75.1927 3*0 74.346 74.9509 74.7483 74.4362 73.7046 73.7916 73.8557 73.6587 73.4247 73.4272 73.4529 73.5299 73.3401 73.3365
  73.3758 73.3887 73.6322 73.5467 18*0 5.48451 5.51394 5.57891 5.41397 5.31249 5.6847 5.75241 5.8215 5.72169 5.50575 5.5427 5.72719
  5.79763 5.86377 5.89096 5.75375 5.6956 5.70805 5.75605 5.88886 5.86983 5.85297 5.72692 5.69685 5.67691 5.78087 5.97781 6.14535 0
  5.13785 4.9887 5.34989 5.39113 5.18445 5.53956 5.59465 5.55178 5.57149 5.63892 5.64137 5.7487 5.74032 5.73807 5.63474 5.14328
  4.95976 5.30704 5.13088 4.99351 4.89408 5.15737 5.02025 4.58964 4.49492 4.35013 4.06622 3.73258 3.05705 2.85288 3.02875 3.13389
  3.12098 3.01247 2.82389 2.73043 2.62357 2.15467 1.85251 1.59817 1.74756 2.55303 2.8702 2.70658 2.71497 130*0 72.2889 72.3146
  72.3336 72.3667 72.425 72.4785 72.5258 72.5625 72.6628 73.0138 73.0639 73.1678 0 73.4311 73.5111 73.5244 73.5502 73.6582 73.7174
  73.8159 73.9242 74.0385 73.919 73.8592 73.9623 73.9599 74.0301 73.5723 72.8337 72.8829 72.8925 72.8228 73.3517 74.3443 73.9122
  74.2344 74.0788 74.0865 74.4302 74.3195 74.0812 74.4725 74.8001 74.0001 74.0223 5*0 75.7712 76.9156 77.6438 79.6785 79.4298
  78.7345 78.4925 77.9492 78.6328 79.0458 78.9602 78.5675 78.5535 78.4335 77.947 77.4607 77.3124 76.7786 76.4293 77.2711 77.7617
  77.0223 75.8846 6*0 74.4109 75.0013 74.8533 74.2431 73.7805 73.7373 73.9881 73.7418 73.5875 73.6514 73.6136 73.5462 73.3193
  73.3845 71.572 40.0473 10*0 4.11571 11*0 4.6191 4.64967 4*0 5.60758 5.47537 5.55632 5.75825 5.79104 5.84104 5.87972 5.77852
  5.55166 5.57864 5.87302 6.08043 6.08158 6.06859 5.77185 5.69494 5.69518 5.94341 5.97807 6.01958 0 4.91707 4.89073 4.81469 4.90148
  4.77482 5.08074 5.47004 5.35312 5.2918 5.35821 5.54712 5.62798 5.59086 5.53713 5.43388 4.96529 4.90807 5.14429 5.10694 4.99329
  4.77985 4.49037 3.96021 4.22556 4.56253 4.16436 4.02971 3.07453 2.92286 2.83589 2.98781 3.20288 3.01036 2.65363 2.5592 2.4912
  1.99429 1.69694 1.64766 1.77008 1.94423 2.57712 3.32073 130*0 72.2243 72.2456 72.3058 72.3283 72.3475 72.4079 72.4811 72.5218
  72.5559 72.6189 72.8607 73.0384 73.1496 73.2325 72.5967 73.4877 73.4726 73.5831 73.6437 73.7091 73.7652 73.8726 73.9911 74.0482
  73.8842 73.9404 73.9487 74.0208 74.0673 73.2134 73.0105 73.1537 73.6124 0 75.6314 74.3439 73.8812 74.3319 74.1773 74.1593 74.314
  74.0531 74.3482 74.3787 73.5951 74.0396 74.0418 6*0 79.2649 79.4007 79.3414 79.0911 78.7355 78.8215 80.0629 79.9796 79.8846
  79.3529 78.7763 78.2856 77.8784 77.436 77.0309 76.9745 76.8255 77.6575 77.9076 77.3052 7*0 74.7941 74.646 75.4829 75.2041 74.1885
  73.8704 74.0099 73.9803 73.9226 73.8106 73.7445 73.6702 57.6497 44.3555 12.1413 4.36136 10*0 4.25843 4.19954 11*0 4.60356 4.63027
  4*0 5.56443 5.611 5.41329 5.33898 5.67627 5.68386 5.73162 5.6819 5.63679 5.57862 6.04043 6.02993 6.03089 6.03229 5.90917 5.67447
  5.69394 5.77965 5.93523 5.99579 0 4.85809 4.77163 4.58677 4.52239 4.56896 4.93428 5.24327 5.23524 5.13584 5.25766 5.39653 5.53813
  5.42602 5.36351 5.41793 4.9949 4.82819 5.01395 5.01215 5.07891 4.82574 4.45631 4.32358 4.4934 4.5101 4.2446 3.79885 3.33284
  2.82755 2.92366 2.79184 2.71893 2.51614 2.40561 2.3552 2.24964 1.78125 1.74937 1.75257 1.95781 1.92482 129*0 72.1907 72.2178
  72.2593 72.2737 72.2948 72.319 72.3371 72.3647 72.4425 72.4976 72.5479 72.6185 72.826 73.0128 73.0639 73.1786 73.3018 0 73.4999
  73.514 73.6183 73.6643 73.7243 73.8091 73.891 74.0246 73.9647 73.9451 73.9876 74.0031 74.0581 74.1048 74.1324 0 75.4598 75.5549
  75.6386 75.9248 74.8304 74.1862 74.0233 74.2476 74.0512 73.6395 73.5327 74.4886 73.6216 73.6185 73.6122 74.0664 6*0 80.2809 80.371
  80.38 80.4193 80.4347 80.4255 80.4154 80.316 80.2634 79.9173 78.7748 78.5044 78.1969 77.8369 77.2967 77.2897 77.3259 77.0272
  78.8253 7*0 74.7826 74.9753 74.8744 74.7476 74.6325 74.2846 74.0458 74.1822 74.0121 73.9668 73.9261 59.1161 38.3984 5*0 4.427 2*0
  6*0 4.2674 9*0 4.67943 0 5.05249 6*0 5.50096 5.38005 5.26375 3*0 5.37585 2*0 5.97781 6.0009 5.99281 5.98849 5.9776 5.96799 5.68696
  5.59637 5.4999 5.50299 4*0 4.40381 4.38351 4.55689 4.92477 5.04596 5.18839 5.14826 5.17383 5.46582 5.50304 5.4355 5.40228 5.1505
  4.79067 4.68392 4.61767 4.43791 4.4246 4.44287 4.31199 4.52181 4.38759 4.3427 4.00913 3.75967 3.4701 3.13152 2.88501 2.73088
  2.59218 2.56635 2.44357 2.34264 2.20646 1.80742 1.71539 1.80079 129*0 72.077 72.2266 72.2382 72.2527 72.2749 72.2958 72.3244
  72.3371 72.3536 72.4465 72.4851 72.5265 72.5665 72.8491 72.981 73.0449 73.1382 73.0329 72.9861 0 73.5158 73.5326 73.6541 73.7141
  73.7601 73.8862 73.9837 74.0392 73.9273 73.9897 74.0009 74.0592 74.0946 74.1068 75.2621 75.4231 75.5556 75.7079 76.0284 75.0064
  73.9527 74.2308 74.3094 73.699 73.5727 73.7494 74.1762 74.0242 73.3329 73.2011 73.0501 7*0 80.8528 80.6518 80.6466 80.6167 80.6571
  80.627 80.6234 80.5918 80.3104 79.9617 79.8298 79.2141 78.6112 78.6783 77.861 77.6696 77.4466 75.0123 74.9744 75.3742 75.2068
  75.1652 74.8384 74.5545 0 74.5453 74.9972 75.1213 74.9557 74.871 74.4983 74.1886 74.0781 74.0431 0 73.5383 44.2823 12*0 3.72889
  3.78907 3.85603 3.8505 8*0 4.94452 5.44605 4.94672 5.08797 5.62933 14*0 5.97316 5.96936 5.84938 5.71383 5.73294 5.99379 5.95661
  5.85904 5.50787 5.32089 5.15643 4*0 4.25162 4.56263 4.70831 4.69138 4.98057 5.08673 5.11465 5.18319 5.25142 5.41426 5.38063
  5.23301 4.74407 4.45697 4.03993 3.6908 3.82009 4.15828 4.25029 4.37152 4.28422 4.33663 4.11056 3.82033 3.73644 3.35157 3.16078
  3.09636 2.78445 2.61728 2.57854 2.4707 2.3154 2.08336 1.80604 130*0 72.1377 72.2151 72.2352 72.2448 72.2712 72.2901 72.319 72.3413
  72.3479 72.3988 72.4719 72.5053 72.5522 72.6016 72.7408 72.7707 72.8098 72.9019 73.0005 72.9549 0 73.5478 73.5783 73.6892 73.7355
  73.8693 73.9544 74.0376 73.9143 73.9568 74.0113 74.0432 74.1008 75.1973 75.2462 75.4459 75.5653 75.7818 76.0734 76.1949 74.8253
  74.4926 74.121 73.4078 73.0435 73.2057 73.4601 73.7749 73.3411 73.0292 73.0784 7*0 81.7478 81.1879 81.1901 80.9726 80.9653 81.8096
  81.2145 80.3822 80.269 80.2212 80.1753 79.9219 79.5683 79.2488 78.9765 78.0722 77.9797 77.8023 77.7141 76.0384 75.6358 75.5244
  75.418 75.406 74.6991 0 74.6987 74.5547 75.0044 74.9266 74.4208 74.3768 74.292 74.1605 74.0719 12*0 3.66937 3.70588 3.72096
  3.72009 0 3.81225 8*0 5.31883 5.32619 5.36041 5.4664 5.52846 5.618 5.62754 5.6448 12*0 5.96933 5.72451 5.74929 5.72842 5.69968
  5.81679 5.79552 8*0 4.86648 4.7915 4.68293 4.71158 4.83353 4.9096 5.04773 4.99848 5.15172 5.02109 5.01375 4.86634 4.44802 3.75948
  3.70525 3.99457 4.12131 3.92854 4.13476 4.28049 4.27794 4.27972 4.06911 3.69764 3.55036 3.25322 3.13002 3.03472 2.96292 2.51937
  2.44846 2.41554 2.34267 133*0 72.2235 72.2365 72.2557 72.2787 72.3072 72.3343 72.3482 72.3635 72.4519 72.487 72.5467 72.5816
  72.6607 72.7382 72.8067 72.8782 72.9739 73.101 72.603 73.4953 73.5765 73.6139 73.7046 73.8261 73.9358 74.0319 74.0537 74.0517
  74.0917 74.208 74.4178 74.7446 75.2434 75.4481 75.1758 74.1982 74.1702 73.2879 74.0275 74.5696 74.1368 74.2053 73.1739 73.0598
  73.0656 73.0716 73.069 73.0294 73.0532 5*0 82.106 81.595 81.304 81.7991 82.1104 82.1131 82.1449 82.1724 81.6591 80.6427 80.5464
  80.4377 80.3702 80.072 80.0118 79.9434 79.326 78.6024 78.2804 78.1979 78.2615 78.8734 79.1123 77.5138 77.1938 77.0986 75.8144
  75.4272 0 74.8639 74.6971 74.5537 75.0128 74.4515 74.4183 74.3668 63.9412 13*0 3.6636 2*0 3.79667 3.75104 7*0 5.24295 5.25975
  4.83352 5.31121 5.32212 5.3878 5.47363 5.55257 5.61651 5.62172 11*0 5.93237 5.77158 5.65498 5.64356 5.632 5.71342 5.74647 5.665 0
  6*0 5.0979 5.19082 4.75497 4.80848 4.72622 4.73389 4.85534 4.83521 4.81233 4.80187 4.63273 4.72533 4.48797 4.13518 4.0631 3.90363
  3.84714 3.75862 3.55581 4.06764 4.13147 4.08436 4.17022 3.92727 3.64638 3.26087 3.21391 2.97305 2.88512 2.82676 2.83906 136*0
  72.1936 72.2438 72.2689 72.2858 72.3259 72.3466 72.3504 72.3983 72.4734 72.5082 72.5684 72.621 72.8785 72.7265 72.8508 72.9398
  73.0522 73.1437 73.2557 73.5473 73.6236 73.6608 73.7619 73.8457 73.9637 74.0495 74.0989 74.2428 74.3438 74.4101 74.5356 74.7784
  75.2075 75.1854 74.3741 73.7812 73.4924 73.5505 73.16 74.7102 74.7082 73.3753 73.0149 10*0 78.4683 81.2234 81.2452 81.2921 82.3238
  82.3392 82.3715 82.2052 81.6782 81.41 80.6556 80.6901 80.731 80.4306 80.3474 80.347 79.8732 78.8804 78.7251 78.2345 78.2049
  78.6666 78.9721 78.9976 78.4828 78.3225 76.9888 76.9609 0 74.9952 75.6231 75.5409 75.5718 75.3784 75.1348 64.0283 23.3632 6.05623
  14*0 4.01083 3.99253 3.82041 3.78388 6*0 4.01033 4.63716 4.7605 4.88812 5.29469 5.30763 5.3245 5.41678 3*0 5.26211 0 3.91697
  3.92205 3.95013 8*0 5.66602 5.64627 5.61447 5.63362 5.65105 5.6539 6*0 5.10317 5.31864 5.16294 4.99226 4.85473 4.71844 4.69075
  4.71771 4.74652 4.77462 4.71469 4.63673 4.31449 4.02464 3.79747 3.83654 3.75468 3.69158 3.30995 3.54481 4.039 4.19611 4.29132
  4.06677 3.7916 3.24535 3.13052 3.14786 3.03987 140*0 72.2644 72.2768 72.2988 72.3399 72.3536 72.3592 72.4537 72.4948 72.5413
  72.5879 72.6623 72.7343 72.7503 72.8927 72.9983 73.1231 73.1796 73.4054 73.5882 73.659 73.694 73.7997 73.9007 73.98 74.0664 0
  74.3228 74.4014 74.4305 74.6535 74.8256 75.038 74.0222 73.7776 73.2403 73.0544 73.1732 73.1951 73.0542 73.0383 72.8081 10*0 78.672
  78.7413 80.788 81.1642 81.193 82.3693 82.0727 80.3548 79.9324 80.2768 80.2307 80.7522 80.7837 80.972 80.7062 80.7583 80.5619
  79.5392 78.9812 78.7551 78.7351 78.3706 79.2712 79.4096 78.8914 78.1915 76.886 76.705 2*0 75.9558 75.9968 75.8314 75.7303 75.4995
  48.1477 8.49462 6.67509 12*0 4.0686 4.05723 4.04357 3.84853 3.86994 3.85663 3.92456 3.98362 4*0 3.95888 3.96658 5.03102 5.22487
  5.23491 5.25723 5.29153 5.3045 3*0 5.28055 5.23836 13*0 5.6187 5.49991 5.52419 5.53561 5.26888 6*0 5.1952 5.42435 5.22889 5.18596
  4.95062 4.8453 4.67524 4.76296 4.78656 4.7995 4.83065 4.68485 4.45081 4.20056 3.83116 4.04096 3.84497 3.80366 4.0154 4.00272
  4.2565 4.19677 4.17418 3.78987 3.69763 3.33198 143*0 72.2664 72.2834 72.3149 72.3113 72.3163 72.409 72.525 72.5586 72.6183 72.7257
  72.9376 73.0273 73.081 73.2359 73.2895 72.589 73.1871 2*0 73.6746 73.7714 73.8399 73.8963 74.061 74.1462 74.2892 74.364 74.5947
  74.7055 74.5342 74.5809 74.5175 74.0172 73.8373 73.9087 73.3214 72.6986 72.6828 72.7021 72.0194 4*0 81.9259 82.154 82.2851 82.4086
  2*0 78.881 78.8933 78.9683 79.0134 80.8972 80.9049 80.8404 79.9524 79.8798 80.4579 80.3863 80.2537 81.1433 81.4328 81.5362 81.6668
  81.597 79.9958 79.281 79.5774 79.0944 79.0703 79.565 80.0701 78.9993 77.3518 77.1098 77.0195 76.8922 76.4971 76.1216 76.266 76.111
  75.9154 68.0082 31.5032 7.0318 6.82761 12*0 4.21332 4.11499 4.05927 3.94815 3.98755 3.88538 3.98564 3.98028 3.9786 0 4.24982
  4.24354 4.25341 2*0 5.21017 5.20903 5.21392 5.22757 5.25436 5.28771 5.29226 16*0 5.59045 5.5871 9*0 5.41169 5.30629 5.2947 5.23783
  5.13872 5.1184 4.96375 4.7473 4.68856 4.6797 4.71827 4.70897 4.58691 4.42176 4.33438 4.25616 4.48678 4.43479 4.15738 4.18499
  4.27435 4.12485 4.0809 3.82727 146*0 72.2312 72.366 72.4005 0 72.4493 72.5512 72.6066 72.6647 72.7296 72.8455 72.9876 73.0435
  73.146 73.2861 73.4358 5*0 73.5358 74.0986 74.1933 74.0832 74.2431 74.494 74.7988 75.0866 75.22 0 74.7287 73.7308 73.0891 73.8872
  73.3404 73.5303 5*72.0194 2*0 82.0997 82.1759 82.3279 82.4807 82.4683 78.8861 78.9548 79.0443 79.1382 79.1831 80.4261 80.804
  80.7234 80.151 79.7865 80.6126 80.5594 80.5154 81.021 82.1515 82.0101 82.2385 82.1332 82.0631 80.4935 80.9384 80.6439 80.3078
  80.5094 80.6967 80.2066 79.487 78.3722 77.4578 77.2035 76.9915 76.8189 76.6546 76.4102 76.2352 62.4542 10.0028 7.37431 7.13068 2*0
  10*0 4.25417 4.23136 4.17409 4.06189 3.96348 4.02903 4.01046 3.9872 3.97585 4.1199 4.27903 4.34136 4.3633 4.24448 4.172 4.05277 0
  5.20024 5.19769 5.20331 5.21853 5.24756 5.28252 12*0 5.27893 5.24323 3*0 5.29251 9*0 5.28517 5.27461 5.2515 5.25376 4.89779
  4.98161 4.75492 4.64655 4.57275 4.45014 4.62847 4.5395 4.47306 4.31267 4.31605 4.33438 4.22621 4.23148 4.26107 4.40106 4.51269 2*0
  151*0 72.4663 72.5879 72.619 72.6951 72.7621 72.9154 73.0203 73.0842 73.2238 73.3761 73.4451 73.4387 73.5333 73.5405 73.6368
  73.9838 74.1601 74.3111 74.394 74.0963 74.0144 74.5372 74.6286 75.2003 75.3524 75.5632 75.9854 73.259 73.1348 73.1555 73.1351
  6*72.0194 2*0 82.2228 81.6224 81.7582 82.4589 81.4983 79.4375 78.6947 78.9006 79.2414 80.0977 80.847 80.9446 81.0137 80.5829
  80.1146 80.5674 80.9018 81.4293 81.1111 82.4098 5*0 81.6962 81.5446 81.3884 81.093 80.6619 80.0849 79.3442 79.2114 77.8283 77.4684
  77.1602 76.9303 76.7988 76.5966 61.0701 7.7747 7.58758 7.43268 7.09391 12*0 4.27022 4.23471 4.20689 4.09084 4.04498 4.03091
  4.01312 3.99297 4.19802 4.32763 4.31886 4.37688 4.35726 4.33504 4.2556 4.2386 4.26361 4.2786 2*0 5.19755 5.2161 5.2385 12*0
  5.28818 5.28564 13*0 5.20619 5.18577 5.20183 5.17426 4.74865 4.91469 4.85678 4.57904 4.54361 4.51671 4.51661 4.21093 4.18161
  4.07235 4.23227 4.19349 4.33591 161*0 72.8344 72.9534 73.0363 73.1246 73.272 73.426 73.4909 73.343 73.4772 73.5117 73.7827 74.11
  74.2775 74.3445 74.4127 74.3726 74.5517 74.1356 74.3626 74.3677 75.5248 75.6503 76.0949 74.5868 74.7683 73.3538 0 72.0194 72.5115
  2*72.0194 72.4006 72.4308 72.0194 0 80.9734 79.0984 78.091 2*0 79.9477 79.5583 78.4612 80.8316 81.1181 81.2306 81.2518 81.4315
  81.0932 80.7729 81.4326 81.3753 81.3848 81.547 5*0 81.6911 81.7153 81.6641 81.4482 81.2833 80.7942 79.6874 79.5386 79.3492 78.1239
  77.6117 77.4735 77.1318 76.903 63.7905 10.5742 7.88472 7.66932 7.66154 14*0 4.24269 4.21696 4.13887 4.04639 4.03161 4.01452
  4.25373 4.39593 4.34294 4.36654 4.37236 4.34938 4.33609 4.31541 4.25713 4.23385 4.25178 32*0 5.16271 5.16008 5.15724 5.14063
  4.55507 4.64652 4.46414 4.28584 4.41564 4.29357 4.11799 4.24972 176*0 74.2739 74.1636 74.8676 75.1047 74.3589 74.5356 74.5653
  74.7708 75.1907 2*0 75.9509 75.2794 74.0455 72.0194 72.8484 73.2744 72.0194 0 80.4159 72.4836 72.4713 2*72.0194 0 78.7646 78.3619
  78.2262 3*0 79.7661 80.0676 81.3225 81.3691 81.4432 81.5348 81.7437 81.832 81.8272 81.7858 81.6692 82.5246 4*0 80.731 81.753
  81.7395 82.076 81.9736 81.7574 81.5479 80.6315 79.8326 79.512 78.8619 78.1028 77.7504 77.5889 77.4091 63.5787 21.3372 19*0
  4.21866 4.1844 4.05719 4.03045 4.36339 4.40768 4.42077 4.34882 4.36735 4.37377 4.34322 4.32182 4.31237 4.29629 4.25343 4.21774 2*0
  29*0 5.13217 5.11444 5.09749 5.08931 5.08579 4.63168 4.38046 4.34586 180*0 73.9658 74.1273 74.2211 74.8462 76.0158 74.5606 8*0
  2*72.0194 0 73.3208 73.2725 2*72.0194 78.1399 78.45 78.4756 77.3461 78.864 80.1784 79.8913 80.6646 4*0 81.741 81.6364 81.7122
  81.7801 81.859 81.9139 81.997 81.8832 81.3655 81.1627 80.7014 0 81.7355 81.703 81.6165 81.6871 81.8354 81.8751 82.3162 82.0043
  81.6748 80.8199 0 78.4956 78.2982 78.529 78.4317 77.9035 71.6921 35.5023 8.98729 8.62291 14*0 5.50293 5.36025 2*0 4.30634 4.22589
  4.01348 3.86426 4.03216 4.41315 4.42428 4.43468 4.35957 4.36554 4.37225 4.33904 4.31159 4.30102 4.25985 4.23144 4.22389 31*0
  5.06613 5.05781 5.05566 185*0 73.963 74.0765 74.2119 74.0471 7*0 8*72.0194 72.8394 76.8586 78.3964 78.235 78.2958 76.3101 78.7319
  78.8324 80.5474 80.7856 81.6941 76.6129 83.23 82.151 81.8055 81.8538 81.9938 82.0171 82.1388 82.1261 81.7154 81.4785 81.1815
  81.0913 80.8759 80.941 81.5931 81.9199 81.936 81.6833 82.2042 82.6989 82.5629 82.3451 7*0 53.7334 9.49646 9.72929 9.0711 13*0
  5.66856 5.51782 5.40656 5.13567 4.99056 4.87146 4.75798 4.24607 4.20369 4.0418 4.3917 4.40585 4.43783 4.56704 4.56379 4.44762
  4.37126 4.33175 4.30433 4.27392 4.2351 4.22061 4.23006 31*0 5.05987 198*0 8*72.0194 81.6059 78.7996 78.2831 77.0129 78.2664
  75.9819 78.3643 78.8768 80.7119 77.3993 82.4959 81.7684 81.8083 81.8896 82.0062 82.1175 82.218 82.2752 81.4792 80.7414 81.0049
  81.3828 81.1801 81.1814 81.12 81.0593 80.53 81.2162 80.9914 80.6632 27*0 5.78522 5.60698 5.53342 5.41677 5.20588 4.80115 4.6509
  4.8296 4.63489 4.20331 4.30379 4.42892 4.41638 4.56617 4.66632 4.58694 4.48942 4.37005 4.31122 4.25713 4.2217 4.19954 4.20181
  4.21943 230*0 4*72.0194 72.8108 72.5213 74.478 77.5401 78.5497 78.1308 78.4854 78.1779 77.9797 73.5867 78.9318 78.8535 79.7239
  79.8585 80.2892 80.0989 82.0162 82.1495 82.2119 82.2459 81.583 80.4799 80.1477 80.5539 80.75 81.358 81.1378 80.9718 80.5975
  79.6901 79.5377 79.3992 80.9577 25*0 6.12785 6.04921 6.00101 5.81531 5.64765 5.57118 5.38675 5.28171 4.87929 4.74317 5.01967
  4.98126 5.06501 4.93869 4.76723 4.65006 4.69378 4.6912 4.60266 4.49125 4.35267 4.27126 4.20699 4.16786 4.16325 4.18369 4.22499 2*0
  228*0 72.0194 73.9134 74.1208 74.3139 74.327 76.582 78.4686 78.4241 78.5255 78.5821 78.1606 78.4232 78.9567 78.3409 79.3141
  79.7231 80.0641 80.2052 80.2191 80.5604 82.2098 82.25 81.4383 80.5757 80.2238 80.2114 80.418 81.1004 81.8043 81.8806 81.1653
  80.0126 79.8223 80.1111 80.9321 81.2299 83.0956 78.9899 80.3557 80.2274 49.7054 12.9365 14*0 9.43698 3*0 6.51728 6.30173 6.22422
  6.19624 6.04247 5.79871 5.62213 5.27699 5.20356 5.30289 5.3733 5.29228 5.17305 5.08294 5.07257 4.96996 4.80994 4.66995 4.59559
  4.56483 4.39373 4.30139 4.28297 4.19599 4.1708 4.15437 4.17367 4.24548 19*0 4.99179 5.03749 5.06435 208*0 72.0194 73.7335 74.7881
  75.3086 75.4686 76.437 77.3444 77.4385 77.7752 77.791 78.1411 78.165 78.2353 79.0138 79.214 79.6807 79.8036 80.0016 80.0048 80.333
  80.6743 80.8456 80.901 80.642 80.6534 80.4181 80.5586 81.3304 82.112 81.889 81.4576 79.7096 71.1012 53.2724 50.5458 45.1354
  27.5668 14.507 14.1224 17.5806 14.0989 14.9179 14.5178 14.2436 13*0 9.23309 7.35125 6.80039 6.62926 6.54626 6.46106 6.25678
  6.11548 5.87556 5.74605 5.69418 5.44484 5.40613 5.63047 5.46131 5.30605 5.19307 5.0845 5.01041 5.0088 4.84685 4.69175 4.60764
  4.52238 4.40665 4.27846 4.25821 4.22656 4.20901 4.21716 4.20337 4.17499 4.17322 15*0 4.65871 4.75872 4.85512 4.94253 209*0
  72.0194 73.4585 75.3416 75.6187 75.8423 76.3841 77.2262 77.4628 77.9298 77.7318 78.0453 78.5871 76.7882 56.2575 46.2974 44.3032
  45.9389 50.2318 45.6081 51.5295 37.7119 43.4263 45.0891 48.0038 46.5029 46.4129 47.6804 43.4729 36.1406 29.3119 13.0351 11.8019
  11.1948 11.2903 13.6744 13.6926 13.5461 13.4869 14.3592 14.291 14.1648 14.1737 14.9651 14.8566 14.8428 14.1154 13.9827 13.9396
  13.7755 12.6103 13.3869 5*0 9.46944 2*0 6.86727 6.8285 6.8873 6.70093 6.49469 6.26785 5.82932 5.48825 5.67117 5.89037 5.6478
  5.62095 5.66843 5.50711 5.31418 5.20977 5.10699 5.03961 5.03243 4.88182 4.72207 4.61877 4.54812 4.49125 4.38854 4.30327 4.24754
  4.22708 4.20695 4.17422 4.1682 4.17058 14*0 4.61431 4.5327 194*0 72.4181 72.4307 16*0 73.027 74.9614 75.5797 76.2117 76.4526
  77.0008 77.1612 62.0007 43.8205 39.8401 14.6299 10.3779 10.2629 11.2132 10.7542 11.2413 11.5506 11.5102 11.3732 11.2746 10.926
  11.397 11.5262 11.851 12.1994 12.3584 12.6826 12.6735 13.1652 11.8934 10.9163 10.931 11.1245 11.3845 12.6749 13.1286 13.1305
  13.9929 14.4094 14.3788 14.2247 13.932 13.693 14.1163 13.8917 13.4889 14.4031 14.013 13.5998 12.8168 14.1804 3*0 10.1263 11.3873
  11.0521 2*0 7.0041 7.10944 6.98952 6.63281 6.52047 6.17525 5.72941 5.44341 5.83305 5.72766 5.64993 5.82507 5.69425 5.55228 5.3266
  5.26214 5.18142 5.10351 5.05268 4.93893 4.74548 4.63839 4*0 4.25325 4.21398 4.18181 213*0 72.4211 16*0 74.6023 74.8934 75.5331
  76.127 76.3283 60.0415 30.0911 9.60046 9.3866 9.30093 9.43694 9.639 10.0001 10.464 10.6697 11.0915 11.4913 11.5469 11.6245 11.4919
  11.29 11.1329 11.1673 11.2087 11.4222 11.9702 11.921 12.6179 13.0105 12.6995 10.9641 11.0169 11.0348 11.7349 11.734 12.3375
  13.0081 13.3865 14.3007 14.5027 14.4736 13.9543 13.8662 13.7602 13.214 12.5339 12.8795 14.0011 13.8115 13.6327 13.3826 13.9047
  12.5005 13.7783 12.2512 12.0785 11.8069 10.801 7.5748 7.20202 7.27234 7.19319 7.04063 6.63593 6.45687 6.18915 6.00918 5.90416
  5.91265 6.19219 6.02312 6.02213 5.94649 5.66416 5.41129 5.27924 5.18748 240*0 74.6093 74.8235 75.0131 75.1648 75.6671 76.1678
  54.8948 8.4322 8.89799 9.01966 9.53311 9.66304 9.61627 9.80801 10.3638 10.5958 10.9755 11.4131 11.2353 11.3211 11.1767 11.469
  11.4675 12.2325 11.4215 11.0115 11.0849 11.2965 11.4095 11.7356 12.4442 10.9739 0 11.2936 11.6881 11.9711 12.0657 12.7681 13.6207
  13.6585 14.1089 14.442 14.2596 14.118 14.0107 14.0396 13.7591 13.4961 14.0185 13.7133 13.6794 13.2626 11.7284 12.7762 12.6812
  12.4928 11.9439 12.1526 11.4266 8.13096 7.88294 7.57654 7.41442 7.20192 7.06512 6.6905 6.37988 6.29794 6.05154 6.14376 6.77705
  6.68985 6.47213 6.06896 5.95605 5.79415 5.46498 5.28783 5.18737 239*0 74.4722 74.7379 74.7887 74.9277 74.6134 54.2189 20.848
  8.15735 8.68396 9.02793 9.1813 9.38574 9.326 9.88915 10.4402 10.4582 10.7786 10.8624 11.5934 11.2567 11.1975 11.51 11.6352 12.1086
  11.5711 11.4621 11.3315 10.9485 11.1175 11.0636 3*0 11.5971 11.1929 11.9753 11.9481 12.0462 12.2766 12.249 13.4987 13.8799 14.0782
  14.2459 14.1914 14.5065 14.5565 14.1711 13.6757 13.6289 13.4663 12.6582 11.8497 10.9642 11.6309 12.8132 12.0057 12.4358 11.6791
  9.73121 8.15502 7.83175 7.4884 7.23155 6.90964 6.65508 6.4062 6.38002 6.27223 6.06208 5.9954 6.84215 6.80578 6.3743 6.03937
  5.83561 5.68363 5.67479 5.59413 5.25391 5.17782 226*0 73.2178 73.2741 73.3568 73.4643 8*0 74.4679 74.5073 74.577 61.7817 27.2169
  6.77159 7.04434 7.65802 8.52887 8.84408 9.19097 9.64362 9.90635 10.1611 10.4674 10.7831 10.6801 10.8569 10.9339 10.9203 11.4421
  11.6844 11.9756 11.5391 11.3504 11.8274 13.8102 5*0 11.7584 11.7585 11.8429 11.8911 12.0961 12.4919 12.4344 12.3133 12.299 11.9947
  15.1635 15.2088 14.6003 14.7244 14.4283 13.0566 13.0287 12.8208 11.6668 11.4705 11.6064 11.4547 11.2398 12.4689 12.4322 11.3772
  9.89391 8.5199 8.06504 7.53515 7.12534 7.07751 6.95484 6.45309 7.46243 7.64156 6.38748 5.77936 6.46743 6.93199 6.90657 6.62979
  6.12736 5.77041 5.92432 5.96973 6.06106 5.29135 225*0 4.7204 30.3625 62.8477 73.3189 73.4103 73.5006 8*0 74.3493 67.8243 31.0969
  6.54278 7.39175 6.78952 6.90353 7.88519 8.541 9.07489 9.4228 9.71152 9.88441 10.0093 10.3601 10.6724 11.0295 11.1165 11.7539
  11.5555 11.8446 12.4042 11.3545 10.5473 10.899 8*0 11.9108 12.2626 12.3243 14.8157 12.9966 12.2503 12.0357 12.1343 0 17.0685
  16.7641 15.9634 13.7804 12.9036 12.5734 12.3426 11.6808 11.1608 11.228 12.2286 11.5208 11.2326 11.1349 9.36782 8.45583 8.66616
  8.20805 7.58038 7.39828 7.176 7.06032 6.81598 7.27699 7.78381 7.71883 7.52223 7.42036 6.96438 7.11993 6.89083 6.29932 6.02482
  6.16522 6.24026 6.49964 6.81241 5*0 5.89419 5.6849 218*0 4.55047 4.69114 4.82222 4.94663 28.447 55.8618 73.4708 8*0 35.6687
  7.00631 6.5152 8.51531 7.54485 8.13788 7.81203 7.8342 8.92693 9.12861 9.16383 9.45976 9.61497 9.94958 10.4214 10.9805 11.151
  11.0218 11.1052 11.3379 12.0104 12.3573 10.6618 10.4123 9.54516 11*0 14.9237 14.8917 14.0376 12.4944 0 16.8828 16.8832 16.8153
  14.2025 12.8504 12.6758 12.6786 12.5576 11.6501 11.1314 10.8282 11.3153 9.94789 10.3543 10.3754 9.47184 8.48041 6.94588 7.80813
  7.61911 7.41501 7.22797 7.02454 6.48102 7.88016 8.09562 8.01827 7.78987 7.61543 7.35716 7.15797 6.88705 6.59184 6.61603 6.93683
  7.47905 7.12458 4*0 5.49561 5.37193 5.77029 5.65974 5.09842 218*0 4.69558 4.82291 4.94716 5.05733 5.15521 9*0 6.03341 6.71751
  8.19926 8.37065 9.2439 9.43955 8.81856 8.45257 8.87649 8.90252 9.20842 9.68503 9.89569 10.1937 10.6118 10.9806 10.8685 10.8525
  11.1113 11.3042 12.2819 11.9021 10.6952 10.4425 9.71244 16*0 12.6326 14.225 14.2086 13.1017 12.6949 12.6415 11.7311 11.4346
  11.9224 11.7654 11.48 10.6185 10.1094 9.77132 9.91176 9.08209 8.25828 8.01669 7.749 7.48968 7.04251 7.32239 7.42466 6.90859 7.9074
  8.10889 7.97089 8.22853 8.42198 7.51456 7.16017 6.90777 6.79924 7.228 7.85101 7.67893 5*0 5.50301 5.40579 5.75793 5.67188 5.09274
  5.03472 4.79852 216*0 4.69507 4.79209 4.94206 5.00343 10*0 7.31855 7.91054 8.36599 9.28489 10.1413 10.3207 8.9219 8.53798 8.57768
  8.89102 9.44485 9.74594 10.0179 10.2244 10.5881 11.2829 11.5423 11.0948 11.3177 11.5101 11.7172 11.5708 10.8117 9.78346 9.75378 0
  13*0 16.7644 14.3463 14.2843 14.0745 14.0551 12.8581 11.9525 11.8771 11.6064 11.4642 11.1465 10.702 9.97148 9.99788 10.1292
  9.80353 9.42222 8.88376 8.75148 8.36623 8.22015 7.49235 7.3047 7.51389 7.49941 7.06155 7.08357 8.17777 9.2879 8.89442 7.52867
  6.43155 6.18283 6.11029 5.94314 10*0 5.75613 5.68528 5.38971 5.04344 4.90542 4.5794 215*0 5.19132 12*0 7.14648 7.63069 8.39412
  9.00007 9.87238 10.1301 9.58249 8.40048 8.47525 8.7782 9.24046 9.53851 9.79896 10.1316 10.4656 10.5327 11.0626 11.5213 11.4141
  12.4758 12.6556 11.9723 11.4204 9.36115 9.6925 15*0 12.9781 14.6083 14.5441 14.0264 13.4504 12.7073 11.7332 11.6046 11.8041
  11.2571 9.74508 9.17167 9.4468 9.63411 9.19941 8.92061 9.23097 8.94493 8.77285 8.92186 8.85709 8.58754 7.59283 7.7834 7.53737
  7.18672 7.1439 8.10009 8.56517 8.34717 0 6.13793 6.08721 6.01408 3*0 6.36371 6.15882 6*0 5.76222 5.69694 5.6461 219*0 5.69543 2*0
  9*0 7.98267 8.37177 8.76766 9.69163 9.82785 10.1298 9.02944 8.51557 8.60212 9.04127 9.31201 9.47259 10.0312 10.5379 10.5612
  10.4043 11.0872 11.9065 12.3236 13.1952 13.2271 13.1355 17*0 10.5975 11.591 12.6917 13.4593 13.297 11.3302 11.4663 11.7271 11.7152
  11.7328 10.4825 9.99987 9.72822 9.92915 9.97996 9.47611 9.45222 9.20337 8.67099 8.69395 8.78608 8.83661 8.35574 7.41959 7.03758
  6.87727 7.06183 6.84474 9*0 6.52095 6.42281 6.1505 6*0 5.79565 221*0 5.76114 10*0 8.78751 8.52114 9.20164 9.48513 9.91308 9.74643
  9.43736 8.84186 8.82544 8.80751 9.16191 9.28952 9.75963 10.2587 10.3914 10.0712 10.4018 11.2766 11.8402 12.8754 12.2851 13.3388
  13.4599 16*0 12.171 12.4564 12.675 12.1438 12.8482 12.0329 11.8126 11.9001 11.9977 11.7048 11.0718 10.4572 10.3849 10.4669 10.4657
  10.0965 9.81309 9.51991 9.09303 8.89305 8.83106 8.82507 9.01823 8.02286 7.40622 7.36264 3*0 6.83175 6.76263 6.59376 6.52015 6*0
  6.4181 241*0 9.16096 9.81405 9.88861 10.1559 8.96822 8.37953 8.53727 8.9654 9.06299 8.93256 9.12423 9.59071 9.93489 10.0914 10.199
  10.5478 11.2639 11.4885 12.5472 11.8882 12.2394 15*0 13.6468 13.6925 13.7443 12.7777 12.632 12.0454 11.8393 11.9382 12.6285
  12.4226 12.3824 11.5613 10.4421 10.5532 10.9606 11.3498 11.3472 10.9324 10.5716 9.35551 9.11433 8.92355 8.78571 8.63506 8.57063
  7.48125 7.77816 7.76469 7.689 3*0 7.59585 7.16962 6.52425 240*0 5.28085 5.34716 5.3989 5.77768 6.3288 6.60754 8*0 6.8395 7.70483
  7.68009 8.24823 8.76164 9.0935 9.60006 9.73928 9.56354 9.85646 10.4532 11.5504 13.4271 9*0 12.8944 13.1972 13.2501 13.3122 2*0
  13.4953 13.5475 13.569 14.3398 13.7968 12.5665 12.5275 12.4941 11.8919 12.4452 12.7383 12.5182 12.1309 11.2519 11.0531 11.3206
  11.3925 11.4992 11.1649 10.784 9.88072 9.40595 8.80952 8.83336 8.8162 8.40487 9.22403 3*0 7.68286 3*0 6.74579 6.59053 5*0 8.07503
  7.96103 231*0 5.35005 5.39749 5.46403 5.58399 5.55194 5.38949 5.51422 5.8071 10*0 6.96668 7.26019 7.50446 8.46762 9.14545 8.89903
  9.35988 9.24585 9.33778 10.6396 12.5264 11.3517 7*0 12.6073 12.6494 13.2432 13.965 13.6041 13.2857 13.3503 13.4338 13.4465 13.4846
  12.7027 14.0097 13.2008 12.785 12.8809 12.3568 12.4249 12.8635 12.831 12.7092 11.7756 11.1598 11.4628 11.6326 11.654 11.1454
  10.6955 9.94155 9.34536 8.67787 8.49246 8.7735 7.82917 8.44464 8.21728 3*0 7.30924 8*0 8.82232 0 8.09924 233*0 5.40011 5.45799
  5.53311 5.31871 5.37875 14*0 7.288 0 8.5681 8.0867 8.43663 8.69834 9.77908 12.2182 12.2065 6*0 12.1892 12.3486 12.5278 13.2743
  13.0459 13.0871 13.227 13.2265 13.2824 13.3487 12.8321 12.5799 12.5923 13.8861 13.0756 13.5111 13.6847 14.1717 13.4649 12.7087
  12.7422 12.2529 11.3624 11.0412 11.3293 11.6656 11.5663 11.3972 10.6137 8.76195 8.63551 9.16945 8.94542 8.58622 8.5807 8.40033
  8.12835 8.07012 7.99079 7.77535 6*0 9.88622 9.58516 9.27341 236*0 5.30852 5.15819 5.23755 5.29556 17*0 7.00847 7.3448 7.5712
  7.86181 9.17364 11.718 10.8753 5*0 11.7759 11.9918 11.7447 12.8832 12.7969 12.9361 13.147 12.8909 13.1797 13.2212 13.2543 12.9563
  12.4394 12.4766 13.8029 12.8252 12.5377 14.0236 13.9112 12.5089 11.4822 11.5682 11.4136 11.2671 11.1831 11.6142 11.5821 12.1365
  11.502 6.54782 9.64858 10.5913 9.34783 0 8.58628 8.54683 8.36799 8.28156 8*0 10.1205 9.92404 239*0 5.15342 5.20183 18*0 7.08084
  7.14041 7.21001 9.07721 9.86101 10.9664 11.2097 11.4483 11.8772 11.8981 12.1999 11.333 11.5967 11.6012 11.3524 12.4007 12.7185
  13.1257 12.6621 12.6842 12.8106 13.3325 13.548 13.2211 13.2334 12.2946 11.7823 11.8463 12.0649 12.2525 12.0439 11.9467 11.6881
  11.4404 11.2964 11.2483 11.5709 11.6842 12.0982 9.80657 6.57329 5*0 8.65115 8.47092 8.34424 272*0 8.5319 8.96492 9.70566 10.0216
  10.8301 11.4632 11.736 11.7432 11.9823 11.1229 11.4541 11.706 11.9861 12.2353 12.4135 12.5478 12.6544 12.6674 12.6773 12.7114
  13.1984 12.9973 13.0877 12.1289 11.8632 11.5184 11.6018 12.5259 12.4299 12.7164 11.9083 11.3885 11.3819 10.8657 13.0225 278*0
  5.68417 4.67096 5.75041 6.90397 2*0 10.454 9.23066 9.5978 9.79477 10.044 10.6276 11.0495 2*0 10.975 11.2018 11.5498 11.7895
  12.0365 12.2662 12.4223 12.5559 12.6571 12.1085 11.6468 12.1305 12.6923 11.465 12.13 11.5871 10.323 10.0224 10.0871 10.0054
  9.88961 9.9094 10.6141 10.16 274*0 6.72182 6.64735 7.18067 2*0 5.55166 5.66341 5.24528 5.86803 6.62802 6.6882 0 10.3371 9.88549
  9.55575 10.0987 10.1627 10.9614 10.918 0 10.8177 10.8793 11.0018 11.3025 11.5918 11.8234 12.0465 12.2524 12.3975 11.5479 11.3669
  11.4373 8.78586 6.88808 10.3894 8.95799 6.8874 6.88602 6.88215 6.8758 6.87081 6.85342 277*0 6.54359 6.5701 6.85637 7.39988 5.43584
  5.53292 5.99647 5.91821 6.11915 6.40266 6.32267 5.91567 5.99032 10.4914 10.381 10.5321 10.6758 10.7602 0 10.4128 10.1951 10.8276
  10.9068 11.0471 11.3412 11.6 11.8142 12.011 11.3462 11.4048 11.4412 11.4998 6.87599 6.88096 6.8815 3.67218 3.67228 3.67164 3.67089
  3.66949 280*0 6.87052 6.74789 6.67544 6.6913 6.17823 6.16771 5.78607 5.82376 6.0908 5.7524 5.88291 5.955 9.68352 10.0479 10.3667
  10.563 0 10.1391 10.2533 10.5537 10.1936 11.6543 12.5091 11.7437 11.3177 11.5757 10.8404 10.8138 11.4569 12.1572 12.0455 3*0
  3.67637 3.6775 3.67745 3.67689 3.67508 0 16.0338 16.0063 15.9149 14.3654 11.8036 11.0374 0 11.7571 11.6443 261*0 6.70316 0 5.33108
  5.35325 6*0 7.37373 6.90991 6.76495 6.17498 5.5472 5.27519 5.32569 5.70964 5.74255 5.83523 0 8.99092 9.65995 10.3063 11.1418
  12.8886 11.3772 10.1973 10.3939 10.5124 12.0042 12.5679 10.9146 11.0401 0 9.85487 10.3697 10.9556 12.044 12.4742 279*0 6.18815
  6.81832 5.3059 5.34796 10*0 5.53308 5.23681 5.67983 5.69518 5.72528 2*0 9.73585 10.0665 10.6047 12.8174 13.1697 10.3754 10.059
  10.158 8.23146 8.83733 9.59082 10.8173 10.9134 0 9.70084 9.72841 10.4661 282*0 6.69263 12*0 5.5299 4.98445 5.65902 5.08127 5.70423
  7.24333 7.59993 9.69826 10.3452 11.5032 12.2843 12.0919 9.6406 9.77989 0 8.10866 8.20556 8.83941 10.7997 297*0 9.67741 9.93353 2*0
  3*0 7.87546 8.34709 8.15971 13.2206 12.1659 0 11.1531 312*0 7.85023 8.08697 7.22073 311*0 5.32221 4.59011 3*0 8.00188 8.05489 2*0
  315*0 8.68321 2425*0 71.9831 315*0 71.9749 71.9773 71.9796 71.9845 71.9898 311*0 71.99 71.991 71.9919 71.9759 71.9812 71.9862
  71.9903 72.0093 309*0 71.9194 71.9182 71.9555 71.9839 71.9846 72.0039 71.9856 71.9911 71.9926 72.0168 72.0191 305*0 71.9464
  71.9237 71.9199 71.9154 71.9121 71.911 71.9803 71.9818 71.9827 72.017 71.9903 71.9918 71.9982 72.0047 72.0104 301*0 71.9654
  71.9627 71.9605 71.9329 71.9161 71.9146 71.9137 71.9114 71.9297 71.9782 71.9803 71.9818 71.9828 72.007 71.9962 71.9973 72.0238
  72.0299 301*0 71.9373 71.9369 71.9481 71.9318 71.9262 71.9301 71.9297 71.9665 71.9706 71.973 71.9769 71.9796 71.9816 71.9893
  72.0588 72.0368 72.0065 72.0279 72.0359 299*0 71.9338 71.9316 71.9426 71.9369 71.9174 71.9426 71.9466 71.9587 71.9472 71.9579
  71.9576 71.9577 71.9564 71.9788 71.9857 71.9977 71.9867 71.9961 72.0267 72.032 72.0363 298*0 71.9133 71.9195 71.9239 71.9245
  71.9387 71.9409 71.9534 71.9485 71.9459 71.9498 71.9539 71.9527 71.9471 71.9836 71.9775 71.9872 71.9891 71.9953 72.0152 72.0298
  72.0329 298*0 71.9239 71.9196 71.9176 71.9118 71.9398 71.937 71.9348 71.9352 71.9382 71.9392 71.9389 71.9402 71.9492 71.9669
  71.9729 71.9794 71.9897 71.9944 72.0034 72.0273 72.0312 72.0431 296*0 71.9116 71.9092 71.9063 71.9013 71.9002 71.9064 71.9148
  71.9026 71.8795 71.902 71.9237 71.9189 71.9271 71.901 71.9217 2*0 72.0007 71.9921 71.9999 72.0248 72.0294 72.0418 72.0753 295*0
  71.8942 71.9005 71.8968 71.8961 71.8962 71.8941 71.8952 71.8314 71.8309 71.8476 71.9073 71.9023 71.9035 71.8921 7*0 72.0448
  72.0599 72.1035 294*0 71.8743 71.8419 71.8394 71.8371 71.804 71.8196 71.8107 71.7987 71.8106 71.8488 71.8745 71.8984 71.9136
  71.885 71.8904 9*0 72.1817 294*0 71.8058 71.8094 71.8221 71.8193 71.8102 71.805 71.7903 71.7819 71.8674 71.8629 71.864 71.8855
  71.915 0 73.317 73.2734 302*0 71.7698 71.8141 71.8152 71.8136 71.8029 71.7884 71.7784 71.7671 71.7655 71.8403 71.8138 71.8478
  71.9302 71.967 73.556 73.3987 73.4057 73.7258 6*0 72.12 72.1432 0 72.0765 291*0 71.7618 71.805 71.7978 71.7784 71.7622 71.7548
  71.7483 71.7595 71.8146 71.8008 72.1037 72.027 72.5482 73.661 73.489 73.2428 73.2334 73.4879 74.3718 5*0 72.1482 72.0986 72.0275
  72.074 71.7179 290*0 71.7512 71.7671 71.7566 71.7434 71.7375 71.7319 71.7857 71.8365 71.8254 72.1011 72.1609 72.1671 72.1385
  72.963 72.9586 73.1548 73.2864 73.7027 6*0 71.9934 72.0181 71.7245 71.6297 71.6209 71.7009 288*0 71.7602 71.7266 71.7029 71.6859
  71.7262 71.7233 71.7595 71.8449 71.8327 71.8234 71.8022 72.1245 72.1939 72.2047 72.6155 72.8468 73.3035 73.1206 6*0 71.6034
  71.6191 71.5359 71.5812 71.5795 71.6388 71.7836 288*0 71.7588 71.7389 71.6776 71.7089 71.7125 71.6539 71.8097 71.8368 71.8356
  71.827 71.8006 71.934 72.032 71.6609 72.0314 71.8486 71.8501 71.853 71.855 73.6848 73.7118 71.6378 71.6201 71.5644 71.5297 71.6396
  71.6678 71.6805 71.6418 71.7273 71.7912 71.8008 71.3267 285*0 71.6895 71.7332 71.7278 71.7116 71.7097 71.6815 71.6458 71.787
  71.8341 71.7901 71.756 72.1784 72.2923 72.1527 71.7923 71.8426 71.6624 71.7181 71.7247 72.3482 72.4002 72.3729 72.2995 71.6174
  71.6796 71.6931 71.7457 71.7357 71.692 71.6984 71.7693 71.788 71.7789 71.6876 72.0946 284*0 71.6958 71.7057 71.7013 71.7015
  71.6936 71.6182 71.6048 71.7462 71.7365 71.8242 71.938 72.1925 72.252 72.3179 72.0353 71.8201 71.7653 71.8437 72.2134 72.2409
  72.2325 72.2271 72.229 71.5269 71.5963 71.7381 71.6913 71.7378 71.732 71.686 71.7816 71.7928 71.7601 71.8151 72.3263 72.6606
  72.6696 281*0 71.705 71.6958 71.6901 71.6908 71.6901 71.6729 71.6031 71.5846 71.6339 71.8186 71.9965 72.3464 72.3832 72.607
  72.1421 71.9895 71.8769 72.1072 72.1966 72.2015 72.2415 72.2678 72.2551 72.2677 71.7311 71.5011 71.7081 71.7116 71.7268 71.717
  71.6728 71.7872 71.8031 71.7924 72.0646 72.694 72.6788 72.6154 72.424 280*0 71.6977 71.6879 71.685 71.6758 71.6591 71.6354 71.5835
  71.5585 71.7165 71.9333 72.1284 72.4543 72.6183 72.5713 72.2988 72.1629 72.19 72.2016 72.2188 72.2444 72.2788 72.2512 72.2644
  72.2759 72.1859 71.7659 71.5831 71.6464 71.7214 72.0394 72.2848 72.3074 72.3448 72.5655 72.6879 72.6951 72.7127 72.6703 72.4834
  72.3029 72.3463 278*0 71.6923 71.6786 71.6693 71.6579 71.6185 71.5285 71.4963 71.4551 71.7648 71.7782 72.1243 72.3983 72.5239
  72.3985 72.313 72.2338 72.2032 72.225 72.2606 72.2911 72.3147 72.2884 72.2901 72.2727 72.2579 72.2426 71.9796 72.1376 72.4488
  72.6637 72.6587 72.6744 72.702 72.7778 72.7634 72.7802 72.7846 72.6574 72.5497 72.3573 72.3034 72.2293 274*0 71.7156 71.7095
  71.6974 71.6869 71.6669 71.6426 71.6147 71.5625 71.3477 71.2441 71.4443 71.4326 71.5732 72.0908 72.3435 72.3706 72.323 72.2985
  72.3066 72.2968 72.241 72.276 72.2797 72.2715 72.2603 72.2694 72.253 72.2504 72.3205 72.3803 72.396 72.4523 72.5054 72.6414
  72.8963 73.3015 73.0508 72.8621 72.7873 72.6781 72.6118 72.5802 72.369 72.2941 72.3001 72.259 72.2647 270*0 71.7147 71.704 71.7023
  71.6908 71.6767 71.6627 71.6378 71.6249 71.5624 71.4584 71.3816 71.4122 71.4391 71.4309 71.5833 72.0548 72.3797 72.3856 72.3592
  72.3515 72.3631 72.358 72.362 72.4244 72.3565 72.3128 72.2991 72.2925 72.2712 72.3452 72.4492 72.5108 72.5684 72.5673 72.5851
  72.6071 72.845 73.0148 72.631 72.6058 72.616 72.6297 72.6428 72.4392 72.0414 71.9131 72.2595 72.2684 72.2823 72.2472 72.1837 2*0
  264*0 71.6868 71.7177 71.7069 71.6926 71.6792 71.6714 71.659 71.6345 71.6253 71.596 71.5546 71.4329 71.4294 71.5319 71.5488
  71.6083 71.8129 72.438 72.5884 72.5705 72.5274 72.4541 72.4691 72.4128 72.3802 72.4194 72.4805 72.4077 72.3196 72.3194 72.3974
  72.4262 72.4361 72.4832 72.568 72.6506 72.6396 72.6795 72.7849 72.6249 72.6023 72.6174 72.6337 72.6375 72.6177 72.0338 71.8473
  71.9792 72.28 72.2695 72.2957 72.2593 72.2069 72.1759 23.5935 261*0 71.7337 71.7063 71.6786 71.6965 71.7167 71.6968 71.6801
  71.7384 71.7926 71.7895 71.6676 71.6082 71.5365 71.5319 71.5427 71.5651 71.5772 71.7261 71.7644 72.4037 72.621 72.7082 72.5955
  72.4907 72.566 72.6153 72.6169 72.603 72.5157 72.4916 72.5022 72.425 72.4507 72.4791 72.4905 72.4936 72.5133 72.538 72.6267
  72.6544 72.7787 72.8758 72.7676 72.6784 72.6744 72.6508 72.6101 72.1883 71.7916 71.6886 72.2339 72.3476 72.313 72.2715 72.2753
  72.2948 72.2657 19.1818 3.9144 4.03666 4.17228 256*0 71.7718 71.732 71.7057 71.6832 71.6696 71.6557 71.6934 71.6786 71.7098 71.79
  71.7852 71.7853 71.6972 71.5593 71.5279 71.5374 71.5717 71.6802 71.7696 71.7717 72.076 72.5366 72.7278 72.7813 72.6848 72.5078
  72.5868 72.6895 72.7212 72.7125 72.696 72.5672 72.5465 72.5622 72.5511 72.5115 72.513 72.5508 72.5925 72.6112 72.6798 72.6359
  72.6414 72.5796 72.847 72.9185 72.8909 72.7935 72.3804 71.6435 71.6519 71.8408 72.3587 72.3736 72.3502 72.3307 72.3205 72.3104
  72.3302 26.0662 3.98362 4.1324 4.20032 4.26195 4.26216 251*0 71.8224 71.8111 71.7937 71.7464 71.7121 71.6872 71.6628 71.6578
  71.6433 71.6819 71.6675 71.7415 71.78 71.7756 71.7038 71.5873 71.5512 71.6196 71.6997 71.7352 71.86 71.9755 72.1307 72.5658
  72.7169 72.8282 72.8377 72.7248 72.6309 72.7423 72.8399 72.8207 72.7665 72.7581 72.7767 72.5997 72.6294 72.6096 72.5759 72.6591
  72.6585 72.7109 72.7215 72.708 72.6131 72.7285 72.5948 72.462 72.829 72.839 72.7608 72.3116 71.7773 72.0324 72.4444 72.4316
  72.4011 72.3868 72.3931 72.4036 72.383 72.3809 32.1607 4.23502 4.27466 4.26754 4.2264 4.26132 4.3083 4.16448 247*0 71.8534 71.8361
  71.8145 71.8083 71.7758 71.7212 71.6971 71.6711 71.7031 71.7126 71.6897 71.6647 71.7043 71.766 71.7766 71.7355 71.5911 71.5882
  71.72 71.7497 71.7276 72.0297 72.5791 72.6684 72.6206 72.8555 72.8929 72.886 72.901 72.8397 72.8951 72.8502 72.8385 72.8057
  72.8391 72.8585 72.8639 72.6624 72.7088 72.7186 72.761 72.774 72.7972 72.7567 72.7438 72.7365 72.6341 72.7365 72.513 72.7299
  72.8165 72.8215 72.7354 72.4327 72.3897 72.5487 72.5742 72.4646 72.4838 72.4863 72.5031 72.5023 72.5294 72.4935 39.1616 4.34263
  4.33028 4.1937 4.13031 4.12343 4.15158 4.13447 4.17358 243*0 71.8958 71.8774 71.8565 71.8464 71.8397 71.8021 71.7862 71.7588
  71.7101 71.6788 71.736 71.7336 71.7058 71.6837 71.7047 71.8059 71.7943 71.7832 71.777 71.7863 71.7711 71.7593 71.7426 72.0452
  72.6879 72.8156 72.6952 72.6968 73.0278 72.8815 72.9556 72.952 72.9557 72.923 72.9235 72.9141 72.8696 72.9055 72.9548 72.8696
  72.7592 72.7616 72.7819 72.8503 72.8827 72.8395 72.8016 72.7829 72.7957 72.8196 72.6908 72.6728 72.7344 72.8677 72.7573 72.5996
  72.534 72.7452 72.7488 72.7373 72.673 72.5561 72.5671 72.5698 72.541 72.5484 72.5289 36.8904 4.33274 4.26502 4.1149 4.14676
  4.12254 4.1198 4.1056 4.10656 4.20431 4.12325 239*0 71.9298 71.9111 71.8978 71.8806 71.8666 71.842 71.8272 71.7903 71.7655 71.7367
  71.7061 71.6739 71.7521 71.7341 71.7058 71.6751 71.7469 71.7979 71.7271 71.7529 71.7809 71.776 71.8278 71.8427 71.8505 72.4564
  72.6779 72.7145 72.7379 72.8816 72.7821 72.7766 72.9718 73.0515 73.0298 72.9989 72.9799 72.9668 72.8988 72.9508 72.9896 73.0259
  72.834 72.8123 72.8637 72.9243 72.9254 72.8819 72.8679 72.8184 72.8213 73.0101 72.6284 72.8287 72.6586 72.7923 72.9567 72.59
  72.6199 72.8308 72.7533 72.7859 72.6753 72.5855 72.6194 72.6253 72.6209 72.6173 68.2696 15.713 4.2966 4.16582 4.10071 4.17521
  4.1141 4.14301 4.13607 4.16624 4.17575 4.09102 4.27175 235*0 71.9324 71.9286 71.9248 71.9202 71.9101 71.9026 71.8857 71.8615
  71.8479 71.8182 71.778 71.7431 71.7239 71.6909 71.7048 71.7481 71.7327 71.7019 71.6721 71.658 71.639 72.1099 72.7965 72.8278
  72.5516 71.964 71.9458 72.0583 72.3937 72.3724 72.6884 72.9477 72.8556 72.8552 72.8321 73.0839 73.1034 73.0846 73.1019 73.0541
  73.0442 72.99 72.9691 73.01 73.0519 73.0736 72.957 72.9518 72.98 72.9823 72.9382 72.9109 72.8986 72.7007 72.6345 72.6988 72.5915
  72.4847 72.6632 73.0616 72.5572 72.8325 72.8703 72.8072 72.463 72.3874 72.4459 72.5991 72.6883 72.6987 62.3478 17.6799 4.27353
  4.27811 4.1022 4.00519 4.10729 4.08717 4.2438 4.23772 4.15505 4.13584 4.19721 4.26086 4.17594 4.22041 231*0 71.9626 71.9599
  71.9493 71.9453 71.9315 71.9219 71.9046 71.8966 71.89 71.8685 71.8465 71.8066 71.7621 71.7256 71.7059 71.7449 71.7646 71.7485
  71.7255 71.7001 71.6811 71.6573 71.6421 72.7602 72.9007 72.9103 72.879 72.4715 72.3937 72.6458 72.7314 72.7766 73.0125 73.0175
  72.9117 72.8802 72.9876 73.0537 73.1512 73.0647 73.0292 73.166 73.1455 73.0738 73.0246 73.084 73.1195 73.1029 73.1367 72.9883
  73.0064 73.0602 73.0714 73.0421 72.8028 72.7165 72.7847 72.5001 72.3804 72.4526 72.7785 73.2411 72.9976 72.9526 72.8383 72.7248
  72.4408 72.3578 72.5143 72.5636 72.0159 40.8541 6.74079 4.40534 4.3578 4.27049 4.15211 4.1135 4.2743 4.30665 4.34796 4.32967
  4.17278 4.06894 4.09231 4.16075 4.16704 4.22834 4.28043 228*0 71.9916 71.9795 71.978 71.9721 71.9562 71.9496 71.9434 71.9262
  71.9135 71.9094 71.8847 71.8647 71.8376 71.8 71.8554 71.8936 71.8654 71.8425 71.7925 71.7592 71.7587 71.8388 71.7754 71.6652
  72.4563 72.9409 73.0956 73.0643 73.1024 72.9555 73.0699 72.9942 73.0831 73.2481 73.2423 73.25 73.1913 73.1582 73.1205 73.1824
  73.2415 73.0768 73.1753 73.2268 73.2221 73.1567 73.0918 73.1113 73.1272 73.1323 73.1755 72.972 72.997 72.9972 72.9953 73.0032
  72.9184 72.9139 72.9224 72.7808 72.936 72.9724 72.9237 73.0865 73.046 72.9902 72.7863 72.7993 72.5968 72.4709 72.546 71.6655
  27.3824 4.46309 4.44923 4.4312 4.404 4.36123 4.3108 4.38007 4.43382 4.39468 4.34148 4.28782 4.10931 4.05741 4.10464 4.1691 4.25298
  4.27453 4.30511 4.53234 224*0 72.0242 72.018 72.0058 71.9939 71.9796 71.9779 71.9755 71.9623 71.9698 71.9559 71.9404 71.9305
  71.913 71.897 71.8649 71.8389 71.7997 71.7555 71.7241 71.8192 71.9402 71.9238 71.8997 71.8844 72.0606 72.7373 73.109 73.0167
  73.3755 73.324 73.2964 73.1262 73.2076 73.2061 73.2315 73.2173 73.341 73.3241 73.3087 73.3121 73.2521 73.1942 73.2327 73.2962
  73.3771 73.4737 73.3064 73.2731 73.243 73.2055 73.1954 73.194 73.2202 73.0378 72.8534 72.9229 72.9471 72.9695 72.9844 72.8963
  72.7863 72.8408 72.8329 72.9875 73.1228 73.23 73.1172 72.9723 73.1377 73.0506 72.972 72.763 72.7993 72.8776 46.5268 4.5038 4.51679
  4.49529 4.49677 4.46319 4.44906 4.43829 4.51759 4.47403 4.44651 4.37531 4.22927 4.21666 4.15025 4.10986 4.1506 4.28847 4.24908
  4.21983 4.86562 4.77789 4.39636 220*0 72.0727 72.0426 72.0327 72.0241 72.0144 72.0057 71.9992 72.0017 72.0467 72.9192 72.8739
  72.6682 71.9628 71.9602 71.9296 71.9125 71.8714 71.7655 71.792 71.7571 71.6746 71.9021 71.8908 71.9409 71.9094 72.4858 73.1619
  73.4431 73.4946 73.5227 73.4667 73.4142 73.434 73.2788 73.3035 73.2289 73.2434 73.2968 73.4076 73.3973 73.3877 73.389 73.2556
  73.3117 73.2699 73.2682 73.2823 73.2781 73.2766 73.2739 73.2898 73.2636 73.2709 73.2301 73.0791 72.8842 72.9029 72.9199 72.9734
  73.0184 72.8979 72.9397 72.9608 72.9275 72.9418 72.9377 72.9362 72.9674 72.9162 72.9822 73.1744 73.0345 72.9398 72.8089 72.814
  72.934 27.817 4.51686 4.52942 4.58021 4.56483 4.50888 4.48175 4.5614 4.56311 4.50075 4.47258 4.35064 4.29167 4.25558 4.18182
  4.17193 4.21773 3.86187 3.82374 3.7734 4.17201 4.26991 3.7393 2.82813 216*0 72.1588 72.1489 72.1303 72.05 72.0456 72.0333 72.019
  72.0258 72.0223 72.0427 72.093 72.4407 73.1533 73.1601 72.5223 71.9843 71.968 71.8814 71.8287 71.7788 3*0 71.5652 71.8451 72.0268
  72.5333 73.2729 73.379 73.5274 73.5693 73.5048 73.455 73.4869 73.4828 73.3392 73.3186 73.2694 73.2789 73.3531 73.4689 73.518
  73.4806 73.5184 73.5514 73.6457 73.6683 73.4329 73.3447 73.3507 73.3607 73.3587 73.3682 73.3479 73.3389 73.3414 72.9897 72.9007
  72.9197 72.9201 72.9779 72.992 72.932 72.8911 72.9946 72.9336 72.9683 73.0622 73.0182 73.0039 72.9892 73.0016 73.0239 73.0036
  72.9169 72.8945 72.8719 72.8311 72.9694 25.5858 4.59124 4.58714 4.58939 4.57478 4.63996 4.79041 4.67323 4.59435 4.52819 4.51347
  4.45592 4.4458 4.45798 4.3364 4.46198 4.26381 4.13833 3.93738 3.58458 3.35375 2.80136 2.82553 2.8726 2.93788 213*0 72.1734 72.1721
  72.1662 72.1421 72.0399 71.9954 72.0654 72.0417 72.0303 72.0333 72.2416 72.2334 72.0941 72.0634 72.0273 72.0169 72.0171 71.9629
  71.7227 5*0 71.5698 71.7207 72.284 73.0851 73.5846 73.598 73.6292 73.6622 73.6529 73.5361 73.5128 73.5222 73.486 73.3104 73.3144
  73.3933 73.4998 73.5309 73.5636 73.4916 73.5321 73.7045 73.7725 73.9318 73.7289 73.512 73.4268 73.4314 73.5363 73.6209 73.3724
  73.3755 73.3551 73.2542 73.0436 72.9228 72.9385 72.9637 72.9819 73.0111 72.9739 73.0538 73.0326 72.9671 73.0201 73.0663 73.0839
  73.0759 73.1768 73.1404 73.1176 73.0079 73.0269 72.9652 72.8269 72.8198 72.9403 30.7835 4.67863 4.66817 4.63402 4.61052 4.81827
  4.94488 4.6816 4.66701 4.58595 4.56079 4.56571 4.80416 4.73428 4.86604 4.51042 4.02421 3.73792 3.73515 3.74838 2.76726 2.77773
  2.80698 2.88315 3.60278 5.00996 8.12099 209*0 72.1915 72.1851 72.1786 72.176 72.1694 72.0813 71.903 71.9784 72.1021 72.1492
  72.1175 72.119 72.3726 72.2443 72.0714 72.0303 72.0359 72.036 72.0214 71.9788 72.1913 72.1838 72.1857 2*0 71.7409 72.5992 73.6424
  73.6692 73.7635 73.7375 73.6708 73.6846 73.6885 73.6137 73.5491 73.5649 73.5822 73.5063 73.4509 73.4202 73.53 73.5365 73.5912
  73.6317 73.6129 73.7262 73.7685 73.9181 74.0141 73.641 73.4845 73.44 73.4623 73.9424 73.9411 73.849 73.6889 73.6006 73.2959
  73.0926 73.0466 73.0066 72.9811 72.917 72.882 72.9824 73.0941 73.0962 73.0602 73.0177 72.9853 73.0122 73.0491 73.1191 73.0886
  73.1334 73.0598 73.0489 73.0448 72.9405 72.9725 72.9272 40.6212 4.6995 4.75005 4.69447 4.64508 4.65176 4.72918 4.74475 4.78204
  4.75053 4.79619 5.10265 5.0251 5.14137 4.96386 4.37959 3.85405 3.77839 3.64694 3.50668 3.01656 3.32627 3.4951 3.77144 4.60784
  6.31068 8.27629 8.3896 205*0 72.3944 72.1825 72.2 72.204 72.1991 72.1866 72.1591 72.0261 71.9099 72.0385 72.4667 72.4639 72.3223
  72.083 72.0857 72.0962 72.0901 72.0475 72.0769 72.0795 72.2254 72.2756 72.7681 73.571 73.4381 72.6479 72.0575 0 73.2133 73.8689
  73.8684 73.8656 73.7971 73.7712 73.7706 73.7502 73.7098 73.6449 73.5873 73.6104 73.6177 73.5771 73.498 73.5238 73.5693 73.6178
  73.6848 73.7012 73.7594 73.9759 73.9216 73.9753 74.0029 73.7167 73.486 73.556 73.5948 73.9626 74.1471 73.9735 73.9754 73.9864
  73.6142 73.1968 73.0989 73.071 72.9469 72.8939 72.8874 73.0945 73.2853 73.2998 73.2092 73.079 73.0564 73.0253 73.0449 73.0647
  73.0249 73.1367 73.0898 73.0622 73.0519 73.0302 73.0752 71.8806 29.9121 4.68019 4.82979 4.7748 4.72094 4.71509 4.78426 4.83879
  4.93675 5.17143 5.42245 5.4392 5.3734 5.54886 5.57096 5.16275 4.14734 3.83087 3.80786 3.13955 3.5875 3.71209 3.56464 4.55945
  5.54571 6.98099 7.4258 6.95953 6.68519 5.5638 201*0 72.8215 72.6703 72.4149 72.3326 72.2089 72.2095 72.1812 72.117 71.9712 71.9238
  72.0031 72.4865 72.9203 73.033 73.0558 72.1211 72.0965 71.9728 71.9246 71.9695 72.7592 73.5404 73.541 73.6889 73.9195 74.0742
  73.8649 73.6456 73.6981 73.5529 73.7781 74.0293 74.0817 73.9892 73.8733 73.871 73.8695 73.817 73.6803 73.5581 73.5752 73.6163
  73.638 73.5549 73.5388 73.5834 73.5702 73.6982 73.7784 73.765 73.9036 74.0919 73.7863 73.9081 73.7497 73.686 73.6501 73.5975
  73.591 73.7485 73.9113 73.8289 73.8014 73.909 73.3514 73.3171 73.2889 73.1233 72.9692 72.9707 73.0849 73.3791 73.4029 73.2861
  73.2186 73.1735 73.1123 73.0968 73.0848 73.1947 73.0513 73.1152 73.0995 73.1375 73.1457 73.1476 73.1095 73.0814 73.0487 72.8888
  4.83534 4.83236 4.81302 4.92848 4.82805 4.93243 4.97752 5.22658 5.52792 5.61378 5.83956 5.7926 5.30351 3.66475 3.45409 3.318
  2.93361 3.51452 3.84683 3.86099 4.22325 5.68559 6.12696 6.76375 7.43845 6.95665 8.85408 6.22744 6.88287 7.71216 196*0 72.8764
  72.8228 72.8458 72.8709 72.7946 72.6416 72.7027 72.5295 72.3013 72.0917 72.0307 72.0754 72.1468 72.1414 72.8085 73.3624 73.3726
  73.2906 72.6237 73.2803 73.8355 73.6321 73.7553 74.0097 74.1742 73.9632 74.0043 74.1539 74.1874 74.1611 74.0338 74.0397 74.0335
  74.1245 74.1153 74.0658 74.0857 73.9914 73.9306 73.8802 73.7636 73.6499 73.6109 73.6036 73.6049 73.6224 73.623 73.6347 73.639
  73.6821 73.7906 73.8431 73.8246 73.7425 73.8096 73.7865 73.8493 73.8141 73.6979 73.6078 73.3468 73.5674 73.7633 73.8878 74.0326
  73.846 73.7314 73.9259 73.616 73.4603 73.1673 73.0783 73.1661 73.4174 73.44 73.442 73.2277 73.2803 73.3558 73.2524 73.1658 73.1773
  73.1946 73.1643 73.1855 73.102 73.1551 73.1191 73.132 73.1802 73.1698 73.1188 73.1447 73.242 73.31 73.364 5.01125 4.99042 5.11012
  5.0121 5.13951 5.292 5.58096 5.27115 4.81022 4.15563 2.96957 2.8855 3.49914 3.82986 3.74495 3.94182 4.67211 6.01117 6.15316
  6.37417 7.64709 7.31833 9.1967 9.13218 7.06125 6.72416 7.90959 7.43443 3.10539 192*0 72.7505 72.9099 72.9287 72.9298 72.9208
  72.9307 72.7853 72.6711 72.589 72.5443 72.2956 72.1823 72.1684 72.1599 72.3417 72.6324 72.8011 73.1668 73.1231 73.0247 72.8667
  73.6953 74.3066 74.4642 74.4851 74.5696 74.5153 74.1821 74.2204 74.2958 74.2675 74.272 74.2824 74.2389 74.2031 74.1177 74.0092
  73.9857 73.9565 73.9186 73.8462 73.8247 73.7702 73.712 73.687 73.6917 73.6691 73.72 73.7456 73.7469 73.7147 73.8163 73.8659
  73.7379 73.6636 73.6116 73.5992 73.7337 73.789 73.7568 73.7357 73.6202 73.4582 73.8584 73.9682 73.8978 73.4365 73.0925 73.6947
  73.7651 73.7462 73.6053 73.4383 73.3865 73.6225 73.671 73.6729 73.4191 73.1862 73.3397 73.2024 73.2279 73.1631 73.2416 73.2293
  73.1993 73.2759 73.1406 73.0191 73.1784 73.3906 73.4735 73.4648 73.4001 73.3215 73.4082 73.4771 73.4703 73.468 73.6781 73.7221
  73.6794 5.32581 5.38242 5.26815 4.5991 4.22341 4.03919 3.34424 3.95721 3.72112 3.70347 3.67904 4.71831 6.30294 6.36134 6.52407
  7.37567 7.84887 9.46154 9.45517 9.43096 8.44631 8.18313 8.21906 7.24763 5.44597 7.71162 188*0 72.631 72.6873 72.7117 72.817
  72.9654 73.0005 73.0202 72.9999 72.8256 72.5858 72.5551 72.5803 72.3531 72.2699 72.2119 72.2983 72.6604 72.9105 72.9227 72.8933
  72.9526 72.9824 72.9615 73.0949 73.805 74.2142 74.4286 74.5338 74.375 74.3802 74.4045 74.4424 74.4064 74.3717 74.3701 74.3177
  74.2307 74.1596 74.1164 74.1052 74.0817 74.021 73.9873 73.9354 73.9459 73.9052 73.8611 73.8045 73.8005 73.8049 73.8178 73.8365
  73.8436 73.8055 73.789 73.7805 73.741 73.7253 73.6942 73.6655 73.7285 73.7283 73.882 74.0109 73.866 73.5922 73.9858 73.8446
  72.8098 71.7055 72.0547 72.6695 73.7067 73.9273 73.6865 73.5171 73.6397 73.2189 73.5487 74.0979 73.5799 73.1642 73.2993 73.2694
  73.2705 73.2551 73.0403 72.8764 72.5815 72.6279 72.6478 72.6165 72.7317 73.1469 73.3927 73.5143 73.5336 73.4367 73.5595 73.6296
  73.8 73.8782 73.669 73.7045 73.7383 73.9068 73.8187 73.3262 72.5219 72.5976 4.04243 4.34719 3.98687 3.72254 3.73687 4.56787
  5.26719 5.82785 5.90016 5.22622 3.9804 0 2.73926 5.81459 7.98753 8.86067 7.27654 8.15009 8.38498 7.46457 8.1693 8.1084 185*0
  72.6359 72.6694 72.7302 72.7571 72.8345 72.8668 72.9585 73.0745 73.1061 73.0923 72.8551 72.7386 72.5463 72.2774 72.2786 72.2405
  72.3228 72.593 72.7679 72.9295 72.9599 72.9735 73.055 73.0532 73.2798 73.6824 74.0971 74.3523 74.395 74.4173 74.4603 74.5162
  74.5512 74.5651 74.4918 74.4474 74.3569 74.3373 74.2972 74.2806 74.2327 74.2255 74.2019 74.1668 74.1276 74.0924 74.0506 74.0419
  73.9813 73.9403 73.9218 73.9098 73.8866 73.876 73.8791 73.8704 73.8548 73.8436 73.8021 73.7921 73.8129 73.7897 73.8463 73.9804
  73.9334 74.3521 73.8668 73.9165 73.7018 73.0337 72.202 71.8374 72.0446 71.8361 71.6999 72.9106 73.9555 73.9935 73.4869 73.7154
  74.2433 74.3996 73.9421 73.453 73.2958 73.3683 73.1923 72.7011 72.4667 72.5469 72.5856 72.8931 73.0089 73.0363 73.0627 73.0321
  73.0523 73.7543 73.8138 73.7808 73.8357 73.9793 74.272 74.2537 73.8204 73.647 74.0403 74.1318 73.7996 73.1584 72.3256 72.331
  72.2819 72.3176 72.3471 72.2965 72.328 73.4064 74.0629 74.4248 72.7848 3*0 2.74401 2.75662 2.78833 6.72745 5.51686 3.88161 6.69877
  8.45973 8.47681 8.39267 7.3727 182*0 72.8168 72.7928 72.7461 72.7458 72.7988 72.8706 72.9176 72.9554 72.9768 73.1187 73.1965
  73.1782 73.1704 72.7729 72.6341 72.6389 72.63 72.6048 72.6338 72.62 72.8083 72.9801 72.9991 72.9978 73.1271 73.7245 73.9916
  74.2388 74.4084 74.4666 74.4898 74.5368 74.5361 74.607 74.6415 74.6423 74.6409 74.535 74.4786 74.4684 74.4341 74.3824 74.375
  74.3686 74.3117 74.292 74.2865 74.2289 74.176 74.1211 74.0935 74.0529 74.0745 74.0555 73.9543 73.9579 73.9192 73.8879 73.8818
  73.8409 73.8575 73.863 73.873 73.8467 73.8553 73.9533 74.0381 74.2126 74.2542 74.1687 73.3448 71.7314 71.8578 71.7636 71.7037
  71.4848 71.5267 72.2697 75.6286 74.7492 74.297 74.0924 74.3499 74.6298 73.7959 73.6343 73.2549 73.1356 72.4997 72.1273 71.7124
  71.8286 71.9772 72.3331 72.4048 72.7851 72.8833 73.5054 73.7953 74.037 73.9664 74.0999 74.1895 74.2545 74.3137 74.2434 73.3924
  73.3596 73.4525 73.6178 73.0098 72.4074 72.3902 72.3781 72.1374 72.017 71.9655 71.9385 72.1386 72.7447 73.4682 72.8718 72.8442 2*0
  3*0 72.61 75.4059 75.3948 75.4252 5.67576 8.43871 8.5083 8.48475 8.54829 8.35034 178*0 72.9915 73.0257 72.7862 72.7544 72.7586
  72.7662 72.8617 72.9175 72.9495 72.9781 73.0555 72.9609 73.2291 73.2345 73.2285 73.1818 72.6472 72.665 72.6773 72.6691 72.6462
  72.664 72.6406 72.6971 72.8676 72.8391 73.0481 73.4263 74.3207 74.5155 74.5601 74.5902 74.6827 74.7004 74.6517 74.66 74.7321
  74.7374 74.7688 74.7054 74.6641 74.6517 74.5984 74.5338 74.5276 74.5103 74.4981 74.4613 74.4093 74.3982 74.3781 74.2942 74.2403
  74.2351 74.2087 74.2149 74.1917 74.0738 74.058 74.0099 73.9375 73.9176 73.9119 73.8907 73.9361 73.9429 73.9204 73.8215 73.8053
  73.7956 74.0846 74.7067 74.7785 72.3135 71.8265 71.7344 71.7178 71.7075 71.639 71.3689 75.1958 76.5145 73.4501 72.6759 72.9589
  73.1533 73.2382 72.6277 72.0613 72.0787 72.1746 72.1778 71.7333 70.8434 70.9741 72.053 72.1079 72.2889 72.4782 72.8446 72.8031
  72.5827 72.6305 74.2194 74.5861 74.5883 74.3442 73.9383 73.5236 73.3089 73.1895 73.127 72.5186 72.2762 72.2725 72.1912 72.1637
  72.1767 72.0489 71.4178 71.0369 71.595 72.4019 7*0 71.1533 72.5811 73.8071 74.0688 74.4205 74.7995 75.2945 73.5008 7.95859 7.88543
  7.8009 4.17851 175*0 72.934 73.0174 72.8727 72.7286 72.7117 72.7291 72.7601 72.9167 72.9666 72.9973 73.0309 73.1701 73.3066
  73.3688 73.3103 73.2906 73.2903 72.8126 72.6526 72.6741 72.703 72.7237 72.6837 72.6636 72.7402 72.6499 72.9801 73.5111 73.8344
  74.1522 74.4273 74.7643 74.7741 74.8059 74.8146 74.8193 74.8005 74.7655 74.8209 74.8826 74.9244 74.8499 74.8054 74.8031 74.7357
  74.6767 74.65 74.657 74.6057 74.5943 74.5375 74.5066 74.4567 74.3847 74.317 74.25 74.3086 74.271 74.2319 74.23 74.1611 74.1191
  74.0591 74.0018 73.979 73.9554 73.9661 73.9385 73.9388 73.9009 73.8384 73.7869 74.0477 74.4662 74.9892 73.813 71.725 71.7709
  71.7609 71.7084 71.3724 71.4173 75.0277 73.2887 72.4655 72.5529 72.7713 72.8302 72.8704 72.4189 71.8676 71.7283 71.7462 71.8333
  71.7557 70.9975 70.6399 70.6704 71.999 71.4663 70.5695 70.5342 71.0379 70.4805 70.7241 71.0935 71.1843 72.7045 73.6275 73.4646
  73.5107 73.2397 73.2125 73.1656 72.4529 72.2787 72.1865 72.1052 72.1391 71.9475 71.0637 70.9269 70.7839 70.8094 70.814 70.9195 2*0
  4*0 71.1593 71.2044 72.4556 73.4252 74.1689 74.0211 74.365 74.9042 75.4491 66.4944 8.08067 5.78062 172*0 73.0655 73.0691 72.9743
  73.0479 73.0755 72.8435 72.8313 72.8197 72.8143 72.9715 73.1498 73.2271 73.3382 73.3697 73.3905 73.4613 73.61 73.3784 73.2939
  73.3078 72.6765 72.6908 72.7287 72.7328 72.7132 72.8624 73.0627 73.344 73.5544 73.762 74.0804 74.3636 74.4549 74.5078 74.7686
  74.9255 74.9315 74.9356 74.9413 74.9575 74.9388 74.9147 74.9864 74.9556 74.9511 74.9029 74.8687 74.8492 74.819 74.7698 74.7312
  74.7136 74.67 74.6319 74.6058 74.5066 74.4369 74.3671 74.3793 74.4067 74.4157 74.3517 74.3483 74.2726 74.2401 74.1574 74.0853
  74.0698 74.0534 74.0049 73.9801 74.0181 73.9052 73.9473 73.9564 74.0961 74.228 74.0138 73.7863 73.156 71.8839 71.8161 71.568
  71.531 71.8222 71.6722 72.4089 72.4191 72.5269 72.8729 72.8718 71.8122 71.3473 71.8712 71.5912 71.1726 71.3506 71.0431 70.6591
  70.6368 70.625 70.6066 70.6038 70.5541 70.5264 70.5037 70.4746 70.4595 70.4542 71.2266 72.2497 73.807 73.7915 73.788 73.6242
  73.4771 73.6552 72.6964 72.3579 71.9023 71.5808 71.1031 71.0453 71.0549 70.9152 70.7525 70.87 70.8886 70.9633 71.0489 6*0 71.1843
  71.2134 71.251 71.2993 73.9457 74.7828 75.5326 75.3001 77.3978 26.8794 7.32393 7.86331 169*0 73.0255 73.0686 73.1103 73.1377
  73.1522 73.0731 72.747 72.8255 72.8219 72.8397 72.8317 73.184 73.3077 73.5088 73.4833 73.5214 73.6043 73.6282 73.6661 73.4253
  73.3813 73.3604 73.0202 72.9681 72.9791 73.2693 73.5268 73.8179 74.0983 74.137 74.2925 74.1483 74.3449 74.5549 74.6139 74.6396
  74.9675 75.0188 75.0509 75.0367 75.0616 74.9946 74.9638 74.9904 74.9978 74.9879 75.0012 74.9998 74.9587 74.9465 74.9304 74.9032
  74.8482 74.7805 74.7504 74.7228 74.6898 74.5875 74.5405 74.4435 74.4378 74.4798 74.4696 74.4262 74.4011 74.3935 74.3585 74.2363
  74.1958 74.1247 74.1065 74.0683 74.063 73.9815 74.0273 74.2616 74.3495 74.2332 74.2252 74.0829 73.7595 73.7326 71.8232 71.8148
  71.8473 71.8511 71.8603 71.7768 72.5844 72.6768 72.1274 72.2439 72.3424 70.8979 70.8009 71.0764 71.2177 70.847 70.6913 70.6757
  70.654 70.6304 70.611 70.59 70.5681 70.5425 70.5256 70.4995 70.4735 70.7165 71.172 71.7114 72.1737 73.4512 74.177 74.9021 73.5792
  73.6512 74.1284 71.9468 72.2914 71.4126 71.1043 71.6937 71.9757 70.9162 70.7634 70.7964 70.8553 70.908 71.0363 71.0691 73.2007 0
  71.1789 71.1996 71.2188 0 71.2084 71.2254 71.2625 71.334 72.7958 76.1063 78.145 77.6221 76.9553 69.1737 8.11604 6.06916 3.09884
  3.13741 3.24432 3.34978 162*0 72.9163 72.6059 72.5779 73.0887 73.1431 73.1829 73.1869 72.9338 72.7393 72.7297 72.7766 72.7068
  72.7587 72.7894 73.1032 73.389 73.4839 73.6432 73.6849 73.7306 73.7774 73.8459 73.7483 73.6801 73.5847 73.8308 74.1055 74.2522
  74.3949 74.462 74.758 74.7238 74.6879 74.2728 74.3248 74.5784 74.718 74.7501 74.8449 75.0866 75.0553 75.1019 75.1431 75.0213
  74.9695 75.0466 75.0636 75.0889 75.0677 75.0836 75.099 75.0538 75.0385 75.0229 74.9832 74.9479 74.8527 74.8012 74.7942 74.718
  74.685 74.6425 74.5346 74.491 74.5177 74.5123 74.53 74.4589 74.4282 74.391 74.3013 74.2517 74.1747 74.1766 74.1444 74.1494 74.0384
  74.0272 74.4729 74.3468 74.2129 74.2187 74.27 74.1784 74.0471 71.8358 71.8458 71.8495 71.8525 71.8681 72.5445 72.5602 72.0584 2*0
  70.8707 70.8438 71.0476 71.4403 71.3968 71.1697 70.9146 70.6646 70.6509 70.624 70.6008 70.5886 70.5635 70.5384 70.5243 70.4959
  71.1082 71.2672 71.5695 73.4817 74.1763 74.9663 75.7226 76.1215 74.5532 74.3809 73.9519 72.3764 0 70.6635 70.7059 72.6305 70.7484
  70.7667 70.7826 70.8764 70.9022 70.978 71.059 71.1129 71.1508 71.1723 0 71.212 71.206 72.8633 74.0992 73.6799 71.2992 71.3605
  71.4038 74.9723 74.3357 74.89 73.6284 73.3332 30.1456 3.07948 3.09098 3.10584 3.1997 3.30326 3.28169 3.20117 3.19879 157*0 72.927
  72.9517 72.9657 73.0183 73.1043 73.1405 73.1584 73.0317 72.7941 72.5549 72.4718 72.609 72.9536 73.0086 72.8585 72.9807 73.3022
  73.4847 73.7648 73.9385 73.979 73.9699 74.019 74.1007 74.1893 74.2748 74.3016 74.3544 74.4587 74.4895 74.5748 74.7043 75.0629
  75.0143 74.5915 74.492 74.507 74.8385 75.0968 75.1756 75.1945 75.1815 75.1718 75.2183 75.1513 75.135 75.1406 75.1219 75.1434
  75.1981 75.1998 75.1913 75.1714 75.1363 75.1098 75.0697 75.0635 74.987 74.8856 74.8225 74.8128 74.7518 74.702 74.6424 74.6072
  74.5738 74.5725 74.5546 74.5371 74.5101 74.3686 74.3087 74.335 74.2694 74.026 74.0332 74.2621 74.2154 74.1302 74.1002 74.5473
  74.2826 74.3537 74.3531 74.4155 74.3788 74.8279 73.8278 71.8783 71.8632 71.8495 71.8677 72.3296 71.2393 70.8178 2*0 73.4992
  71.7351 71.3789 71.8616 72.0124 71.408 70.9045 70.7577 70.6502 70.6247 70.5966 70.5768 70.5524 70.535 70.772 71.1894 71.4195
  71.7641 72.7519 73.5225 76.0647 76.5472 76.1854 75.4432 75.2483 73.3542 73.3938 72.4095 2*0 70.6621 70.6567 70.7466 70.7979
  70.8645 70.9066 70.9813 71.0505 71.1041 71.1464 71.1684 71.1641 71.1377 71.1823 71.2174 73.9784 74.2371 73.3407 71.3544 71.414
  71.3712 71.3758 71.4286 71.4074 71.4488 71.4517 71.1236 17.5017 3.08685 3.09732 3.20919 3.27201 3.23906 3.24273 3.35897 3.38495
  3.36376 153*0 72.9228 72.9411 72.9857 73.0411 73.063 73.1311 73.1691 73.1798 73.0951 72.9579 72.932 72.7239 72.8528 73.1141 73.236
  73.3091 73.431 73.6045 73.7375 73.9036 73.9818 74.0369 74.0493 74.1152 74.1963 74.2625 74.3204 74.3793 74.4571 74.503 74.539
  74.6024 74.7359 74.8156 74.9338 74.9076 74.8924 74.7426 74.9975 75.21 75.3107 75.3221 75.3103 75.2548 75.2214 75.1629 75.1945
  75.2145 75.2528 75.2853 75.298 75.3246 75.3158 75.3197 75.2291 75.1991 75.1881 75.1502 75.1016 75.0421 74.9848 74.8699 74.8148
  74.7944 74.7556 74.672 74.7031 74.6651 74.6057 74.5359 74.4814 74.4656 74.407 74.348 74.377 74.3162 74.0785 74.1302 74.1015
  74.1203 73.9896 74.137 74.3261 74.2494 74.195 74.1393 74.547 74.6392 74.9032 75.4381 73.1655 73.1913 73.0803 72.6126 72.7765
  73.1486 73.2248 73.4263 73.4669 73.0924 72.6886 72.5971 72.567 72.5521 71.9313 71.0455 70.873 70.6512 70.6248 70.6106 70.5803
  70.5494 70.5266 71.479 71.6283 71.739 71.2783 5.30747 7.91603 8.74318 8.33673 76.0899 76.1261 75.35 72.8041 72.5565 2*0 70.5882
  70.6325 70.6735 70.7491 70.8096 70.9524 71.0237 71.0449 71.1981 71.7528 71.7303 71.7102 71.1667 71.1327 71.1828 72.5433 74.4672
  74.2812 71.3364 71.4156 71.5237 71.4131 71.353 71.3991 71.4419 71.3943 71.3972 71.5083 61.1086 4.57026 3.0937 3.15747 3.22067
  3.29752 3.32184 3.37234 3.37729 3.38542 3.38944 3.56653 148*0 72.956 73.0328 72.9097 72.9478 72.971 73.0204 73.082 73.1625 73.2102
  73.3926 73.5887 73.5365 73.4726 73.5364 73.4418 73.2028 73.3804 73.5507 73.621 73.6781 73.8401 73.9616 74.0347 74.0597 74.1009
  74.1231 74.188 74.2654 74.3307 74.403 74.4889 74.5568 74.6062 74.6467 74.7211 74.7769 74.8262 74.9147 75.0112 75.0839 75.1615
  75.2341 75.4072 75.4247 75.4115 75.3903 75.3238 75.2545 75.2959 75.3174 75.3368 75.3775 75.3963 75.3598 75.4003 75.4092 75.3552
  75.3376 75.2963 75.2758 75.2225 75.1177 75.0681 75.0144 74.9199 74.8347 74.8773 74.847 74.6889 74.7389 74.7763 74.65 74.5996
  74.4773 74.4335 74.3855 74.35 74.4006 74.3415 74.1553 74.0414 74.0804 74.0874 74.1596 74.0743 74.2096 73.9918 74.093 74.6783
  74.8745 74.7352 74.6656 75.7151 73.9032 72.824 72.7465 72.4793 72.4783 72.518 73.2513 72.7541 72.5132 72.5495 71.8815 39.7551
  15.8869 14.1413 5.0999 3.15271 2.91944 2.79408 3.06834 3.66402 3.66487 3.56213 5.72321 4.26425 3.07969 2.87737 3.90685 5.88025
  7.31113 7.97736 8.25711 7.8593 5.53173 6.90771 4.77477 0 5.62998 4.37343 3.77418 2.28483 70.7492 70.7524 73.0041 77.0994 79.19
  76.2057 73.6842 72.2971 71.6641 71.1797 71.1671 71.2717 71.2474 74.032 74.0601 72.5856 71.3922 71.4666 0 71.3447 71.35 71.3509
  71.3592 71.365 71.3689 71.4993 71.4375 48.8762 3.15507 3.22147 3.32457 3.36197 3.35451 3.38527 3.40184 3.40741 3.51644 3.53006
  3.57481 145*0 72.8003 72.8938 73.0435 73.1445 72.9219 72.9685 72.9652 72.8299 73.0502 73.2558 73.5163 73.612 73.4764 73.5032
  73.5755 73.4708 73.3873 73.2829 73.4404 73.7309 73.7987 73.8992 73.9705 74.0168 74.0892 74.1401 74.1649 74.2105 74.2806 74.3435
  74.4411 74.5344 74.5773 74.6172 74.6989 74.7686 74.7784 74.8587 74.9315 75.0227 75.1441 75.2316 75.2645 75.3053 75.3985 75.4773
  75.443 75.3563 75.3494 75.3779 75.3926 75.4297 75.4767 75.486 75.5193 75.4836 75.4683 75.4634 75.415 75.3684 75.3271 75.2878
  75.2453 75.2292 75.1332 75.1294 75.0554 74.9215 74.927 74.9566 74.8625 74.7391 74.7173 74.7257 74.6372 74.5967 74.4741 74.3496
  74.2918 74.3237 74.1497 74.072 74.1544 74.1462 74.1285 74.1687 74.162 74.2036 74.2326 74.3541 74.4472 74.671 74.7465 74.5463
  74.3297 74.4183 74.8303 75.116 74.174 72.524 72.6265 72.9473 72.5301 67.6833 36.323 4.28703 4.02742 4.02572 3.93457 3.53755
  3.58716 4.06456 4.51967 5.4323 5.75989 6.67973 7.11006 7.48076 6.06239 5.3382 3.69126 4.45447 5.64754 6.20415 6.22904 6.24614
  6.56742 7.40149 7.30621 4.90719 5.09552 4.43873 4.28733 3.97678 3.91174 4.23935 4.8252 5.77812 3.74331 76.0318 75.0635 74.1686
  73.1871 73.6082 73.545 71.6258 71.2282 74.2186 74.5497 72.4672 71.4288 5*0 71.6041 71.4956 71.3637 71.3649 71.5258 71.5157 70.9978
  25.451 3.27777 3.44753 3.39605 3.41046 3.42167 3.43303 3.48088 3.62258 3.62633 3.66067 3.62648 3.66832 140*0 72.4992 72.5679
  72.7249 72.8291 72.9884 72.9987 72.8901 72.9967 72.9642 72.4434 72.83 73.4012 73.5332 73.64 73.4341 73.4985 73.555 73.4769 73.4776
  73.4333 73.4704 73.508 73.7743 73.9184 73.977 74.0431 74.1016 74.1364 74.2051 74.2726 74.3187 74.3799 74.4755 74.5526 74.6537
  74.7007 74.7306 74.8194 74.8475 74.8824 74.9577 75.0756 75.1315 75.264 75.3103 75.3317 75.376 75.4664 75.5138 75.5088 75.4706
  75.4588 75.4961 75.5348 75.53 75.551 75.562 75.5606 75.5731 75.4834 75.4563 75.4112 75.3446 75.2978 75.3175 75.256 75.2768 75.2353
  75.1236 75.0725 75.0471 74.9897 75.0176 74.9566 74.9113 74.7651 74.7636 74.6878 74.6034 74.5501 74.457 74.339 74.3159 74.0879
  74.1417 74.1572 74.0953 74.2465 74.2729 74.1432 74.0565 74.2363 74.3915 74.24 74.2676 74.626 74.5976 74.2215 74.0862 74.3075
  75.2497 75.2275 72.414 69.834 40.6829 23.6854 4.01272 3.46104 3.31547 3.43975 3.7387 3.82371 3.80686 4.67523 5.56928 5.48702
  5.50682 6.66392 7.14698 6.56794 6.37117 6.12811 6.23995 5.6053 5.09664 5.5185 5.52002 5.68254 6.48711 5.24706 5.59249 5.29837
  4.7769 4.4224 4.25291 4.16993 3.93653 4.57096 4.47402 5.10018 5.35244 6.12023 6.089 4.38125 5.75424 5.16759 4.24378 4.0049 73.6006
  74.9049 75.292 74.0081 73.7538 73.8657 71.397 3*0 71.6279 71.6753 71.7234 71.6192 71.6492 71.7513 71.7547 71.7035 40.2558 3.35374
  3.55196 3.48403 3.44163 3.41378 3.9014 3.61691 3.63868 3.67684 3.71875 3.64768 3.61501 3.62902 137*0 72.2242 72.3505 72.5012
  72.5958 72.7753 72.9289 73.0442 72.898 72.9469 72.8398 72.7484 73.1544 73.5142 73.597 73.4327 73.3336 73.4972 73.598 73.6621
  73.5296 73.6262 73.5487 73.524 73.5828 73.6493 73.8227 74.0466 74.1292 74.161 74.1922 74.2925 74.3758 74.4757 74.5315 74.5919
  74.7041 74.7809 74.8159 74.8973 74.9474 74.9489 74.979 75.0603 75.1949 75.3096 75.3349 75.384 75.463 75.4971 75.547 75.6128
  75.6196 75.5821 75.558 75.586 75.7331 75.7512 75.7692 75.6309 75.593 75.6199 75.5796 75.5358 75.5076 75.4527 75.4186 75.3773
  75.3245 75.3321 75.2974 75.2048 75.1325 75.0744 75.0476 75.0302 75.0512 74.8699 74.8325 74.8076 74.7236 74.6765 74.6709 74.5649
  74.5639 74.3033 74.2605 74.251 74.2563 74.2493 74.2383 74.3389 74.1295 74.1129 74.2899 74.2427 74.0858 74.1364 74.2757 74.2159
  73.632 73.931 73.8361 58.2032 38.044 17.0703 4.01155 3.98434 3.52733 3.44403 3.40191 3.66916 3.97056 3.89714 3.96502 4.48904
  5.40386 5.55657 5.35311 5.50051 5.85785 6.09634 6.15993 5.91794 5.95823 6.17867 6.00694 6.05199 6.03868 5.69609 5.83017 6.09537
  6.32196 5.67678 5.76499 5.43144 4.51697 3.92457 3.89347 3.90777 3.77622 5.3571 5.76449 6.07701 6.58701 5.54349 5.79262 6.23607
  6.08824 7.03741 6.70098 4.78153 6.47252 7.1193 6.59259 7.14077 72.2911 71.5313 0 71.5009 71.5623 0 72.1343 72.2139 72.1402 71.926
  71.8827 70.5199 46.9938 14.902 3.62437 3.77322 3.69102 3.49495 3.91225 4.49625 3.65869 3.6522 6.2065 3.81757 6.68659 21.8031
  40.0228 67.0644 72.174 133*0 72.1933 72.2267 72.3212 72.4614 72.5313 72.6764 72.8307 73.0206 73.1515 72.8636 72.6435 73.1 73.3455
  73.4989 73.5706 73.2866 73.359 73.5546 73.6495 73.7813 73.8435 73.6783 73.7422 73.6946 73.5967 73.6575 73.8527 73.9783 74.1127
  74.164 74.2344 74.3292 74.4163 74.4895 74.5731 74.633 74.6678 74.7842 74.8977 74.9646 75.0675 75.0746 75.0692 75.1405 75.2514
  75.353 75.4096 75.4358 75.5162 75.6344 75.6085 75.6373 75.6822 75.705 75.6592 75.6608 75.7965 75.8017 75.7856 75.7672 75.6599
  75.6095 75.6559 75.6166 75.5256 75.4778 75.4872 75.5443 75.5483 75.3932 75.3962 75.3472 75.247 75.2559 75.1555 75.0833 75.0948
  75.0948 74.9434 74.9289 74.9062 74.7698 74.636 74.7497 74.6446 74.5792 74.4701 74.4253 74.3462 74.2912 74.2843 74.3179 74.2383
  74.235 74.4258 74.3209 73.9781 74.057 74.0863 73.9368 73.4519 67.2889 40.4628 13.8009 5.61013 5.8696 5.91427 3.75362 3.51048
  3.43766 3.44555 3.87589 3.97757 3.99331 4.26069 4.47828 4.99406 5.36468 5.5001 5.37797 5.38303 5.29621 5.50669 5.87055 5.56555
  5.71768 5.96619 5.66306 5.70153 5.67632 5.65534 5.74996 5.83879 5.86967 5.76496 5.63012 5.68479 5.15827 4.65907 4.73742 5.47177
  4.99724 3.58806 5.13204 5.97066 5.9271 5.58664 5.71276 6.0235 5.69963 6.18031 5.49349 5.58876 6.23792 5.99501 5.82372 6.09595
  4.72001 3.63941 3.01509 3.09462 0 3.24983 72.5834 72.4868 72.8035 73.0029 58.0035 5.20739 3.68206 3.69077 3.84725 3.90175 3.95484
  3.52983 3.53578 0 3.61977 3.54004 4.80239 31.1051 58.3932 72.2483 72.216 72.2438 72.2042 130*0 72.1546 72.1655 72.1769 72.2062
  72.3323 72.4343 72.5294 72.6347 72.7568 72.952 73.0889 73.1399 73.1705 73.2789 73.3503 73.4541 73.4988 73.2739 73.2074 73.4062
  73.6886 73.8782 73.8592 73.8922 73.8052 73.7774 73.6657 73.9736 74.0711 74.0861 74.1056 74.1758 74.252 74.3777 74.4715 74.5803
  74.6627 74.7702 74.7573 74.7812 74.8888 74.9996 75.1004 75.1757 75.1417 75.1683 75.3233 75.4036 75.4521 75.5206 75.5754 75.6754
  75.7263 75.7008 75.7296 75.7411 75.7391 75.7399 75.7313 75.6878 75.6757 75.6956 75.6527 75.6666 75.6837 75.7551 75.702 75.6489
  75.5928 75.5863 75.5962 75.5547 75.4287 75.3398 75.3342 75.3602 75.3045 75.2012 75.1322 75.1175 75.1178 75.0473 74.9887 74.8416
  74.8506 74.7185 74.8289 74.7912 74.6387 74.4757 74.4907 74.4355 74.4123 74.3158 74.3653 74.4217 74.3078 74.1973 74.2072 74.0363
  74.0287 74.0296 71.7648 44.4488 10.9126 5.19738 5.59327 5.44025 5.38323 5.27587 4.59427 3.4262 4.25769 4.30803 4.56437 4.85265
  5.3031 4.78815 5.42591 5.47953 5.33332 5.15576 5.10277 5.09761 5.09585 5.23805 5.69304 5.93822 6.0957 5.7801 5.53026 5.59945
  5.66377 5.83122 5.85422 5.55885 5.17885 4.98203 5.00364 5.0971 4.44179 4.48855 5.2555 6.43302 6.36291 5.41441 5.41751 6.85744
  6.30939 4.37401 3.45242 4.12728 3.6721 5.58844 5.37783 5.57802 6.19059 5.90435 5.80345 5.77995 4.68631 3.48553 3.26226 3.43689
  3.73413 4.04073 4.84559 5.48361 6.26325 6.02669 4.85641 4.10068 3.80333 3.71758 3.79792 3.92371 3.79136 3.53514 3.72635 3.75398
  3.17999 3.27579 3.45399 5.66946 37.3848 72.1798 72.2057 72.2088 72.0812 72.2079 72.1039 72.0366 125*0 72.1192 72.1224 72.1438
  72.168 72.1782 72.3053 72.3976 72.495 72.5845 72.7095 72.8239 72.9393 73.1005 73.1826 73.2585 73.2975 73.3815 73.4498 73.377
  73.2969 73.4666 73.6181 73.7066 73.8391 73.8636 74.0075 73.9702 73.8908 74.0238 74.1117 74.0936 74.1077 74.1856 74.272 74.4143
  74.5726 74.6118 74.7625 74.9322 74.945 74.8088 74.8668 74.9265 75.0995 75.2182 75.2478 75.2795 75.3166 75.422 75.4934 75.5165
  75.6073 75.6884 75.8049 75.851 75.7797 75.829 75.8313 75.8029 75.8048 75.7858 75.7607 75.7506 75.75 75.7321 75.7193 75.7077
  75.7739 75.7765 75.755 75.7255 75.7675 75.729 75.5995 75.5525 75.4817 75.3273 75.3231 75.328 75.2302 75.1956 75.1616 75.1261
  75.1233 74.9421 74.9549 74.9122 74.8561 74.814 74.7542 74.6139 74.5583 74.5167 74.4446 74.4576 74.3526 74.525 74.4355 74.3699
  74.3292 74.1781 74.0659 74.0672 68.7403 20.4513 5.10083 5.0941 5.49236 5.46291 5.53398 5.23994 5.2139 5.56905 5.64661 5.25612
  5.11762 5.22288 5.37536 5.34496 5.63747 5.79606 5.72548 5.13883 5.02081 5.21146 5.19914 4.99595 5.2247 5.47243 5.37109 5.31458
  4.64353 5.15073 5.58469 5.64815 5.74955 5.63894 4.84643 4.79074 4.65987 4.5678 4.63117 4.53255 4.45825 5.46168 5.99356 6.26356
  6.01246 5.98925 6.55565 5.71874 6.18308 5.58306 5.93798 4.86473 3.8566 4.43096 4.91739 5.52596 3.86957 5.93813 5.6542 3.54758
  3.42105 4.0516 4.36976 4.7113 5.11357 5.39076 5.62809 5.78134 5.65213 5.19989 4.13057 3.92583 3.87553 4.09395 4.24914 4.90619
  3.36293 2*0 3.16088 3.16702 4.13907 4.28282 0 72.1642 72.1566 0 72.0813 71.8455 71.9456 71.8452 71.7956 71.799 71.831 120*0
  72.0823 72.0981 72.116 72.141 72.1553 72.1789 72.2588 72.3477 72.4301 72.5086 72.6044 72.7456 72.8278 72.9765 73.0988 73.1649
  73.2997 73.4233 73.531 73.4625 73.4018 73.3349 73.4406 73.6631 73.7187 73.8181 73.9554 74.0485 73.9593 74.0254 74.2468 74.2835
  74.1451 74.2166 74.3015 74.4439 74.6723 74.7862 74.8726 75.0059 75.0031 74.8997 74.8712 74.9128 75.1251 75.2369 75.2594 75.4212
  75.4249 75.4493 75.5079 75.5679 75.5698 75.6979 75.8081 75.8771 75.9279 75.9644 75.8809 75.964 75.9604 75.9735 75.9437 75.9021
  75.7985 75.8012 75.8044 75.8051 75.7967 75.7733 75.8339 75.8162 75.8819 75.8322 75.7131 75.7748 75.703 75.5136 75.4134 75.3942
  75.3053 75.2251 75.2207 75.1716 75.0454 74.992 75.0263 74.9512 74.8397 74.6568 74.642 74.5087 74.6164 74.5039 74.5014 74.4834
  74.473 74.3512 74.4723 74.5195 74.3421 74.3285 74.1697 74.0673 68.5949 25.268 4.7147 5.02488 5.78726 5.70989 5.94729 5.3297
  5.41176 5.56692 5.5571 5.43953 5.26265 5.02998 4.95784 5.14994 5.39071 5.38915 5.35874 4.93995 5.061 5.08755 5.22897 5.19059
  4.97022 5.26076 5.23915 5.13158 5.1704 5.21796 5.42926 5.57701 5.63693 5.60552 5.35974 5.01254 5.18587 5.05503 4.92193 4.59215
  3.77265 3.77598 3.86772 3.97988 4.41091 3.78422 4.39253 3.75379 4.11565 4.07087 4.36276 5.77146 5.36106 5.40226 5.50466 5.54913
  5.66226 4.68121 4.7529 4.44709 4.28886 4.16061 3.77485 4.22805 4.46005 5.00612 4.58303 5.16875 5.63565 5.40858 5.17335 4.65653
  3.92695 3.99142 4.31491 5.46534 6.75448 6.55097 0 3.41843 3.33705 5.19311 6.98798 8.7429 3.81138 3.81151 2*0 3.50625 3.36636
  71.7591 71.7735 71.755 71.7922 71.8566 71.9 71.9173 71.9286 114*0 72.0616 72.0629 72.0679 72.0854 72.1072 72.1244 72.1461 72.1588
  72.2122 72.3124 72.3645 72.4569 72.5361 72.6528 72.774 72.8932 73.0467 73.1516 73.2147 73.3114 73.2803 73.2918 73.3575 73.3998
  73.401 73.5061 73.6952 73.8039 73.9016 74.029 74.0684 74.0032 74.1362 74.3065 74.173 74.2121 74.3043 74.4375 74.6325 74.7243
  74.8294 74.9515 74.9716 74.9328 74.9252 75.0009 75.1395 75.2735 75.3681 75.4959 75.6307 75.7404 75.7509 75.591 75.6679 75.6622
  75.7748 75.9095 75.9489 76.0337 76.0576 76.0296 76.0566 76.0859 76.0717 76.057 76.0396 75.9792 75.866 75.8885 75.8993 75.8428
  75.8422 75.8929 75.9277 75.8736 75.8064 75.7528 75.7995 75.7106 75.5452 75.5062 75.4651 75.3794 75.3102 75.252 75.1496 75.1224
  75.0346 75.092 75.0774 74.8636 74.7271 74.7602 74.513 74.5528 74.5293 74.4828 74.6393 74.6201 74.507 74.4054 74.4484 74.4757
  74.4289 74.3554 56.2965 15.1527 5.04787 5.43108 5.94427 5.87138 5.72297 5.36244 5.35966 5.59212 5.4324 5.36708 5.28384 5.20516
  5.20558 5.23224 5.30573 5.31542 5.30273 5.15325 5.06722 4.9866 5.09857 5.15695 5.09619 4.97431 4.95184 4.93441 4.99269 5.08617
  5.20529 5.29768 5.06249 4.84393 5.5034 5.44529 5.50961 5.66844 5.65594 5.63136 5.56 5.31524 3.76744 3.98598 3.9818 3.82851 5.37336
  5.7901 5.7417 5.76039 5.77308 5.60729 5.66184 5.58826 5.61031 5.6025 5.5331 5.4784 5.6162 5.54497 5.48753 5.61533 5.51872 5.49154
  5.45276 5.43792 5.33359 4.34863 5.14552 5.29334 5.02633 4.81597 4.80839 4.20852 4.2934 4.85093 5.86394 6.00578 7.41246 2*0
  11.1299 9.28254 8.68753 10.409 4*0 3.268 3.32345 3.35141 3.36927 3.3795 3.39268 3.47433 3.58469 71.9199 71.9369 71.9835 111*0
  72.0292 72.051 72.0603 72.0641 72.0771 72.0942 72.1141 72.1241 72.147 72.1628 72.2705 72.3269 72.4005 72.4973 72.5801 72.7047
  72.8239 72.9651 73.1245 73.2362 73.2811 73.1236 73.2204 73.3527 73.2448 73.2566 73.4589 73.5302 73.6483 73.7954 73.9781 74.0906
  74.2064 74.3867 74.4385 74.288 74.2138 74.2904 74.4051 74.6445 74.7158 74.8178 74.9556 75.0007 75.0038 75.097 75.1341 75.2044
  75.2839 75.3062 75.4638 75.6035 75.7331 75.8444 75.6565 75.6664 75.717 75.7738 75.9273 76.0205 76.02 76.033 76.0059 76.1218
  76.1592 76.1822 76.1627 76.206 76.1758 76.0985 75.9666 75.9651 75.9643 75.8944 75.842 75.7951 75.8462 75.8856 75.8172 75.7271
  75.7376 75.6421 75.5379 75.456 75.3798 75.3061 75.2951 75.3128 75.1739 75.0085 74.9416 75.0513 75.1816 75.024 74.89 74.8783
  74.8377 74.7168 74.7275 74.6371 74.5731 74.5143 74.5261 74.5369 74.3794 74.3741 61.5161 26.5902 6.44303 5.69432 5.3701 4.87701
  5.80239 5.35599 5.455 5.67283 5.66676 5.5584 5.40459 5.37714 5.37607 5.31104 5.27293 5.26376 5.248 5.27782 5.24828 5.17419 5.02471
  4.96674 5.1614 5.19675 5.13715 4.98644 4.89147 4.88236 4.92302 5.02379 5.06888 5.1987 5.34788 5.51913 5.47973 5.42572 5.48425
  5.43145 5.09923 5.48449 5.34934 5.25309 5.67309 5.48114 5.58813 5.46099 6.01497 5.87689 5.78179 5.84376 5.90005 5.92636 5.77732
  5.74429 5.67886 5.53326 5.5273 5.47794 5.28655 5.56534 5.59406 5.44072 5.49583 5.45114 5.49139 5.51514 5.12104 4.80151 4.8164
  4.87455 5.23266 5.16108 4.97015 4.8605 5.35699 5.34885 5.73534 6.86551 7.86934 3.73764 0 11.2442 9.3926 9.48929 10.4133 4*0
  3.30014 3.29679 3.31708 3.3292 3.39139 3.44188 3.46754 3.50167 31.4942 71.8421 110*0 72.0199 72.0211 72.0305 72.056 72.0641
  72.0662 72.083 72.1026 72.1159 72.1316 72.155 72.2199 72.3035 72.3501 72.4335 72.5222 72.6343 72.7515 72.8462 72.9797 73.119
  73.2148 73.0445 73.0853 73.2225 73.347 73.3948 73.4206 73.4824 73.5528 73.7266 73.8829 74.0072 74.2322 74.3516 74.4304 74.4036
  74.3217 74.3713 74.4421 74.5997 74.7109 74.7625 74.8388 74.8965 74.9443 75.1047 75.1696 75.171 75.2499 75.2439 75.3128 75.4425
  75.5862 75.655 75.7134 75.7418 75.7295 75.7858 75.9269 76.0107 76.0623 76.1155 76.0473 76.0468 76.227 76.2564 76.2679 76.295
  76.2564 76.2086 76.1517 76.0349 76.0483 76.0481 76.0149 75.9645 75.9455 75.9338 75.9359 75.8953 75.7927 75.6922 75.6578 75.5868
  75.4749 75.4095 75.2661 75.2834 75.3033 75.0938 75.1488 75.1777 75.1605 75.1166 74.9717 74.8438 74.8192 74.7391 74.7078 74.6797
  74.6396 74.5694 74.5115 68.0546 51.2132 37.6165 18.3657 6.49893 5.96913 5.69978 5.57001 5.71578 5.62626 5.54431 5.61364 5.6571
  5.57687 5.53831 5.40379 5.38839 5.37031 5.36486 5.28117 5.20254 5.25095 5.19087 5.19631 5.1964 5.12143 5.07514 5.2446 5.16545
  5.10068 5.10965 4.90495 4.81984 4.81638 4.84771 4.9525 5.06466 5.24342 5.27621 5.35854 5.37192 5.34009 5.31775 5.08462 5.49635
  5.74387 5.70625 5.84051 6.15993 6.02442 6.13087 6.07321 6.21712 5.88085 5.26586 5.26533 5.38541 5.02116 5.26284 5.62768 5.60139
  5.6122 5.62945 5.56192 5.45116 5.30214 4.91347 5.72126 5.56618 5.50273 5.6901 5.76487 5.3059 5.14436 5.47937 5.32702 5.44807
  5.11667 4.63744 5.09421 5.31062 5.45546 5.57398 6.45879 6.76763 2*0 11.1757 10.8711 6*0 3.3531 3.37099 3.38911 3.40121 3.4206
  3.43795 3.46102 3.49506 3.52107 71.8418 107*0 3*72.0194 72.0201 72.0217 72.0402 72.0595 72.0635 72.0707 72.0863 72.1102 72.1307
  72.1777 72.2435 72.2842 72.3195 72.3669 72.4563 72.5215 72.6683 72.7934 72.7995 72.9716 73.0874 72.917 72.9836 73.0658 73.2774
  73.3775 73.4836 73.5906 73.601 73.6882 73.8101 73.9453 74.0916 74.2923 74.3848 74.462 74.358 74.3175 74.3721 74.518 74.6921
  74.7623 74.8185 74.76 74.8703 74.9804 75.0741 75.1399 75.2123 75.2115 75.2847 75.418 75.5724 75.6894 75.7801 75.8217 75.8059
  75.8247 75.8967 75.9639 76.0024 76.1104 76.089 76.135 76.1824 76.3439 76.3846 76.3909 76.348 76.2301 76.1876 76.1276 76.1769
  76.1873 76.1888 76.1191 76.0569 76.1679 76.1297 76.0632 76.0039 75.8151 75.7069 75.7242 75.6263 75.6068 75.5367 75.4259 75.3462
  75.2944 75.2034 75.1966 75.2223 75.1545 75.0677 74.9271 74.6212 74.6693 74.5814 74.5547 73.8908 60.1327 40.9948 19.1961 6.79399
  6.06103 6.09638 6.00773 5.811 5.99107 5.51747 5.52084 5.84523 5.82664 5.68336 5.75636 5.69383 5.54495 5.46848 5.41866 5.35647
  5.2999 5.13961 5.1688 5.22461 5.23183 5.18055 5.16941 5.08266 5.10431 5.36439 5.26004 5.1076 4.8852 4.89018 4.80564 4.74421
  4.74322 4.79274 4.87581 4.9398 5.06281 5.175 5.05834 4.63143 5.27778 5.58832 5.77908 6.18794 6.12081 6.09186 6.05404 5.97669
  6.06735 6.2091 5.97892 5.24213 4.13382 4.1354 4.24411 4.32173 4.36923 5.0727 5.59783 5.62152 5.7029 5.64207 5.6402 5.64039 5.65115
  5.63207 5.57495 5.54903 5.53534 5.52911 4.9631 5.30945 5.15503 5.15556 4.90257 4.77418 4.11685 4.15583 5.20539 5.13275 5.39766
  5.25813 4.39366 4.38268 3.91082 3.60497 3.65499 7*0 3.34688 3.36261 3.37981 3.38918 3*0 3.49693 3.51474 68.7071 71.8427 104*0
  72.0201 72.0198 72.0195 72.0194 72.0196 72.0204 72.0249 72.0491 72.0622 72.0644 72.0803 72.0936 72.118 72.157 72.2125 72.2592
  72.3123 72.3437 72.3939 72.4854 72.5485 72.6793 72.8378 72.7455 72.9454 72.9809 73.0593 73.1416 73.2203 73.308 73.4291 73.5133
  73.6185 73.6916 73.7678 73.882 73.9675 74.1029 74.3036 74.4102 74.5103 74.0916 74.1769 74.2703 74.559 74.7659 74.8035 74.8429
  74.7441 74.9715 75.0688 75.1629 75.2756 75.523 75.4837 75.4374 75.5311 75.6779 75.7593 75.8084 75.894 75.9331 75.9456 76.0089
  76.1287 76.2161 76.2653 76.3156 76.2341 76.3679 76.4324 76.4613 76.4352 76.3592 76.2598 76.2556 76.2493 76.2768 76.312 76.3039
  76.1817 76.1761 76.239 76.1787 76.1861 75.9817 75.8207 75.8073 75.844 75.7752 75.7256 75.7375 75.6361 75.5377 75.4096 75.303
  75.177 75.0692 74.9185 75.0244 74.9268 74.5435 74.6971 59.637 35.775 10.3049 6.27363 6.16185 6.15175 5.91051 5.90193 5.98493
  5.68315 5.57901 5.68404 5.86843 5.85212 5.76648 5.72522 5.55784 5.72974 5.65184 5.48478 5.45469 5.37649 5.34435 5.29018 5.24641
  5.19522 5.17012 5.14164 5.1077 5.11751 5.06382 5.00653 5.03753 4.91656 4.83359 4.74285 4.76534 4.73556 4.71007 4.67617 4.70899
  4.7563 4.86481 4.98691 4.74551 5.12557 5.37158 5.70674 5.78515 5.94297 6.09323 6.00301 5.98937 5.90901 5.85824 5.853 4.78717
  4.33152 4.14894 3.49004 3.66044 4.43156 5.77916 5.24552 5.28999 5.57694 5.75982 5.74856 5.67938 5.67845 5.72163 5.65938 5.66314
  5.583 5.53637 5.54038 5.53353 5.52149 5.46653 5.40961 5.33328 5.35211 5.31271 5.24918 5.23794 5.20175 5.29178 5.36337 4.55917
  4.00524 3.93049 3.70958 3.62308 3.58652 3.61145 13*0 3.49433 3.50966 37.8488 71.7987 101*0 72.0344 72.0254 72.0217 72.0209 72.0204
  72.0199 72.0196 72.0198 72.0209 72.0302 72.0562 72.0624 72.0669 72.0888 72.1088 72.1299 72.1807 72.2228 72.2688 72.3216 72.3653
  72.4404 72.518 72.6532 72.7412 72.736 72.8448 72.9386 73.0214 73.1124 73.1895 73.2549 73.2631 73.2253 73.2892 73.5103 73.7208
  73.8005 73.9352 73.9794 74.1324 74.3629 74.4498 74.4057 74.0031 74.2003 74.5241 74.7331 74.826 74.8711 74.8223 74.8674 75.2125
  75.3647 75.5031 75.8119 75.924 75.8879 75.893 75.7316 75.7563 75.8315 75.8804 75.9141 75.9491 76.0614 76.1231 76.2742 76.2982
  76.3491 76.4085 76.3624 76.4782 76.5144 76.4002 76.3348 76.2947 76.3136 76.2909 76.3252 76.3419 76.3513 76.332 76.2419 76.226
  76.1863 76.2114 76.2167 75.9184 75.8694 75.9667 75.959 75.908 75.7631 75.6005 75.5092 75.2938 75.1823 75.0841 75.0183 74.9933
  74.9132 75.0325 74.9056 60.272 27.0069 6.42448 6.56347 6.29773 6.3929 6.02578 6.14086 5.9022 6.02282 6.12001 5.8031 5.87029
  5.65968 5.82106 5.78737 5.76214 5.73832 5.65446 5.44653 5.43707 5.57769 5.47102 5.3733 5.28969 5.26076 5.23888 5.2078 5.18532
  5.12747 5.06118 4.9684 4.99373 4.91823 4.96219 4.86202 4.82828 4.72221 4.65782 4.67446 4.64732 4.60686 4.59559 4.6641 4.75233
  4.89622 5.06483 5.41726 5.54787 5.78685 5.59124 5.9891 5.83572 5.82626 5.82541 5.87147 5.8492 4.56766 4.07088 4.0884 4.12801
  3.48001 3.56955 5.38319 5.33082 4.1146 4.13115 4.75436 4.79382 5.42108 5.41316 5.54953 5.71495 5.66228 5.6551 5.54717 5.52641
  5.57711 5.59759 5.56466 5.45286 5.4436 5.51022 5.50305 5.4686 5.41235 5.3678 5.26785 5.31465 5.16422 3.95212 3.99408 3.75683
  3.53559 3.43485 3.58458 3.68312 13*0 4.06034 3.56541 37.5722 71.7981 99*0 72.0552 72.0499 72.0434 72.0351 72.0273 72.0228 72.0213
  72.0205 72.0201 72.0203 72.0214 72.035 72.0558 72.0627 72.0723 72.0936 72.1203 72.1576 72.1976 72.233 72.2623 72.3288 72.3854
  72.4843 72.5666 72.6869 72.685 72.7563 72.8897 72.9266 72.9186 73.044 73.2223 73.2959 73.3698 73.263 73.3175 73.5177 73.7485
  73.8701 73.9584 74.0154 74.1229 74.4081 74.4804 74.3154 74.2903 74.3828 74.5563 74.7872 74.8644 74.8203 74.7507 74.9051 75.3908
  75.6488 75.7436 75.9113 76.1846 76.1416 76.0647 76.1511 75.8261 75.8599 75.9268 75.9672 76.2063 76.2448 76.2579 76.1452 76.1278
  76.3192 76.3451 76.3787 76.3653 76.3843 76.394 76.357 76.3677 76.3667 76.373 76.3795 76.3741 76.3761 76.3356 76.2703 76.265
  76.3097 76.3495 76.186 76.3102 76.077 75.8467 75.8906 75.6194 75.4866 75.5473 75.5469 75.4315 75.3485 75.1503 75.0602 74.912
  74.8646 69.045 31.1188 6.57403 6.61226 6.40297 6.22035 5.89729 5.83389 6.1169 6.08939 6.01268 5.95202 5.45582 5.28888 5.60567
  5.57424 5.81842 5.78915 5.76251 5.72877 5.68573 5.62772 5.56236 5.5296 5.4766 5.41592 5.36833 5.2774 5.24516 5.21036 5.18706
  5.13142 5.05204 4.97684 4.83217 4.86355 4.8741 4.84643 4.78421 4.72481 4.65873 4.5842 4.55629 4.5411 4.48868 4.44644 4.68313
  4.93234 5.20535 5.26578 5.42551 5.61154 5.64262 5.9092 5.78823 5.86462 5.98298 5.97901 5.39464 4.07384 4.08311 3.93621 3.62891
  3.65356 4.1092 5.24944 4.40697 4.12033 4.1417 4.13489 4.07793 4.58737 5.07659 5.4233 5.74308 5.31553 4.97733 5.69332 5.61197
  5.58797 5.64742 5.65095 5.7196 5.77883 5.71659 5.70172 5.5514 5.627 5.39214 5.41603 5.41227 4.51738 3.91144 3.91569 3.70933
  3.51616 3.41163 3.81564 12*0 4.00248 4.05731 4.06619 3.56464 37.2822 71.8006 71.8137 95*0 72.0784 72.0668 72.0606 72.0583 72.0571
  72.0541 72.0486 72.0407 72.0327 72.025 72.0217 72.0209 72.0211 72.0247 72.0437 72.0587 72.0633 72.077 72.1015 72.1383 72.1681
  72.2112 72.2434 72.2897 72.3492 72.4163 72.5169 72.6113 72.6653 72.6512 72.7574 72.883 72.8736 72.906 72.9747 73.1377 73.3295
  73.4293 73.5334 73.5474 73.7328 73.7901 74.1026 74.4082 74.2867 74.1593 74.4011 74.409 74.2751 74.3278 74.4069 74.6705 74.7523
  74.7363 74.695 74.8552 75.1586 75.1012 75.2385 75.8084 76.0532 76.2895 76.4094 76.0205 75.77 75.8248 75.913 75.939 76.1104 76.2419
  76.3011 76.3639 76.2201 76.2575 76.3531 76.4035 76.4342 76.4391 76.4434 76.4348 76.4237 76.4056 76.4139 76.4512 76.4619 76.3955
  76.444 76.3942 76.3296 76.3086 76.4486 76.5166 76.2792 76.3191 76.0523 75.8898 75.8685 75.8977 75.7374 75.6055 75.5188 75.3422
  75.1647 74.9875 74.9415 74.8777 57.0458 11.5459 6.66885 6.5226 6.25729 6.017 6.12937 6.15901 6.0961 6.09196 5.92489 5.84056
  5.65774 5.52857 5.30284 5.55074 5.61805 5.86702 5.84509 5.81206 5.76572 5.68237 5.58923 5.49009 5.32304 5.45349 5.38664 5.40366
  5.35301 5.16802 5.20896 5.17027 5.09079 4.92614 4.7507 4.64753 4.92088 4.85607 4.7667 4.67058 4.70434 4.64275 4.54099 4.48506
  4.47287 4.42796 4.5761 4.79675 4.83112 5.02517 5.24555 5.37675 5.53392 5.64664 5.84325 5.9264 6.02513 6.11252 5.68349 4.13722
  4.11315 3.93468 3.34186 3.2807 3.80694 4.09182 4.10383 4.11661 4.13107 4.12039 4.12552 4.89063 5.16017 5.31882 5.79982 5.9359
  4.15469 4.10778 4.69621 5.70808 5.61353 5.74343 5.93082 5.83462 5.83015 5.75495 5.61165 5.63444 5.47102 5.47171 5.56007 5.29672
  4.54855 3.92303 3.89289 3.3908 3.36376 3.38454 0 3.92395 3.94466 3.95822 4*0 3.32513 3.33114 4*0 4.05739 4.07523 3.56493 44.2892
  71.8143 71.8941 93*0 72.0976 72.0998 72.0901 72.0786 72.0685 72.0621 72.0593 72.0577 72.0558 72.0537 72.048 72.0357 72.0274
  72.0234 72.0243 72.0336 72.0511 72.0608 72.0654 72.0837 72.1149 72.1454 72.1793 72.2206 72.2504 72.3104 72.3664 72.45 72.4777
  72.4937 72.5349 72.595 72.7548 72.7297 72.7824 72.9348 73.0322 73.2209 73.3737 73.3417 73.4068 73.5376 73.7632 74.2356 74.3966
  74.4801 74.32 74.2221 74.3141 74.229 74.2981 74.417 74.5212 74.7284 74.7323 74.6751 74.8187 74.896 74.9039 74.9946 75.4298 75.6744
  75.7236 75.774 75.5756 75.4042 75.2969 75.5102 75.9498 76.0507 76.0681 76.1809 76.3321 76.3849 76.2945 76.3301 76.3778 76.4202
  76.4885 76.5012 76.4743 76.4627 76.4612 76.4525 76.4251 76.4586 76.4968 76.4343 76.4129 76.4165 76.3597 76.3106 76.2396 76.3787
  75.7569 75.9016 75.9371 76.01 75.9536 75.801 75.6981 75.4258 75.3721 75.3263 75.1238 74.8812 65.1856 29.1356 6.7181 6.4114 6.38039
  6.16471 6.30813 6.287 6.25242 6.03184 5.79689 5.73901 5.76353 5.73243 5.58843 5.27875 5.58916 5.72664 5.80735 5.89326 5.92594
  5.92664 5.73942 5.66089 5.55099 5.41663 5.53442 5.84333 5.12369 5.4144 5.33289 5.1637 4.97681 4.99886 5.06817 4.84527 5.06995
  5.25344 5.39654 4.79204 4.88924 4.87737 4.67328 4.62343 4.50842 4.43216 4.34422 4.43885 4.42432 4.59537 4.7349 5.00496 5.19607
  5.20472 5.22369 5.37317 5.52442 5.61305 4.83195 4.65707 4.13507 4.1212 3.96331 3.49856 3.29862 3.52292 4.1276 4.08917 4.10815
  4.1139 4.10467 4.1316 4.10714 4.9256 5.52118 5.86737 5.87239 5.86687 4.15475 4.13224 4.17586 5.75323 5.66758 5.79075 5.96833
  5.91817 5.90324 5.90123 5.8374 5.75015 5.45126 5.52233 5.6518 5.38535 4.57225 3.90967 3.89746 3.31548 3.30443 3.06012 3.55205
  3.76918 3.77804 3.61912 3.72508 0 3.30516 3.3148 3.3249 3.33151 3*0 4.02728 0 4.06007 4.0337 93*0 72.158 72.15 72.1315 72.1126
  72.1174 72.1062 72.0942 72.0834 72.0742 72.0653 72.0628 72.06 72.0547 72.0513 72.0455 72.0382 72.0339 72.0349 72.044 72.0565
  72.0629 72.0725 72.0995 72.1305 72.1553 72.1933 72.2305 72.2574 72.3337 72.3764 72.3719 72.4059 72.4976 72.4997 72.5448 72.6317
  72.7056 72.863 72.999 73.1379 73.4197 73.2161 73.1442 73.2054 73.3667 73.5522 74.2393 74.2505 74.3662 74.1354 74.2652 74.2521
  74.2507 74.4096 74.6372 74.9891 74.9625 74.9413 74.8677 74.5073 74.7575 74.9105 74.962 75.1938 75.8612 75.922 75.5993 75.1887
  75.134 75.2551 75.54 75.8794 75.9422 76.0237 76.1152 76.335 76.3437 76.3974 76.3487 76.4306 76.4666 76.5233 76.5114 76.5062
  76.5237 76.5171 76.4899 76.4859 76.495 76.4901 76.4949 76.4226 76.3444 76.3799 76.4096 76.1486 76.2498 76.3428 76.205 76.0499
  75.9943 75.8944 75.7098 75.5503 75.4159 75.2437 72.5566 47.6928 29.5235 6.85629 6.76657 6.35436 6.30402 6.10049 6.36823 6.46076
  6.26546 6.19396 5.94309 5.67358 5.69317 5.68532 5.70522 5.68291 5.59048 5.63602 5.64711 5.81078 5.91864 5.8469 5.61305 5.69983
  5.66767 5.72714 5.59822 5.16354 5.72772 5.18246 5.24028 5.27609 5.21481 5.05324 5.30819 5.27724 5.37095 5.01217 5.13076 5.13931
  4.6121 4.64879 4.46079 4.38076 4.52133 4.49045 4.33541 4.32216 4.26329 4.28726 4.42169 4.67946 4.99803 5.03329 4.38928 3.64181
  3.56959 3.55822 3.56761 3.57318 3.87159 3.72565 3.44307 3.33283 3.55006 3.66074 4.13216 4.13515 4.10774 4.13945 4.12138 4.07951
  4.08921 4.08385 4.07175 5.1798 5.84863 5.757 5.77293 4.17916 4.22281 5.4277 5.76064 5.69056 5.86637 5.94442 5.85223 5.65438
  5.77822 6.06286 6.13962 5.84794 5.78292 5.56986 5.22081 4.84501 3.87364 3.92 3.24569 3.21001 3.07275 3.2637 3.54074 3.57748
  3.52753 3.97681 0 3.30631 3.31603 5*0 4.0703 4.07207 4.07038 92*0 72.1888 72.1765 72.1659 72.1547 72.1446 72.1335 72.1391 72.1236
  72.1149 72.1037 72.091 72.0829 72.0737 72.061 72.0573 72.0559 72.0512 72.0469 72.0438 72.0446 72.0494 72.0629 72.0743 72.0973
  72.1209 72.1404 72.1643 72.2042 72.2242 72.2391 72.2973 72.304 72.375 72.4329 72.4315 72.4756 72.5505 72.6328 72.7546 72.9466
  73.0779 73.3507 73.4724 73.2861 73.111 73.0305 72.9193 73.3742 73.7264 73.6099 74.2646 74.3962 74.6116 74.608 74.6342 74.9162
  75.314 75.4975 75.1046 75.0296 74.6385 74.7225 75.0858 75.1858 74.5375 74.9864 75.8233 76.3258 75.7086 75.3126 75.0476 75.4753
  75.8619 75.8933 75.9424 76.0472 76.1432 76.3061 76.3887 76.3767 76.4107 76.4863 76.4758 76.5289 76.5179 76.5302 76.5486 76.5301
  76.5302 76.5304 76.5134 76.5312 76.5914 76.405 76.2757 76.4346 76.6521 76.5504 76.4498 76.3564 76.2053 76.1122 75.9565 75.7974
  41.5036 40.4063 34.3132 15.5501 6.90644 6.88125 6.88938 6.70795 6.56787 6.28293 6.44068 6.35179 6.30004 6.26742 6.22433 6.24453
  6.18079 5.90034 5.78688 5.66097 5.71857 5.67491 5.77414 5.77307 5.77092 5.82268 5.846 5.71891 5.61199 5.98375 5.68837 5.92645
  5.29046 5.08445 5.33278 5.27724 5.19836 5.2628 5.6763 4.92585 5.26894 5.22214 5.14735 4.90777 5.32334 5.20194 4.61989 4.67721
  4.70773 4.90028 4.93863 4.58012 4.32743 4.17149 4.12379 4.24896 4.3807 4.66894 4.81606 4.1663 3.73711 3.66104 3.59415 3.58188
  3.58667 3.5908 3.58851 4.00582 4.12647 4.12973 4.11399 4.13169 4.14471 4.13899 4.03989 4.09371 4.11358 4.07396 4.07081 3.52637
  3.21666 3.88542 5.82475 5.96704 5.81339 5.79175 5.77772 5.76265 5.73808 5.70345 5.7772 5.74674 5.66398 5.64564 5.76215 6.28945
  6.30837 6.17896 5.7553 5.55821 5.29366 5.10376 4.17864 4.01307 3.46301 3.17496 3.18241 3.25591 3.32064 3.48857 3.50486 7*0
  4.17804 4.0894 4.08791 4.106 4.09547 4*0 71.9676 84*0 72.2377 72.2362 72.2172 72.2011 72.1935 72.174 72.1618 72.1513 72.1613
  72.1558 72.1423 72.1312 72.1223 72.1115 72.1005 72.0903 72.0726 72.0688 72.0618 72.061 72.0559 72.0541 72.0531 72.0654 72.0785
  72.0856 72.1146 72.1406 72.1576 72.1751 72.2029 72.2193 72.2406 72.2663 72.3233 72.3931 72.4297 72.4409 72.4832 72.5731 72.6894
  72.8914 72.9757 73.1828 73.4537 73.5235 73.3903 73.4235 73.2737 73.5036 73.644 73.3179 73.9557 74.5621 75.1313 75.3539 75.3457
  75.397 75.471 75.6117 75.5401 75.1345 74.8514 74.3647 74.9246 75.3365 75.0988 74.9201 75.3081 76.0971 76.2993 75.7897 75.5945
  75.7048 75.8027 75.8565 75.9241 75.9813 76.1108 76.1692 76.2661 76.3387 76.4062 76.4451 76.4951 76.4943 76.5509 76.5427 76.5762
  76.5576 76.5587 76.557 76.5479 76.5938 76.5695 76.478 76.5418 76.8464 76.7931 76.6723 76.5787 76.4511 75.0515 53.1422 42.0277
  30.0789 13.0967 7.39732 7.28933 7.2449 7.1489 6.99614 6.89529 6.75391 6.53664 6.56048 6.4849 6.41007 6.31456 6.2497 6.20831
  6.20522 6.16813 6.12669 6.06869 5.9101 5.73717 5.80895 5.89394 5.88598 5.89178 5.90812 5.62969 5.7773 5.55803 5.8531 5.75613
  5.4063 5.42359 5.20742 5.44996 5.37038 5.18997 5.22385 5.44989 5.24156 4.90137 5.28358 5.2529 5.25516 5.25527 5.25921 4.84513
  4.74598 4.90192 4.60174 5.07734 4.58261 4.55747 4.29618 4.08006 4.03171 4.1757 4.34397 4.32607 4.03048 3.85677 3.7593 3.6491
  3.45778 3.3364 3.50544 3.58347 3.59952 4.13661 4.11585 4.11638 4.12683 4.16713 4.16559 4.11408 4.0337 4.05944 4.07488 4.04756
  3.73509 3.18773 3.17711 3.75821 5.64025 6.16746 6.12183 6.01351 5.9316 5.8858 5.9218 6.06299 6.09377 6.00292 5.84202 5.90607
  5.77184 6.10595 5.88954 5.75038 5.72532 5.69409 5.42818 5.19285 4.74186 4.09433 3.63484 3.25834 3.19369 3.23233 3.24562 3.45152
  3.34743 5*0 4.06169 4.1867 4.17279 4.13261 4.11495 6*0 71.9105 71.8999 81*0 72.2641 72.257 72.2393 72.2381 72.2234 72.218 72.2022
  72.1748 72.1756 72.1946 72.185 72.17 72.1547 72.1473 72.1377 72.1287 72.119 72.0992 72.0839 72.0774 72.0734 72.0662 72.0604
  72.0604 72.0623 72.0732 72.0819 72.1013 72.1227 72.1535 72.1567 72.1756 72.1697 72.1917 72.2119 72.2412 72.2968 72.3788 72.4311
  72.4906 72.5921 72.7607 72.8968 72.9518 73.0978 73.2692 73.6456 73.7359 73.6936 73.6713 73.5377 73.5157 73.6843 74.2304 74.5437
  74.5807 74.9537 75.2249 75.327 75.4397 75.5772 75.7066 75.2754 75.0492 74.8392 74.8949 75.5151 75.7516 75.5329 75.4281 75.7031
  76.1214 76.2254 75.7059 75.7121 75.7355 75.8204 75.892 75.9375 76.0128 76.0965 76.196 76.2843 76.3211 76.4043 76.5294 76.5905
  76.5874 76.611 76.6531 76.8786 76.8173 76.6293 76.5526 76.5825 76.5415 76.5273 76.5189 76.7241 71.6215 46.9649 41.3021 29.3693
  12.5755 7.97272 7.84912 7.71588 7.57733 7.4456 7.37439 7.30297 7.14916 6.9712 6.84164 6.7208 6.53514 6.52213 6.51342 6.4712
  6.39295 6.28259 6.2264 6.22646 6.19329 6.03739 6.0387 6.07782 6.11225 5.94808 5.89607 5.88016 5.88043 5.88783 5.86264 6.03093
  5.92025 5.40962 5.52715 5.40423 5.40464 5.51347 5.44978 5.42166 5.24573 5.17031 5.43005 5.26157 5.21242 5.29561 5.28941 5.31737
  5.44248 5.28478 5.12635 4.43642 4.55058 4.81463 4.31583 4.78499 5.33939 5.16387 4.84723 4.32621 4.16424 4.20489 4.10191 4.02483
  3.99277 3.82031 3.72848 3.6288 3.50682 3.52883 3.61714 3.59997 3.73528 4.12518 4.10157 4.10117 4.15989 4.16214 4.14067 4.09978
  4.01814 4.00449 4.0765 4.04445 3.34422 3.20484 3.19594 4.38262 5.42007 6.29696 6.22179 6.21339 6.23022 6.16388 6.05956 6.11842
  6.24843 6.55997 6.27098 5.81262 5.50505 5.49503 5.65029 5.79759 5.90522 5.68523 5.63212 5.36914 5.98192 4.86164 3.906 3.26573
  3.19248 3.20898 3.30879 3.34629 3.054 3.17738 3*0 4.22262 4.23412 4.17935 4.16364 4.0974 7*0 71.887 71.9059 78*0 72.2123 72.2098
  72.2081 72.2711 72.2688 72.2619 72.2493 72.2513 72.2408 72.2429 72.2275 72.2081 72.2127 72.1941 72.1663 72.1649 72.1637 72.1545
  72.1427 72.123 72.1121 72.1018 72.0901 72.082 72.077 72.0711 72.0677 72.0696 72.0809 72.0963 72.1129 72.1374 72.1622 72.1606
  72.1806 72.1974 72.1971 72.2135 72.2389 72.2475 72.2741 72.4546 72.6403 72.8456 73.0439 72.9991 72.7966 73.0632 73.2574 73.477
  73.5189 73.6333 73.9923 74.0509 73.8861 74.1751 74.5146 74.546 74.5837 74.8963 74.9613 75.1228 75.303 75.6382 75.7208 75.2639
  74.726 74.6912 75.2947 75.6014 75.7603 75.7043 75.7334 75.7671 76.3383 76.2329 75.9064 75.8688 75.8763 75.8858 75.9011 75.9626
  76.0254 76.1232 76.3171 76.5731 76.6409 76.6038 76.7028 76.6613 76.7165 76.757 76.9067 76.9203 76.9114 76.8917 76.6688 72.1802
  74.6673 45.7814 30.3675 26.236 8.62324 8.52608 8.42774 8.29728 8.09964 7.98785 7.8665 7.66304 7.55955 7.43439 7.26372 7.13359
  7.05551 6.76333 6.77721 6.68863 6.49629 6.54653 6.57222 6.46536 6.2854 6.22999 6.24084 6.23848 6.13071 6.1773 6.1635 6.21183
  5.87005 5.89981 5.86422 5.83762 5.83657 5.84875 5.77598 5.57216 5.5894 5.39189 5.42487 5.50595 5.43768 5.4157 5.37546 5.30151
  5.19996 5.18079 5.30265 5.29478 5.23152 5.39431 5.53711 5.59896 5.44648 5.07441 4.83425 4.39734 4.37525 4.39672 4.53537 4.56955
  4.63396 4.86441 4.67761 4.34923 4.26473 4.1648 4.18021 4.20816 4.02853 3.84908 3.73383 3.68077 3.60776 3.69574 3.66888 3.70211
  3.86983 4.07983 4.0621 4.03259 4.06289 4.07694 4.03415 3.62555 3.94176 3.94826 3.9828 3.93277 3.33678 3.26013 4.08457 4.81816
  5.87485 6.02203 6.1659 6.16914 5.98843 5.8207 5.78858 6.28266 6.71544 6.98993 5.99694 5.29754 5.62156 5.78172 5.94542 6.28619
  5.7232 5.61083 5.76652 5.91262 5.52384 4.63534 3.94313 3.3971 3.22753 3.30909 3.4456 3.1261 3.4085 3.19334 2*0 4.22144 4.23168
  4.23649 4.1499 4.11759 4.11398 6*0 71.871 71.8746 71.9053 76*0 72.5905 72.3941 72.2915 72.2823 72.3089 72.3155 72.2953 72.274
  72.2642 72.2575 72.2771 72.2744 72.2642 72.2403 72.2211 72.208 72.1953 72.18 72.1692 72.1658 72.1464 72.1298 72.1217 72.1172
  72.1041 72.0829 72.0705 72.0637 72.0798 72.0861 72.097 72.1041 72.1276 72.1482 72.1561 72.1642 72.1858 72.2131 72.2169 72.2154
  72.2232 72.2595 72.281 72.3773 72.6574 72.8131 73.0526 73.1989 72.7015 72.8201 73.068 73.4121 73.5526 73.9055 74.0336 74.22
  74.4262 74.495 74.5219 74.5472 74.5835 74.8725 74.9696 75.051 75.1125 75.2053 75.2961 75.1956 75.3033 75.3909 75.241 75.7818
  75.7983 75.6962 75.8654 76.0235 76.4277 75.9233 75.7389 76.2419 75.717 75.4379 75.8112 75.9862 76.0319 76.1182 76.3142 76.6358
  76.6838 76.7025 76.7608 76.5936 76.7649 76.8276 76.925 76.9445 77.049 77.0153 51.1736 65.2294 8.28009 8.30991 8.29008 8.20749
  8.65481 8.58843 8.58499 8.42778 8.13 7.96373 7.91912 7.67463 7.47603 7.30271 7.18826 7.10047 6.90114 6.71372 6.64262 6.61068
  6.54151 6.49264 6.45441 6.27625 6.21039 6.50894 6.41588 6.18916 6.1698 6.3482 5.85253 5.92268 5.80542 5.92554 5.93188 5.85603
  5.82448 5.79734 5.73329 5.67261 5.63153 5.55806 5.48807 5.53702 5.4548 5.40174 5.35938 5.256 5.2146 5.13903 5.36738 5.31594
  5.29441 5.29898 5.32615 5.3242 5.37576 5.37273 4.79449 4.3889 4.48693 4.69873 4.73985 5.7945 5.62628 4.98752 5.12912 4.97655
  4.58271 4.55227 4.62158 4.44793 4.15109 3.86246 3.69848 3.64417 3.63672 3.70234 3.81112 3.3716 3.97588 4.09651 4.0612 4.02914
  4.11094 4.07653 3.374 3.09623 3.5022 3.93643 3.77333 3.14655 3.05534 3.46274 5.39672 6.06841 6.03963 6.26055 6.12321 5.94801
  6.00241 6.21428 6.18374 6.72517 6.75181 6.66729 6.25377 6.0154 6.05236 5.94807 6.70095 6.06354 5.65351 5.84429 5.0448 3.86551
  4.44815 4.18169 3.79239 4.05797 3.67802 3.52023 3.49115 3.2886 15*0 71.8493 71.8241 71.8737 71.9042 72.001 75*0 72.4973 72.4821
  72.3304 72.3777 72.371 72.3622 72.3388 72.3023 72.209 72.3244 72.3172 72.3082 72.2905 72.2611 72.2578 72.2427 72.2281 72.2073
  72.1885 72.1661 72.1552 72.1444 72.1299 72.1179 72.1078 72.1247 72.1086 72.0906 72.0731 72.0874 72.0935 72.1003 72.1157 72.1291
  72.1376 72.1657 72.1951 72.2154 72.2086 72.2362 72.2439 72.2543 72.2041 72.2847 72.423 72.6268 72.6047 72.6294 72.632 72.7541
  73.0249 73.5332 73.7814 74.0562 74.3284 74.3984 74.4289 74.4978 74.6086 74.6841 74.5799 74.813 74.8839 74.9203 74.9491 75.0234
  75.1646 75.3517 75.3659 75.2456 75.2295 75.2434 75.3482 75.7293 75.7122 75.2186 74.9869 74.9963 75.4463 75.6257 75.7248 75.8542
  75.9329 75.9778 76.002 76.2132 76.2298 76.379 76.4771 76.4785 76.7449 76.7956 76.9645 76.9955 76.992 77.1373 75.5325 46.1085
  20.7662 8.76667 8.57606 8.30345 8.23582 8.69998 8.60164 8.74939 8.84025 8.73344 8.65462 8.19291 7.93403 7.76947 7.5408 7.42416
  7.29884 7.22627 7.04143 6.74221 6.6928 6.55843 6.47309 6.41601 6.19721 6.06889 6.539 6.56635 6.65336 6.29091 5.93883 6.00344
  5.80122 5.94523 5.93105 5.96574 5.94515 5.90159 5.85565 5.73091 5.68934 5.66973 5.60505 5.50943 5.45647 5.44102 5.41575 5.34098
  5.28266 5.17052 5.22063 5.20906 5.28762 5.32637 5.27294 5.44261 5.49528 5.44062 5.48172 5.29675 4.62222 4.58287 4.57592 5.05663
  4.90528 4.78869 4.76166 4.81436 5.73313 5.74084 5.30089 5.00371 4.74654 4.56132 4.13951 3.77171 3.54445 3.53805 3.45737 3.36106
  3.40302 3.16018 4.27089 4.22994 4.06371 4.158 4.15313 4.14748 3.12971 3.11368 3.0907 3.36424 2.95312 2.97268 3.03765 3.85984
  6.41613 6.73212 6.44345 6.17217 5.72439 5.59038 6.11908 6.20322 6.29322 6.79537 6.76258 6.84084 6.0884 6.05932 5.85512 5.39491
  5.26645 4.01125 3.72305 4.29736 4.02143 4.99744 105*0 72.3564 72.3551 3*0 72.4564 72.3835 72.3413 72.3411 72.3358 72.3244 72.2924
  72.2804 72.2591 72.2604 72.2584 72.2276 72.1842 72.1576 72.14 72.1303 72.1325 72.1093 72.11 72.1142 72.1022 72.0846 72.0976 72.101
  72.1118 72.1242 72.1198 72.1261 72.1607 72.1812 72.1696 72.1786 72.2175 72.2105 72.158 72.1745 72.1962 72.3221 72.3885 72.4765
  72.5232 72.6802 72.9089 73.1755 73.7189 74.0912 74.2331 74.338 74.4037 74.4302 74.6514 74.7265 74.7657 74.8262 74.9137 74.8883
  74.9198 74.933 75.1091 75.2938 75.4479 75.5628 75.4801 74.9956 74.9192 73.966 73.8135 74.48 74.6758 74.6405 74.8322 75.0329
  75.5191 75.7632 75.814 75.9231 75.9944 76.1315 76.1595 76.1523 76.2481 76.5677 76.3191 76.7978 76.9785 77.0318 77.2319 64.0503
  29.527 10.5498 9.1012 8.99756 8.71601 8.84293 8.61892 8.66513 8.57043 8.54637 8.88886 8.94368 8.8845 8.68895 8.42659 8.13641
  7.83212 7.78574 7.564 7.41604 7.3365 7.15961 7.00754 6.62889 6.53561 6.43012 6.30744 6.28273 6.3223 6.24699 6.52183 6.03945
  6.06251 5.84832 6.15885 5.97065 5.91224 5.87371 5.92269 5.85708 5.89149 5.81799 5.70503 5.64863 5.57631 5.52893 5.44548 5.41252
  5.4027 5.3801 5.20588 5.06748 5.0964 5.36544 5.44819 5.43563 5.40825 5.50202 5.50793 5.53305 5.4787 4.84809 4.71843 4.74018
  4.81496 4.90982 4.98522 4.85553 4.85833 5.02149 5.44467 5.91116 5.66927 5.31821 5.01095 4.8091 4.61856 4.37128 3.9549 3.6659
  3.62079 3.44312 3.31908 3.20333 3.1766 4.03274 4.04707 3.97115 4.12712 4.1722 4.01128 3.12787 3.10272 3.14776 3.07062 2.98506
  2.94104 3.96185 4.34213 5.19423 5.93286 5.84279 6.06923 5.71018 6.11177 6.08286 6.13049 6.65379 6.80743 6.82772 6.67456 120*0
  72.4274 72.4622 72.4265 72.3724 72.3469 72.337 72.3255 72.3102 72.3011 72.2848 72.2693 72.2404 72.209 72.183 72.1635 72.147
  72.1239 72.1128 72.0796 72.1027 72.1155 72.1213 72.1273 72.1191 72.1269 72.1215 72.0869 72.0563 72.1619 72.1799 72.1712 72.1822
  72.1778 72.136 72.1426 72.1735 72.2166 72.3217 72.3896 72.4644 72.515 72.7706 72.8966 73.1803 74.047 74.0976 74.2477 74.3409
  74.4055 74.4292 74.6766 74.7263 74.769 74.818 74.8968 74.9117 74.9462 75.1812 75.2564 75.2777 75.3994 75.5522 75.3326 74.7772
  74.7866 74.5991 73.9664 74.2393 74.7005 74.7847 74.8427 74.9545 75.4929 75.7017 75.8119 75.8986 76.0446 76.1538 76.1325 76.2314
  76.252 76.4318 76.4142 76.6831 77.0585 51.3638 24.2666 9.12682 9.12468 9.10322 9.05758 9.01361 9.00479 8.93657 8.86629 8.76606
  8.69036 8.75158 8.93679 8.90902 8.78761 8.57116 8.3828 8.1357 7.78983 7.6207 7.47086 7.37783 7.23847 7.04931 6.91788 6.7777
  6.51606 6.30852 5.99845 6.03327 6.42718 6.0995 6.41671 6.14415 6.1374 6.10883 6.04355 5.88019 5.84263 5.86284 5.84064 5.81684
  5.8112 5.73176 5.67078 5.56481 5.49135 5.44505 5.40459 5.41531 5.38348 5.25175 5.29355 5.2158 5.40695 5.49852 5.48855 5.52577
  5.7047 5.75801 5.68352 5.69265 5.53447 5.01029 4.70887 4.70098 4.69655 4.78976 4.92514 4.82617 4.7458 4.93667 5.49746 5.99105
  5.60529 5.22169 4.96351 4.83888 4.66398 4.4487 4.08622 3.7652 3.49886 3.34919 3.27622 3.24547 3.23562 3.21472 3.20745 3.19213
  3.61939 3.84974 3.47237 3.35388 3.22653 3.15254 3.0447 2.94885 3.69443 4.22965 4.34243 4.27887 5.03084 5.61896 6.22962 6.10632
  6.048 6.03895 106*0 72.5003 72.4764 72.4624 16*0 72.6235 72.5016 72.4722 72.4502 72.4137 72.3659 72.3472 72.3373 72.3258 72.3011
  72.2942 72.2646 72.2371 72.2213 72.1954 72.1659 72.1436 72.0818 72.0813 72.0969 72.1183 72.1632 72.1643 72.1326 72.128 72.0736
  72.0727 72.0656 72.0987 72.1592 72.1568 72.1486 72.1094 72.1842 72.1893 72.21 72.2835 72.3107 72.3948 72.4542 72.5282 72.8328
  73.0159 73.8068 74.0497 74.1021 74.2547 74.3417 74.4046 74.4269 74.5597 74.6604 74.5568 74.5623 2*0 74.753 75.0741 75.1022 75.2956
  75.5257 75.7049 75.9692 75.4458 74.7826 73.9421 73.8527 74.3441 74.7425 74.8008 74.8019 74.965 75.5132 75.728 75.833 75.9612
  76.0723 76.1354 76.061 76.1353 74.7668 53.2819 40.5235 32.4826 12.1747 9.02199 9.08258 9.09528 9.05015 9.04734 8.99995 8.98248
  8.94606 8.85895 8.89352 9.22916 9.1119 9.03472 8.97017 8.91133 8.84764 8.4724 8.25518 7.97513 7.7164 7.55337 7.36145 7.23961
  7.07862 6.90879 6.84927 6.57943 6.3369 6.30381 6.39956 6.49273 5.96113 5.80309 5.94067 5.97453 6.03012 5.99022 5.91154 5.87753
  5.8112 5.82264 5.91297 5.84686 5.87109 5.73827 5.63345 5.51461 5.4079 5.35712 5.34592 5.30488 5.34584 5.33248 5.55738 5.55296
  5.47342 5.45181 5.42503 5.67524 5.68283 5.68792 5.72436 5.42309 4.705 4.61803 4.57979 4.56443 4.56043 4.64903 4.65433 4.7506
  4.68844 5.00411 4.94535 5.30707 5.60508 5.22138 5.0256 4.79481 4.45092 4.11352 3.83569 3.46697 3.43459 3.36562 3.30283 3.28654
  3.26314 3.23499 3.21393 3.32855 3.50297 3.48516 3.42979 3.33046 3.14116 3.05599 2.97738 3.69637 4.23262 4.2482 4.29326 4.2795
  4.91064 109*0 72.5192 72.5249 72.5267 72.5141 72.4328 16*0 72.7541 72.6545 72.5626 72.4715 72.4097 72.3631 72.4005 72.3583 72.3196
  72.3154 72.311 72.3024 72.2723 72.2563 72.2201 72.196 72.1849 72.1111 72.0886 72.0813 72.1619 72.2068 72.2064 72.1407 72.1308
  72.1179 72.0774 72.0707 72.0692 72.069 72.0732 72.0685 72.1392 72.1841 72.206 72.2535 72.282 72.3048 72.3898 72.4441 72.5501
  72.9104 73.5498 73.9877 74.0511 74.1035 74.2554 74.3309 6*0 74.333 74.3606 74.4232 74.4479 75.0401 75.5824 75.655 75.8437 75.9713
  75.7256 74.5963 73.9829 74.342 74.496 74.8266 74.8145 74.7746 75.1217 75.5679 75.7769 75.8215 75.9163 70.2466 47.7953 37.6907
  12.5161 7.7989 8.20273 8.67172 8.85551 8.86175 8.94615 8.9925 8.99429 9.00457 9.01936 8.9854 8.99203 8.89113 8.80945 9.25605
  9.19105 9.12611 9.03054 8.94396 8.86037 8.72498 8.39655 8.14491 7.90141 7.63022 7.44277 7.20543 7.05019 6.96929 6.80378 6.57052
  6.44914 6.43817 6.36396 6.33449 6.07931 5.9242 5.88981 5.86273 5.9268 5.9963 6.02035 5.94502 5.8207 5.88148 5.89102 5.94803
  5.80628 5.65521 5.63263 5.63455 5.47712 5.31038 5.47358 5.56108 5.4344 5.49565 5.52609 5.48087 5.44488 5.40603 5.37466 5.48203
  5.66389 5.63408 4.93172 5.71523 4.68417 4.67084 4.63203 4.58735 4.53686 4.4698 4.60935 4.56072 4.70532 5.14946 5.06009 4.91563
  4.82492 4.66181 5.08707 4.59057 4.10047 3.90281 3.75061 3.63179 3.49789 3.43952 3.37952 3.31802 3.30263 3.44945 3.48981 3.45364
  3.55251 3.5922 3.51176 3.4091 3.30012 3.22233 3.04947 3.44282 4.20562 116*0 72.5325 8*0 73.457 73.4259 73.4014 7*0 72.8432 72.7982
  72.6081 72.6016 72.4955 72.3402 72.3659 72.4115 72.3988 72.3182 72.341 72.34 72.3395 72.3006 72.2661 72.2456 72.1859 72.1419
  72.1262 72.1826 72.2364 72.2172 72.2105 72.1648 72.1466 72.1647 72.1218 72.0633 72.0686 72.0717 72.0799 72.1007 72.154 72.1725
  72.2049 72.2596 72.2796 72.31 72.4852 72.574 73.0382 73.159 2*0 74.0516 73.5371 72.5502 7*0 74.3247 74.3551 74.4251 74.445 74.9471
  75.1664 75.0783 75.3167 75.5576 75.5046 74.837 74.6426 74.7051 74.9647 75.1117 75.0008 74.9741 75.0456 75.527 54.7791 22.2106
  7.51401 7.5684 7.57983 7.58762 7.63224 7.67273 7.93119 8.53809 8.78157 8.746 8.80639 8.88955 8.93908 8.95622 8.95192 8.95331
  8.92551 8.82809 8.75489 9.29758 9.20513 9.04682 8.99252 8.88841 8.77803 8.53584 8.27088 7.88381 7.77881 7.51571 7.33292 7.15806
  7.05402 6.9852 6.51792 6.57496 6.45495 6.15752 5.92496 6.13332 6.04658 5.80678 5.70945 5.72436 5.74704 5.91035 5.94438 5.84025
  5.83047 5.8316 5.79501 5.77732 5.69109 5.56288 5.55664 5.57185 5.47266 5.46396 5.20751 5.06981 5.19223 5.33067 5.44771 5.43778
  5.36148 5.37295 5.5133 5.60532 5.59274 5.63382 5.18714 5.69453 4.89116 4.60464 4.54407 4.54156 4.49815 4.47383 4.55095 4.50748
  4.92465 5.01154 4.94281 4.94822 5.1387 4.97416 4.8834 4.37615 4.12259 3.98798 3.88665 3.72392 3.63986 3.60024 3.52714 3.39723
  3.56575 4.4299 4.36779 4.15597 3.85371 3.61103 3.29184 3.19948 129*0 73.5015 73.4999 73.4957 73.4769 9*0 72.6623 72.6487 72.4584
  72.3415 72.3319 72.32 72.387 72.4246 72.4285 72.408 72.3737 72.3392 72.2935 72.2233 0 72.1502 72.3046 72.3137 72.293 72.2674
  72.2585 72.2593 72.1885 72.1785 72.0727 72.0025 72.0712 72.0775 72.0891 72.1513 72.155 72.1736 72.2069 72.2485 72.312 72.5981
  72.7971 72.8859 73.0298 73.1584 73.1735 73.0394 0 72.4492 72.5593 6*0 74.2368 74.3202 74.3518 74.4121 73.9963 74.2527 74.6146
  74.3384 74.4715 74.8422 74.829 74.6185 74.6662 74.7375 75.0311 75.2463 74.7981 49.5908 34.8459 7.92666 7.32569 7.36863 7.41856
  7.44866 7.49407 7.52756 7.55844 7.62156 7.76024 8.53348 8.68443 8.6988 8.70996 8.81768 8.85831 8.8624 8.79628 8.81354 8.81087
  8.72821 8.66605 8.62445 8.597 8.46701 8.64158 8.82301 8.62557 8.41966 8.15087 7.82998 7.73031 7.40781 7.26136 6.917 6.48142
  6.50386 6.17603 6.08399 5.99489 5.5208 5.98539 5.97041 5.88438 5.83048 5.83739 5.70934 5.6486 5.75182 5.78679 5.78364 5.79966
  5.83202 5.76969 5.66193 5.69262 5.65224 5.71323 5.91387 5.53762 5.45534 5.27546 5.01751 5.26708 5.42925 5.44051 5.56926 5.70303
  5.9343 5.55406 5.51017 5.5311 5.49046 5.52366 5.5557 5.39165 4.99244 4.42193 4.52249 4.76272 4.87833 4.81364 4.80087 5.1916
  5.19786 5.48979 5.3415 5.1739 4.98944 4.72216 4.41286 4.17104 3.97553 3.82733 3.7051 4.05519 4.05059 3.82367 3.65518 3.86223
  4.43386 150*0 72.3624 72.3535 72.3466 72.3401 72.4362 72.5009 72.5379 72.5229 72.4462 72.3718 72.312 72.265 0 72.3622 72.3492
  72.3155 72.2622 72.2448 72.2978 72.296 72.0344 72.022 72.0187 72.0719 72.0774 72.0865 72.0955 72.1437 72.1637 72.1808 72.2052
  72.2705 72.531 72.6064 72.5643 72.8227 73.0266 73.0597 72.9542 73.0387 4*0 73.8984 73.71 2*0 72.5906 72.8861 73.9359 73.9683
  73.9321 73.8842 74.0908 74.2891 73.837 73.9125 74.2521 74.4793 74.5599 74.6469 64.176 42.0243 22.2773 6.94542 7.01986 7.14566
  7.1949 7.30498 7.37428 7.31326 7.38996 7.40896 7.40101 7.493 7.78838 8.25099 8.57143 8.62466 8.6425 8.71281 8.7945 8.84369 8.80779
  8.70972 8.71758 8.68555 8.65427 8.60275 8.60029 8.544 8.45047 8.82679 8.77325 8.51794 8.34248 8.07097 7.49696 7.28876 7.09679
  6.87089 6.74681 6.72374 6.5379 6.30344 6.23595 6.0803 5.92336 5.88495 5.73491 5.71067 5.63542 5.67993 5.60955 5.52027 5.60196
  5.58013 5.7147 5.82669 5.88624 5.78485 5.6779 5.91351 5.88108 5.7531 5.48075 5.35102 5.4341 5.43161 5.38049 5.37299 5.33618
  5.64796 5.99336 6.37998 6.54624 5.67422 5.47552 5.86789 5.8206 5.46352 4.80287 4.44888 5.51217 5.30595 4.8893 5.42617 5.44989
  5.07349 4.87801 5.06523 5.37464 5.28365 5.15396 5.02365 4.7519 4.4984 4.25309 4.04245 3.89992 3.77911 4.07429 4.19178 4.16339
  4.01294 145*0 72.5669 72.5565 72.6026 7*0 73.0351 72.8249 72.7259 72.6542 72.6041 72.5736 72.5019 72.4664 72.3798 72.3224 72.4276
  72.3937 72.3479 72.2927 72.2817 72.2837 72.3262 2*0 72.0304 72.0912 72.1087 72.0916 72.0987 72.1033 72.1393 72.1619 72.1856
  72.2132 72.3921 72.5674 72.6499 72.7006 72.7634 72.6953 6*0 73.8098 73.942 73.7099 0 72.5183 72.599 72.9308 73.6797 73.7438
  73.8204 73.8569 73.9487 74.1335 73.8419 73.8608 74.0266 53.5001 39.9115 10.4414 6.53833 6.72532 6.81952 6.90945 7.13775 7.22107
  7.42147 7.38824 7.30204 7.27761 7.27177 7.3459 7.4456 8.16859 8.35111 8.40974 8.51058 8.54023 8.60962 8.64817 8.73708 8.72042
  8.66143 8.6396 8.646 8.58235 8.92976 8.99758 8.74007 8.71031 9.01378 8.80491 8.31935 8.1973 7.81182 7.68321 7.67318 7.39846
  7.16781 6.98351 6.79946 6.58053 6.43578 6.19594 5.85014 5.75906 5.65419 5.54005 5.5139 5.42067 5.44345 5.45259 5.44492 5.51411
  5.72311 5.72575 5.71792 5.82022 5.90618 5.95049 5.71164 5.78644 5.36229 5.39152 5.47905 5.35527 5.21163 5.29807 5.31704 5.22948
  5.38285 5.8564 6.32061 6.35274 6.35108 6.1504 6.37559 6.38836 6.34869 6.31158 5.20851 5.03803 4.65298 5.05261 5.32159 5.34858
  5.38324 5.00297 4.84661 5.09178 5.20156 5.0931 4.98095 4.8154 5.74438 5.67979 4.69859 3.94928 3.84454 3.77151 148*0 72.6656
  72.6362 72.5991 72.5657 3*0 73.5095 73.4507 73.3723 73.1859 73.0032 72.903 72.8337 72.7615 72.7079 72.6474 72.5937 72.5164 72.4718
  72.458 72.3793 72.3698 72.3419 72.3168 72.2979 72.2872 3*0 72.0875 72.1082 72.1079 72.1016 72.1008 72.1064 72.1054 72.1148 72.15
  72.2632 72.4071 72.5683 72.6595 72.8081 72.8473 6*0 73.5098 73.5861 73.6491 0 73.8831 73.2079 72.866 72.6687 73.5875 73.7544
  74.1521 73.8818 74.4272 67.5687 40.2503 29.3641 5.75136 5.698 5.99652 6.13241 6.39621 6.72606 7.12953 7.2658 7.44193 7.50807
  7.26392 7.1072 7.1397 7.14793 7.17487 7.25426 7.41766 8.19241 8.32128 8.38644 8.37794 8.41848 8.53916 8.55725 8.57832 8.57466
  8.5483 8.55252 8.55175 8.93398 9.11138 9.19114 9.19302 8.76829 9.0267 8.87854 8.29487 7.93963 7.66828 7.37241 7.40656 7.31163
  6.9994 6.84546 6.62819 6.40303 6.24435 5.94702 5.36908 5.33363 5.35949 5.27638 5.13844 5.17502 5.15518 5.23995 5.29568 5.49413
  5.79204 5.90319 5.69885 5.80564 5.84273 5.50425 5.48216 5.36858 5.38102 5.42409 5.36166 5.16714 5.26873 5.29301 5.23764 5.21587
  5.63441 6.51877 6.3705 6.22595 6.15699 6.14327 6.21332 6.18147 6.19187 5.88823 5.21087 5.20971 5.14758 5.2321 5.24156 5.1966
  5.17927 5.17365 5.15704 5.06962 4.97519 4.86146 4.75608 4.51433 5.82833 5.62243 149*0 72.8821 72.8132 72.7725 72.7117 72.6841
  72.6673 72.6704 3*0 73.4792 73.2716 73.23 73.1574 73.086 72.9993 72.9314 72.8631 72.816 72.7588 72.6876 72.5691 72.5551 72.537
  72.47 72.4236 72.3594 72.3461 72.3112 0 72.136 72.0976 72.0807 72.1428 72.1222 72.1189 72.1103 72.1026 72.113 72.0588 72.0381
  72.3561 72.3816 72.4127 72.571 72.6702 72.8018 72.8079 4*0 73.3818 73.6033 73.7803 73.5844 2*0 73.8768 73.2267 72.6063 72.6773
  72.9807 73.3894 70.9701 73.1639 6.04807 6.09294 6.14358 6.16194 5.4173 5.4389 5.6838 6.24074 6.60052 6.56903 6.76535 7.21815
  7.61566 7.68899 7.04104 7.00447 7.02694 7.12294 7.09827 7.10804 7.22034 7.79181 8.31332 8.26746 8.33113 8.38038 8.42228 8.41489
  8.43062 8.45788 8.43469 8.60338 8.94758 9.05116 8.93842 8.91736 8.83393 8.94509 9.00183 8.83998 8.18253 7.74605 7.36977 7.336
  7.30384 7.11004 6.83214 6.63985 6.43267 6.21986 6.02925 5.60914 5.24655 5.31341 5.10782 4.93146 4.88404 4.8821 4.85224 5.03961
  5.10727 5.32155 5.41386 5.39823 5.57163 5.62281 5.70434 5.1025 5.39755 5.2773 5.21339 5.31999 5.31329 5.23607 5.37256 5.01858
  4.72492 4.18908 4.93615 6.34917 6.78917 6.08968 5.9838 5.68732 5.4051 5.7118 5.8643 4.83245 5.02952 5.02228 4.88553 4.38136 4.8898
  4.89166 4.92832 4.85531 4.78886 4.70197 4.64624 4.5451 4.42581 146*0 73.2166 73.2009 3*0 73.0331 72.9011 72.8841 72.8614 73.1241
  72.9561 72.7312 72.6856 2*0 73.7468 73.4387 73.3433 73.2969 73.2539 73.2023 73.1323 73.0507 72.9601 72.9137 72.8621 72.7474
  72.6756 72.6497 72.5883 72.5473 72.5079 72.4098 72.3185 72.207 72.179 72.1516 72.1263 72.1575 72.1611 72.1419 72.1252 72.1211
  72.0962 71.9754 72.2845 2*0 72.0483 72.3078 72.4011 72.6744 72.993 3*0 73.301 73.3488 73.5089 73.662 73.614 73.2866 73.6219 11*0
  6.10143 6.12466 5.49203 5.43354 6.13654 6.28833 6.43945 6.49788 6.56124 6.87734 6.95789 7.44333 6.7772 6.7916 6.87281 7.07452
  7.10574 7.11306 7.45681 7.71083 7.81875 8.23355 8.17467 8.24382 8.24899 8.2685 8.30192 8.462 8.83772 8.926 8.91795 8.9015 8.88614
  8.15637 9.09092 9.10699 8.55187 8.12802 8.05071 7.75689 7.46794 7.3098 7.27699 6.98675 6.72361 6.46045 6.21042 5.97858 5.85099
  5.57257 4.73338 5.05119 4.8249 4.67668 4.65981 4.65485 4.72147 4.82416 4.87972 5.09841 5.11807 5.18786 5.29409 5.396 5.4258
  5.47332 5.39914 5.39762 5.30847 5.17011 4.76549 4.44125 4.51575 4.40657 4.2579 4.65704 4.72396 4.74972 4.76472 5.26493 5.50798
  4.67994 4.75737 4.72773 4.70085 4.70363 4.14667 4.57933 4.40947 4.23288 4.5573 4.56904 4.62697 4.62537 4.43837 150*0 73.68 73.5747
  73.5605 73.24 73.5302 73.2957 73.0437 72.9885 73.2023 73.8945 73.157 72.7922 72.7526 0 74.0321 73.7333 73.4846 73.4278 73.375
  73.3243 73.2714 73.2656 73.093 72.8296 72.7666 72.7734 72.7349 72.7661 72.7497 72.6709 72.6016 72.4491 72.3211 72.2437 72.2137
  72.2024 72.1732 72.2034 72.1917 72.169 72.1615 72.1395 72.1416 72.0155 0 72.438 0 72.1167 72.2578 72.3221 72.3656 72.3682 72.2058
  2*0 72.94 73.2794 73.5157 73.5822 73.3334 72.9921 73.1201 73.3044 5*0 5.72905 5.7432 5*0 6.0764 5.38435 5.64873 6.10917 6.09632
  6.60365 6.59832 6.55735 6.41449 6.55783 6.90207 7.1561 6.71543 6.79624 7.02446 7.27801 7.60772 7.68283 7.90799 7.99611 7.94419
  8.27264 8.07684 8.08883 8.12168 8.3281 8.74586 8.77796 8.78541 8.57261 8.66258 8.71496 8.52319 8.84344 8.41615 8.15609 8.11808
  8.01607 7.68173 7.39275 7.17718 7.03483 6.80175 6.62566 6.25513 5.95573 5.68489 5.50809 5.32837 4.80073 4.86145 4.46526 4.45068
  4.46316 4.47703 4.49881 4.62606 4.76038 4.9113 4.96227 5.07276 4.86448 4.77443 4.80877 5.21867 5.30311 5.35821 5.26841 4.67089
  4.34714 4.27891 4.34065 4.39188 4.28191 4.55826 4.52287 4.5135 4.55096 4.60188 4.58448 4.61736 4.64177 4.58208 4.57385 4.58545
  4.05637 4.30543 4.48339 4.41845 4.3986 153*0 73.8692 73.8344 73.7996 73.7191 73.692 73.3894 73.285 73.2247 6*0 74.1175 73.8923
  73.6435 73.5881 73.5465 73.4637 73.404 73.354 73.0312 72.9441 72.8838 72.8589 72.9458 72.992 72.8933 72.8465 72.6884 72.4195
  72.3389 72.318 72.2891 72.2492 72.2087 72.2167 72.2268 72.2151 72.1897 72.1777 72.1612 72.1533 72.0127 72.4256 0 72.0198 72.1819
  72.2454 72.3244 72.3439 72.2108 72.219 2*0 72.9396 73.7681 73.9524 74.1735 73.381 73.1255 63.0995 5*0 6.09134 6.08984 6.09097 2*0
  7*0 6.85462 6.76666 6.52268 6.56272 6.35535 6.3627 6.54427 6.54579 6.66757 7.11681 7.81289 7.8125 7.99628 8.14499 8.31878 8.07154
  8.14981 8.22128 8.10152 8.12443 8.45313 8.55536 8.65969 8.80051 8.84139 8.85507 8.74521 9.10414 8.52444 8.39034 8.00298 7.96632
  7.89352 7.78685 7.57982 7.27749 6.96693 6.75669 6.5149 6.30725 5.99966 5.56102 5.24645 5.20772 4.9968 4.77997 4.46866 4.29036
  4.24812 4.26129 4.30428 4.48146 4.4927 4.5792 4.72087 4.75455 4.51809 4.42566 4.34989 4.38369 4.40612 5.09753 4.76919 4.49923
  4.24027 4.24755 4.39493 4.29927 4.27099 4.30887 4.34327 4.39846 4.41524 4.44754 4.43289 4.43047 4.45551 4.45265 4.41807 4.42492
  4.44787 4.47728 4.47208 150*0 73.6579 73.6539 5*0 73.9438 73.8225 73.7924 73.7176 73.9219 73.7712 5*0 72.9257 73.296 73.9526
  73.7801 73.7112 73.637 73.5695 73.4964 73.2044 73.0966 72.7135 72.6418 72.8195 73.0805 73.0304 72.9011 72.8486 72.5413 72.3855
  72.4268 72.4519 72.3721 72.3195 72.2981 72.2544 72.2414 72.2435 72.2261 72.2217 72.2154 72.2526 72.2101 72.2649 72.3351 72.243
  72.0858 72.2012 72.2518 72.2468 72.1823 72.1621 72.1564 3*0 73.9613 74.0077 62.3964 5*0 3.64925 4.18981 4.88103 5.3964 6.08009
  6.08222 9*0 6.8131 6.8298 6.46165 6.38563 6.37741 6.25672 6.02261 2*0 10.0926 9.50596 8.64536 8.45491 8.20192 8.76275 7.94848
  7.70481 7.99918 8.08323 8.29185 8.33424 8.4159 8.62272 8.74877 8.66983 8.99281 8.5685 8.53933 8.34243 7.81889 7.80438 7.77553
  7.71645 7.5615 7.29473 7.01029 6.80095 6.54034 6.32366 6.10836 5.75627 5.4818 5.2674 5.15891 5.00413 4.60104 4.22734 4.18535
  4.1565 4.1753 4.22185 4.54778 4.40676 4.38701 4.63413 4.39506 4.16124 4.17788 4.15964 4.0981 4.2631 4.34298 4.33705 4.4451 4.428
  4.41022 4.44728 4.27775 4.3285 4.2188 4.24897 4.22957 4.23966 4.24407 4.29785 4.30057 4.24754 4.25232 4.28862 4.29575 150*0
  73.7255 73.7256 73.7175 73.7166 73.7152 4*0 73.6102 73.9997 73.905 73.7834 73.8131 74.0846 74.2536 4*0 73.1452 73.1549 73.1618
  73.8061 73.8664 73.8209 73.7525 73.6778 73.335 73.0294 73.0905 73.0622 72.7193 72.6776 72.6216 72.6053 72.5821 72.5877 72.4947
  72.4115 72.458 72.4488 72.384 72.3498 72.3395 72.3116 72.2611 72.2905 72.3011 72.2955 72.2932 72.3133 72.3309 72.3257 72.326
  72.3167 72.1847 72.1908 72.0308 72.0641 72.0218 72.0413 72.0748 3*0 51.424 40.1004 5.77991 5*0 4.10286 4.90352 5.09351 5.46992 2*0
  8*0 6.65123 6.75584 6.4326 6.32675 6.4347 6.73605 6.96499 3*0 10.0674 10.2979 10.2614 10.272 9.2777 9.25924 7.39947 6.49936
  7.28059 7.87854 8.04309 8.109 8.30437 8.86084 8.55604 8.26747 8.39353 7.26942 7.91207 8.23911 7.7009 7.66517 7.3105 7.05252
  6.84505 6.45258 6.06241 5.73452 5.8369 6.1879 5.83668 5.6613 5.41499 5.00556 4.95532 4.70013 4.1752 4.08942 4.04458 4.09281 4.0782
  3.98864 3.85589 4.09292 4.37195 4.31687 4.15822 4.05711 3.97233 4.07607 4.06155 3.94789 4.34499 4.41079 4.44636 4.66251 4.92651
  5.08619 4.69713 4.12479 4.14526 4.11818 4.07869 4.09405 4.08574 4.12372 4.11962 4.14485 151*0 75.0447 75.0521 74.2113 74.1386
  74.1558 73.7382 73.7357 4*0 73.865 74.0027 73.9387 73.8069 73.9112 74.3899 75.0419 3*0 73.3539 73.3036 73.265 73.2412 73.2512
  73.7259 73.6979 73.5601 73.3304 73.3989 73.3466 73.2962 73.2338 72.8089 72.7344 72.6907 72.6345 72.5931 72.5133 72.4672 72.4293
  72.5766 72.5059 72.432 72.4163 72.3849 72.3706 72.3483 72.3248 72.308 72.3021 72.2943 72.3356 72.3656 72.3434 72.3447 72.3204
  72.3036 72.3793 72.5104 72.5906 72.022 72.0432 72.0761 72.0793 72.0813 37.4038 3.83769 6*0 4.42702 4.31635 4.52745 5.01183 5.81586
  5.42115 5.40627 5.29818 5*0 6.54336 6.5691 6.32992 6.20185 6.39164 6.5792 6.59085 6.18458 4*0 10.0548 10.2254 10.4182 10.6565 2*0
  0 6.1142 7.06337 7.45902 7.47149 8.02421 8.17887 8.07971 8.09441 8.10199 8.09954 6.85156 8.34184 7.99081 7.54899 7.25936 6.69508
  6.24414 5.97334 5.68255 5.53652 5.08837 4.92895 5.46475 5.54028 5.31906 4.46286 4.21376 4.57086 4.26186 4.11251 4.03989 3.81298
  3.63914 3.44415 3.32533 3.22258 3.71955 4.29209 4.56923 4.40402 3.99985 3.69205 3.46828 3.80792 4.28204 4.60572 4.64767 4.72076
  4.86228 5.30523 4.85173 4.493 4.25446 4.27119 3.93556 3.95071 3.93946 3.95158 148*0 75.089 75.1335 75.1206 75.1629 0 75.2292
  75.2745 75.2788 74.892 74.7053 74.9118 75.216 5*0 73.7289 74.0238 73.9406 73.735 73.8969 74.5316 74.5569 0 73.4717 73.4149 73.4118
  73.3788 73.3426 73.3018 73.4112 73.7488 73.7834 73.683 73.4757 73.4249 73.4639 73.3488 73.0157 72.9507 72.8401 72.7495 72.6657
  72.6005 72.6105 72.6373 72.7146 72.6467 72.5461 72.4799 72.4448 72.4138 72.4023 72.3818 72.3717 72.3428 72.3093 72.3009 72.3476
  72.3662 72.3769 72.4455 72.5012 72.5944 72.8386 72.8493 72.5892 72.0463 72.059 66.9165 25.6896 5.93035 3.80482 3.83157 7*0
  4.37079 4.55052 5.5771 5.76401 5.80732 5.3392 5.41715 6.51996 6.53478 0 5.70115 5.68267 6.05075 6.23963 6.52883 6.74885 6.6419
  6.20567 5.61811 4*0 9.59836 10.0008 9.17958 8.26926 8.95003 10.7056 2*0 6.01747 6.77748 7.1462 7.53914 7.86544 7.93923 8.01707
  7.86255 8.01301 7.2904 7.30739 7.93016 7.68535 7.14385 6.40151 6.29119 5.88007 5.63909 5.34911 5.04524 4.82124 4.59317 4.65658
  4.74668 3.96858 3.56531 3.72975 4.02916 3.93273 3.40228 2.54278 2.72107 3.04346 3.38205 3.17732 2.81316 3.49808 4.71192 5.30732
  4.7789 3.70687 2.93877 3.24416 4.24846 4.65183 4.59626 4.23066 4.41915 4.82798 4.60325 4.38694 4.42023 4.44758 4.60035 4.55476 2*0
  148*0 75.2305 75.2173 75.2396 75.2881 75.3403 75.3729 75.4122 75.4892 75.4555 75.4668 75.4686 75.464 75.4292 5*0 73.821 73.8788
  73.7796 73.7273 73.769 73.8043 73.7456 73.5945 73.5651 73.5463 73.5164 73.6411 73.5953 73.6942 73.9859 73.9261 73.8709 73.7728
  73.5994 73.51 73.5758 73.1599 73.0716 73.0288 72.9713 72.8703 72.7439 72.6946 72.7738 72.7531 72.7132 72.7443 72.6541 72.5305
  72.4624 72.4723 72.4976 72.4662 72.4032 72.3549 72.3291 72.3586 72.474 72.4517 72.4622 72.4979 72.5372 72.5568 72.6401 72.8652
  72.2637 72.3844 72.0625 7.25839 4.03086 4.31817 4.58403 8*0 5.32006 5.43461 5.50625 5.33878 5.5579 6.03634 6.49068 6.58608 6.56319
  6.5692 6.51626 6.42354 6.44886 6.50754 6.73274 6.74695 6.06018 5.50469 6.91852 7.17438 6.76254 9.25886 9.48831 9.58877 9.92375
  8.57334 8.08335 9.16976 10.5707 10.7334 0 6.59064 6.25424 6.19807 6.76309 7.50405 7.83864 7.72608 7.72289 7.49191 7.42753 7.55897
  7.55185 7.24358 6.34193 6.27521 6.09441 5.47433 5.33023 4.91609 4.78153 4.49858 4.20465 3.87687 3.6183 3.89386 3.65901 3.49195
  3.3605 3.30209 2.70711 2.43081 2.48215 2.87426 2.88711 2.67001 2.77421 3.67105 5.2332 4.95379 3.94998 2.77121 2.9639 3.84932
  4.1775 4.51718 3.89996 3.85901 4.06183 4.07488 4.08687 4.15235 4.24561 129*0 72.8727 73.0945 73.2001 73.227 73.1916 7*0 73.8896
  73.9667 10*0 75.413 75.4694 75.5128 75.5361 75.5706 75.5877 75.6134 75.6587 75.6933 76.0867 75.8877 75.7061 75.5827 9*0 73.7351
  73.8054 73.7199 73.6382 73.6286 73.6145 73.9914 74.1545 74.3145 74.2071 74.1181 74.0441 73.9567 73.849 73.509 73.2741 73.9042
  73.7815 73.4433 73.0899 73.0388 73.0034 72.8824 72.7546 72.72 72.7369 72.6979 72.6607 72.6239 72.6023 72.5245 72.4981 72.4933
  72.48 72.4624 72.423 72.3972 72.4171 72.5141 72.5335 72.5346 72.52 72.5437 72.5985 72.6694 72.431 0 38.0729 2*0 4.19932 4.22552
  4.99938 5.3773 5.39406 6*0 5.28943 5.3268 5.35058 0 6.0579 6.13737 6.55217 6.44048 6.48655 6.50696 6.34997 6.41599 6.36356 6.46063
  6.53605 6.51514 6.66816 6.90892 7.12606 7.50302 8.49965 9.18008 2*0 6.6664 6.67633 6.66712 3*0 7.49484 6.48373 6.27065 5.95764
  5.92536 6.43512 6.31072 6.8375 6.94639 6.9621 6.2496 6.2482 6.46611 6.07108 5.96622 5.69169 5.42624 5.08485 4.84949 4.61399
  4.18908 4.12656 3.87158 3.67905 3.45691 3.81651 3.61436 3.45428 3.37197 3.28642 2.68573 2.6144 2.9399 3.19968 3.50805 2.64892
  2.75871 3.30968 2.72849 2.75595 2.71029 2.78945 3.69211 4.53816 4.41236 4.05707 3.61143 3.84673 3.71954 3.77503 3.8586 130*0
  72.8399 72.9602 73.0254 73.1593 73.2557 73.2771 73.3762 6*0 73.7226 73.7891 14*0 75.9594 76.0542 76.0806 76.0968 76.2274 76.3248
  76.1103 9*0 73.6899 73.7783 73.8606 73.832 73.7663 73.7325 73.6825 73.9981 74.3685 74.3744 74.3074 74.2539 74.1958 74.1271 73.9925
  73.8993 73.4968 74.133 74.1467 74.0696 73.9004 73.6035 73.2712 73.0159 72.867 72.7714 72.7109 72.7573 72.7404 72.7006 72.6554
  72.6314 72.6097 72.5176 72.4925 72.4674 72.5087 72.4799 72.4727 72.5524 72.5619 72.5713 72.5847 72.587 72.6285 72.8012 73.0336
  37.0031 26.1571 5.72215 5.16247 0 4.38165 4.50358 5.30787 5.37416 10*0 6.13749 6.16911 6.61526 6.73965 6.61402 6.38112 6.30076
  6.22953 6.31928 6.34744 6.46558 6.58653 6.5878 6.79817 6.89844 7.51484 8.18638 8.67141 9.13196 0 6.88999 7.05354 6.70541 6.70472
  6.68096 6.70732 6.69824 6.51042 6.31779 6.0161 5.80204 5.73019 5.72157 5.73774 5.72986 5.67588 5.83535 5.81695 5.71049 5.59932
  5.52547 5.46904 5.2793 4.92921 4.76999 4.55306 4.27011 4.20207 3.88107 3.66607 3.51705 3.32397 3.68213 3.3806 3.11091 3.06542
  2.97159 2.52981 3.03444 3.12538 3.22128 3.165 2.61648 2.75699 2.76317 2.70387 2.66487 2.71895 3.27682 4.7284 4.47971 3.55583
  3.26574 3.42276 3.85513 3.53586 129*0 72.7064 72.9144 72.8388 72.9619 73.1279 73.079 73.1872 73.2914 73.4158 73.4747 73.5002 2*0
  3*0 73.7909 73.8823 73.959 7*0 75.9797 75.861 4*0 76.2854 76.284 76.3142 76.3686 76.3787 76.3507 76.3299 8*0 73.7291 73.894
  73.9201 73.9366 73.9341 73.8591 73.8199 73.7815 74.5108 74.5502 74.4692 74.4324 74.3714 74.2748 74.1671 73.954 73.5977 73.9343
  74.3261 74.2107 74.0855 73.744 73.6158 73.4971 73.0693 72.911 72.8658 72.8018 72.8082 72.8014 72.74 72.7613 72.821 72.8216 72.6577
  72.5628 72.5865 72.6078 72.6294 72.6141 72.6057 72.5991 72.5994 72.6092 72.622 72.6707 72.8461 62.3654 9.5406 4.6636 4.76219
  4.94467 5.16599 0 5.29021 5.29869 5.37993 11*0 6.63877 6.58705 6.41068 6.19419 6.20155 6.1235 6.23108 6.22856 6.1674 6.06773
  6.14115 6.53072 6.9414 7.00782 7.71318 8.06035 9.30764 2*0 6.74257 6.47976 6.20515 6.1693 6.16508 6.10561 6.11301 6.05012 5.8937
  5.78249 5.64629 5.56605 5.54441 5.65187 5.54525 5.56411 5.61879 5.60359 5.48218 5.32726 5.34789 5.06237 4.94903 4.80068 4.53655
  4.2636 3.94569 3.92586 3.7143 3.47819 3.29656 3.34496 3.19644 2.80697 2.68318 2.54756 2.54759 2.51484 2.4798 2.93951 2.94722
  2.47324 2.59062 2.66128 2.61686 2.60434 2.66408 2.69607 3.51626 3.50936 3.12007 3.22383 3.31019 130*0 72.6102 72.8294 72.716
  73.2047 73.2388 73.4091 73.4937 73.5834 73.6833 73.4252 73.482 73.5485 73.5612 73.6118 4*0 73.8985 73.9761 74.0254 7*0 76.1318
  76.1164 4*0 76.4588 76.4728 76.491 76.5009 76.6 76.5376 76.4328 76.7453 76.7447 6*0 73.8287 74.0086 74.0041 73.9767 73.9711
  73.9169 73.9025 74.2723 74.7706 74.7064 74.6513 74.5404 74.4482 74.3304 74.2652 73.8467 73.8647 74.3851 74.4187 74.3544 73.81
  73.6646 73.6081 73.5134 73.2196 72.9731 72.9376 72.8578 72.8766 72.8539 72.8456 73.0418 73.0553 72.9822 72.9125 72.7967 72.7289
  72.7051 72.6856 72.6605 72.6517 72.6419 72.6334 72.6166 72.6207 72.7282 43.6168 4.40547 4.51486 4.5694 4.82814 5.15085 5.16406 2*0
  5.32131 11*0 7.48134 6.58551 6.38275 6.27899 6.02978 6.05308 6.11273 6.16083 5.95517 5.71216 5.87411 5.992 6.51144 6.78493 7.03523
  7.8399 7.87143 8.53781 2*0 6.51614 6.11044 6.04426 6.04257 6.09663 6.08466 5.84531 5.79358 5.76409 5.67175 5.50569 5.4312 5.45926
  5.53375 5.43066 5.40903 5.41054 5.48919 5.30019 5.12961 5.1618 5.08958 4.86545 4.69672 4.32376 4.11689 3.90995 3.73621 3.53268
  3.31597 3.192 3.07158 2.84168 3.24688 2.49463 2.41601 2.39254 2.52313 2.53742 2.52649 2.49217 2.49773 2.51018 2.52749 2.56172
  2.60436 2.64555 2.69568 2.69886 2.86379 3.00776 130*0 72.5273 72.6723 72.7978 73.0034 73.1894 73.2677 73.4152 73.4946 73.5518
  73.6291 73.8117 73.4851 73.5085 73.6259 73.6209 73.6793 73.7173 0 73.9879 74.0083 2*0 75.2737 75.5827 5*0 76.2837 76.2786 75.5557
  75.1678 76.4769 0 76.5734 76.6964 76.7246 76.7452 76.7901 76.7979 77.0254 76.0834 76.0944 76.2071 76.8792 76.9311 4*0 74.0864
  74.1429 74.1597 74.1204 74.0208 73.956 74.2206 74.8241 74.8923 74.8331 74.7806 74.7193 74.6244 74.4581 74.3486 74.0072 75.2646
  74.7399 74.4478 73.9647 73.7995 73.7307 73.5693 73.3928 73.2941 73.1508 73.0424 73.0485 72.971 72.9143 72.9528 73.0781 72.9293
  73.1405 73.1477 73.0003 72.841 72.7981 72.771 72.7525 72.7205 72.7072 72.695 72.6298 57.3449 19.0146 4.43795 4.4041 4.5104 4.60409
  4.89494 5.13599 5.15764 11*0 5.73469 5.76307 5.73551 5.78119 6.42241 6.22181 6.2237 6.16598 6.05949 6.11686 6.13045 5.96682
  5.71062 5.69703 5.81433 6.43188 7.06086 7.11194 7.14683 7.09873 3*0 5.98639 5.90977 5.91411 5.98348 6.04449 6.02965 5.73754
  5.71585 5.68771 5.57449 5.5391 5.34983 5.22906 5.35928 5.36973 5.51887 5.18725 5.07498 5.1436 5.1512 5.29199 4.95006 4.80558
  4.67307 4.46583 4.31948 4.07234 3.80993 3.81946 3.8712 4.24972 4.58087 4.50093 4.48009 2.9561 2.49649 2.48709 2.58299 2.55017
  2.48857 2.46513 2.50197 2.49459 2.53489 2.62132 2.69052 2.71638 2.74422 131*0 72.4329 72.5009 72.5957 72.6226 73.0542 73.1274
  73.2708 73.3504 73.4691 73.5666 73.6875 73.7081 73.6317 73.5118 73.5736 73.6994 73.6932 73.7922 73.7759 0 74.0519 74.2039 74.4058
  75.008 75.0109 75.2005 75.4722 75.6846 75.1689 75.0783 75.1933 76.4241 76.4556 75.7048 75.8996 76.2591 76.7402 76.7673 76.8913
  76.8963 76.9922 77.1181 76.4601 76.4658 76.3477 76.2962 76.2527 76.4584 77.0989 4*0 74.2472 74.2379 74.2149 74.1623 74.1326
  74.1009 74.3374 74.9434 74.9892 74.9404 74.9041 74.8458 74.7698 74.6512 74.4826 74.1044 0 74.9856 74.3645 74.0053 73.8659 73.788
  73.4896 73.4597 73.4137 73.3424 73.2582 73.235 73.1687 73.0781 73.0171 72.8921 72.6983 72.6267 73.4634 73.0528 72.9911 72.9157
  72.7939 72.7321 72.7191 60.4522 60.1035 29.0513 4.41502 4.66421 4.71911 4.44371 4.50555 4.60017 4.80104 5.10723 12*0 5.49907 2*0
  0 7.16372 6.34361 6.25187 6.29957 6.37702 6.20536 6.09335 6.27519 5.95102 5.92265 6.18547 6.42397 6.62248 6.98272 6.84748 3*0
  5.70182 5.91763 5.82352 5.85844 5.88764 5.95808 5.90527 5.65368 5.5784 5.55968 5.5471 5.51737 5.33723 5.20671 5.33323 5.06985
  5.13411 5.16006 5.16774 4.98538 5.05689 4.94779 4.70134 4.67447 4.45438 4.24477 4.14719 4.03147 3.88864 3.84314 4.06346 4.89612
  5.26675 5.24543 4.47245 3.11461 3.03844 2.86829 2.9542 2.69125 2.44792 2.46157 2.45975 2.50452 2.6382 2.67551 2.69542 130*0
  72.4575 72.4998 72.5203 72.4663 72.5843 72.6128 73.0296 73.1272 73.1885 73.3018 73.5958 73.5439 73.6051 73.7886 73.765 73.611
  73.6513 73.6315 73.699 73.7303 73.919 73.9661 4*0 75.2388 75.262 75.325 75.4859 75.5862 75.7452 75.28 75.237 75.3174 75.8344
  75.9071 75.4951 75.6512 75.571 75.7571 76.1691 76.6103 77.4877 77.613 76.2768 76.4824 76.6503 76.5732 77.1066 5*0 74.2231 74.2771
  74.2684 74.2609 74.2513 74.2392 74.191 74.1522 74.3588 75.4423 75.4612 75.2815 74.9333 74.7926 74.6938 74.0537 2*0 74.1685 74.3168
  74.2955 74.0277 73.8522 73.5939 73.5074 73.5095 73.5388 73.4069 73.3023 73.2745 73.2355 73.0834 72.8487 72.7389 72.6823 72.9295
  72.9688 72.8715 72.7827 72.2344 40.5752 14.6231 4.42105 4.45439 4.47413 4.64937 2*0 4.4023 4.48312 4.55255 4.74396 18*0 6.48394
  6.21891 6.22095 6.21988 6.22131 6.08512 6.24733 6.34524 5.97082 6.1517 6.21961 6.45365 6.65123 4*0 5.70419 5.72772 5.80224 5.83018
  5.82766 5.7723 5.52244 5.3663 5.46134 5.46086 5.36478 5.31741 5.20872 5.18954 5.28904 5.05032 4.9662 4.95448 5.09615 4.87755
  4.72582 4.67457 4.72948 4.49846 4.33822 4.18042 4.05641 3.92902 3.81859 3.90353 4.36715 5.23516 5.16019 5.19977 4.40523 3.11301
  3.0523 3.02373 2.95549 2.64744 2.44945 2.48543 2.61396 2.74822 2.70044 130*0 72.3876 72.4097 72.4814 72.4177 72.4339 72.5533
  72.7685 73.0565 73.1304 73.1932 73.2772 73.4004 73.5054 73.6258 73.5953 73.7231 73.5023 73.5736 73.6314 73.7836 73.8691 73.9058
  73.9801 74.0268 4*0 74.4036 75.3771 74.9257 74.9773 75.4872 75.525 75.3411 75.367 75.4686 75.5394 75.6612 75.6634 75.7634 74.505
  74.52 74.5283 74.511 77.7698 77.7931 74.9301 76.3748 76.7727 76.7519 5*0 74.1895 74.3253 74.3338 74.3209 74.2956 74.2783 74.2677
  74.2685 74.4084 75.1661 76.3437 76.1584 76.0341 74.9564 74.8051 74.5307 73.6595 74.1649 74.2522 74.1797 74.3399 74.3075 74.1967
  74.059 73.8304 73.6973 73.6562 73.6013 73.1933 73.3888 73.3334 73.3375 73.0439 72.9525 72.8185 72.7228 72.9982 73.0099 53.0742
  36.2341 5.1752 4.42976 4.411 4.3903 4.37986 4.70037 3*0 4.46952 4.48244 4.55023 4.73233 7*0 3.98783 4.00328 9*0 5.60339 5.97965
  5.60413 6.24873 6.15197 6.1338 6.1536 6.16477 6.16228 6.19262 6.23967 6.63898 6.18829 6.01331 2*0 5.77125 5.63162 5.55896 5.75956
  5.771 5.66948 5.27186 5.21207 5.19952 5.18967 5.12181 4.99884 5.0324 5.00611 5.02373 5.02972 4.77797 4.95619 4.83235 4.92826
  4.77326 4.71279 4.5539 4.84653 5.41687 5.45236 4.86602 4.6622 3.87383 3.89486 4.04588 4.22524 4.82583 5.05599 5.00819 5.12744
  3.7662 3.05021 3.02681 2.96652 2.72125 2.58175 2.65524 2.81637 130*0 72.3293 72.3564 72.3543 72.3699 72.4665 72.4287 72.4665
  72.5827 72.8952 73.1102 73.1855 73.2885 73.3679 73.48 73.7266 73.5694 73.4391 73.4931 73.5266 73.6487 73.898 74.114 74.2368 74.275
  74.0629 74.0446 74.0742 5*0 74.1619 74.3711 74.4579 75.4258 75.4376 75.4842 75.598 75.7159 75.8188 75.9434 75.4261 74.5491 74.5609
  74.5763 74.5656 10*0 74.3202 74.3748 74.4478 74.4253 74.3961 74.3637 74.3709 74.3751 74.4964 75.2331 75.8285 76.5289 76.4235
  76.3268 75.433 75.4324 75.9199 0 74.1522 74.2566 74.1824 74.3593 74.4105 74.2927 74.0625 73.8405 73.8259 73.7474 73.6285 73.5282
  73.468 73.6189 73.5733 73.2952 0 72.9275 73.1786 45.0247 16.0398 4.6958 4.65214 4.55106 4.47065 4.47607 4.46886 4.49077 3*0
  4.62433 4.61212 4.59661 4.68792 4.71647 7*0 3.97449 13*0 7.09423 6.2199 6.10057 6.09404 6.08182 6.05933 6.06935 5.91872 5.7812
  5.84139 5.90505 2*0 5.34327 5.43409 5.5876 5.55645 5.58513 5.35066 5.15438 5.11925 5.0678 4.9856 4.94757 4.9785 4.88049 4.81656
  4.79323 4.74389 4.55868 4.58198 4.54277 4.57229 4.66671 5.40249 5.47052 5.56765 5.22314 5.34805 5.26883 5.33417 4.81056 4.01044
  4.17407 4.2217 4.37418 4.96169 4.8934 5.01657 4.97695 3.05205 3.00438 2.94043 2.88145 2.86434 130*0 72.3144 72.3404 72.3321
  72.3473 72.3595 72.4525 72.4226 72.4401 72.5503 72.606 72.9333 73.1503 73.2751 73.3623 73.4519 73.5586 73.4994 73.4243 73.4875
  73.5782 73.9243 74.0491 74.1976 74.295 74.3373 74.4308 74.1196 74.0678 74.1041 5*0 74.12 74.8571 74.5058 74.429 75.139 76.1905
  76.3691 75.8816 75.9566 75.7887 74.6165 74.7154 74.7748 74.8456 9*0 74.4156 74.5662 74.6127 74.6766 74.6442 74.581 74.5144 74.4837
  74.4577 74.7695 75.4322 75.4678 75.6865 76.8618 76.6519 76.5166 76.442 76.2881 76.0761 74.4604 74.0689 74.0452 74.3899 74.5022
  74.4445 74.1281 73.7968 73.8216 74.074 73.9694 73.7109 73.6721 73.8282 73.7243 73.363 64.2458 30.3591 9.46958 5.06467 4.88415
  4.80664 4.73309 4.69059 4.63048 4.56906 4.85568 34*0 5.78661 5.97007 5.97034 5.98294 5.73753 5.65543 5.86041 5.97363 2*0 5.39635
  5.4202 5.37189 5.35342 5.34651 5.48235 5.31705 5.08289 4.8999 4.87071 4.99099 4.98114 4.74211 4.59137 4.58236 4.53175 4.52607
  4.55603 4.73001 5.01945 5.45173 5.72614 5.79387 5.72505 5.31557 5.38309 5.36324 5.21232 4.19235 4.42713 4.27122 4.20315 4.0529
  4.24434 4.59588 4.87455 4.90144 3.84579 2.69544 2.71444 129*0 72.281 72.243 72.2585 72.3036 72.3292 72.3381 72.3555 72.4346
  72.4749 72.4316 72.4948 72.5972 72.6282 72.7022 72.7694 72.9097 73.3525 73.5045 73.2228 73.347 73.4668 73.5994 73.6427 74.0098
  74.0865 74.2122 74.3127 74.4316 74.5419 74.5699 74.6283 74.2142 5*0 74.0957 74.1303 3*0 77.1141 76.8298 75.6385 74.9702 74.7229
  74.7372 74.8838 74.8938 9*0 74.9471 74.7147 74.7216 74.7188 74.7169 74.7137 74.7104 75.5647 75.9776 75.9388 75.805 75.7185 75.6433
  75.7708 75.9375 76.1283 76.7964 76.6347 76.5071 75.4895 74.242 74.1443 74.0984 74.6507 74.8908 74.6197 74.1461 73.9184 74.0938
  74.179 74.2277 73.9017 73.6143 3*0 5.34888 5.28157 5.16905 5.07014 4.95987 4.89062 4.76205 4.69873 4.80297 4.93686 33*0 6.10331
  6.14002 0 5.90971 5.90262 5.91329 5.81631 5.79168 5.78688 4*0 5.34412 5.32069 5.28446 5.26988 5.4321 5.43262 5.14957 4.77045
  4.8904 4.77784 4.7146 4.5347 4.60329 4.69048 5.01547 4.97915 5.21203 5.38273 5.60996 5.56334 5.59342 5.70624 5.43158 5.36113
  5.3423 5.335 4.31929 3.67436 3.93898 4.03553 3.88611 3.75333 3.82537 4.0628 3.99444 4.08177 4.12307 129*0 72.2265 72.1921 72.2077
  72.226 72.2864 72.3202 72.333 72.3491 72.3604 72.3998 72.4253 72.4498 72.5723 72.6112 72.6758 72.7378 72.861 72.9891 73.2783
  73.371 73.2918 0 73.4917 73.5838 73.6818 74.0752 74.2075 74.296 74.3966 74.5433 74.6843 74.7749 74.9461 74.3154 4*0 74.4227
  74.4425 74.497 2*0 74.403 74.7734 75.1154 74.8642 74.9014 74.692 74.7124 10*0 74.9114 74.762 74.817 74.7935 74.7788 75.39 76.2063
  76.3236 76.2164 76.1808 76.1254 76.0513 76.0017 75.9938 75.8162 75.6054 75.8491 76.1708 75.9916 75.2882 74.397 74.3381 74.2667
  74.2429 74.6137 74.8491 74.5363 74.2677 74.3315 74.4018 74.3378 74.54 73.7239 73.6714 3*0 5.7424 5.58078 5.28513 5.0065 4.97551
  4.8606 4.78323 4.71439 5.13356 14*0 3.93682 3.93492 17*0 6.02868 6.26287 6.6403 6.59731 3*0 5.76794 5.57489 5.26468 4*0 5.07983
  5.1792 5.23622 5.21421 5.5871 5.80073 5.06734 4.98727 4.69894 4.59192 4.561 4.58989 4.99293 5.0612 5.18279 5.10744 5.53916 5.62085
  5.52338 5.47361 5.41827 5.42007 4.66675 4.50581 4.78553 4.37506 3.58333 3.4924 3.44708 3.51412 3.4394 3.6398 3.84851 3.923 3.79804
  130*0 72.1967 72.1697 72.2028 72.2099 72.2575 72.3034 72.3299 72.3409 72.3556 72.3772 72.4154 72.4334 72.5143 72.6018 72.6415
  72.7124 72.7987 72.9505 73.0336 73.2921 73.4108 73.3998 74.359 73.8105 73.6531 73.7215 74.2022 74.2754 74.4185 74.5291 74.6524
  74.7996 74.9631 75.1256 4*0 74.4265 74.4488 74.4384 74.4017 74.411 74.4182 74.5475 74.629 74.6574 75.9866 76.218 75.6583 77.2839
  78.9873 79.0746 77.6677 6*0 75.0421 74.9487 74.8895 74.9048 74.9026 74.899 74.8719 76.1122 76.8363 76.6169 76.3711 76.4298 76.4754
  76.3963 76.3145 76.1624 76.1135 75.8694 75.5399 74.6917 74.4576 74.4226 74.4025 74.3479 74.3221 74.2845 74.6786 74.3834 74.1753
  74.6076 74.7114 74.8539 74.2703 37.33 2*0 6.29592 6.0018 5.69833 5.32294 5.01673 5.00812 5.03969 4.9224 4.88543 5.21588 15*0
  3.93289 18*0 6.20871 6.4529 6.55511 6.53867 6.51311 6.46667 6.45965 2*0 5.15825 4.94824 4.96292 4.88015 4.97755 4.89724 4.89756
  5.02464 5.12558 5.88287 6.02002 4.98768 4.81961 4.57559 5.15664 5.49519 5.59009 5.57447 5.30728 5.47714 5.60409 5.56786 5.51163
  5.22899 5.33205 5.49924 4.73877 3.73168 3.7094 3.64866 3.58839 3.50805 3.43939 3.37924 3.37584 3.49299 3.61041 3.81299 133*0
  72.188 72.207 72.2228 72.2842 72.3189 72.3326 72.3487 72.3603 72.3993 72.4255 72.4539 72.5805 72.614 72.6861 72.7497 72.8916
  73.0069 73.0653 73.3908 73.468 73.8334 74.4046 74.008 74.0831 74.0468 74.2659 74.3572 74.5513 74.6956 74.7513 74.8712 75.1451
  75.2467 76.4486 3*0 74.4716 74.5114 74.3805 74.4356 74.562 74.6017 74.6522 74.6719 74.685 76.4986 76.8773 77.2345 77.8423 78.3045
  78.9608 78.617 5*0 75.0458 74.9257 75.0307 74.9573 74.969 74.9455 74.9332 74.9191 75.5852 77.2868 77.7465 77.8807 76.8441 76.6698
  76.5629 76.2082 75.6884 74.9209 75.1148 74.7528 74.5377 74.5131 74.4644 74.4249 74.4095 74.2715 74.2441 74.1583 74.0614 74.1035
  74.4285 75.0578 57.6774 11.8958 6.45505 6.89618 6.6691 6.56384 5.7351 5.45511 5.2587 5.09532 5.20988 5.09911 5.05108 5.32606 2*0
  32*0 5.92516 6.38388 6.50626 6.1626 5.83043 5.89336 6.1868 2*0 5.13115 4.84094 4.79733 4.82581 4.789 5.53404 5.85551 5.53181
  5.04972 4.92708 5.03833 5.79894 5.20792 4.57132 5.08566 5.42015 5.42991 5.45281 5.42963 5.36589 5.26761 5.1538 5.01684 5.03173
  4.85386 4.71503 4.59808 3.97648 3.66975 3.65267 3.52569 3.345 3.37729 3.40163 3.36177 3.41016 136*0 72.2466 72.2093 72.248 72.3002
  72.3301 72.3416 72.3553 72.3759 72.4142 72.4326 72.5174 72.6028 72.6457 72.8152 72.8157 72.9656 73.041 73.1367 73.2798 73.6871
  73.9348 74.2474 74.0605 74.1379 74.2581 74.3831 74.4935 74.6263 74.7756 74.8459 75.0784 75.2365 75.3302 76.4861 3*0 74.5243
  74.5441 74.5035 74.5847 74.6866 74.6638 74.6847 74.7096 75.011 76.2212 77.1337 77.21 77.9709 78.3418 78.0921 77.7778 78.3376 2*0
  0 75.2028 75.1512 75.1543 75.1758 75.2109 75.1998 75.167 75.1137 75.5076 77.0047 78.9697 79.3355 78.6967 77.3085 76.8355 76.6033
  75.9454 75.0296 74.9666 75.094 74.6864 74.7264 74.7449 74.6773 74.4526 74.4233 74.3057 74.223 74.2198 74.2172 74.1246 70.3589
  22.8042 7.15741 6.90252 6.74579 6.45915 6.76234 5.8179 5.54063 5.37778 4.9531 5.29317 5.17202 4.69733 4.44756 36*0 6.47093 6.4681
  5.93316 5.71379 5.95296 5.77283 2*0 4.75846 4.73553 4.70188 4.6619 4.61393 5.53696 6.02803 5.66193 5.18999 5.04215 5.03688 5.08171
  4.56596 4.5224 5.1574 5.3608 5.31958 5.28828 5.30532 5.29449 5.07735 4.79178 4.68296 4.08632 4.07448 3.96736 3.6459 3.3385 3.2757
  3.3775 3.26295 3.11627 3.19357 140*0 72.2175 72.2767 72.3145 72.3355 72.3535 72.359 72.3954 72.4242 72.4477 72.578 72.6137 72.688
  72.8503 72.9018 73.014 73.0758 73.2147 73.4276 73.796 73.877 74.4773 74.1669 74.1892 74.2751 74.3546 74.4235 74.6173 74.8189
  75.0331 75.2205 75.5428 76.0622 75.47 75.1569 75.2241 4*0 74.3897 74.6688 74.6908 74.7292 74.7919 76.1917 77.0956 77.6714 77.754
  77.8616 77.9979 77.7297 77.7271 78.5164 79.7487 78.5685 75.0762 75.1907 75.2106 75.174 75.2332 75.278 75.2656 75.2548 75.2443
  77.3553 79.7491 79.6391 78.2566 76.4152 76.5822 76.5577 76.2906 75.5975 75.3065 75.2223 75.1891 75.2239 75.085 74.9972 75.1919 2*0
  74.4234 74.418 0 74.4357 74.4114 23.6356 0 7.81654 7.64347 7.24429 7.02641 6.87404 6.49446 5.87903 5.61101 5.5181 5.06566 4.76366
  4.57293 4.47398 4.46754 32*0 5.59545 3*0 6.412 5.87526 5.53754 5.08215 4.8744 4.81398 4.73358 4.70563 4.65994 4.58672 4.53798
  4.5299 5.02964 5.22858 5.10423 4.96579 4.94218 4.899 4.69301 4.48394 4.48646 4.8324 5.34681 5.19734 5.16879 5.08224 5.20525
  5.09891 4.80658 4.39237 4.11108 3.98332 3.862 3.34905 3.36778 3.28668 3.30005 143*0 72.2343 72.2931 72.3267 72.3354 0 72.3699
  72.4112 72.4311 72.4995 72.601 72.6437 72.7173 72.9211 72.9689 73.0438 73.3735 73.4331 73.7102 73.8222 73.8671 74.0328 74.1499
  74.2006 74.3813 74.5884 74.5809 74.6748 74.8612 75.1895 75.3166 75.2514 75.5707 75.129 75.5561 75.5691 2*0 74.3722 74.404 74.5504
  74.7009 74.747 75.3073 76.3956 77.1511 77.424 77.8912 78.0745 78.0362 78.0469 77.947 78.28 79.2613 80.2653 78.507 76.4854 75.2047
  75.2135 2*0 75.4689 75.4548 75.4004 76.6722 78.3631 80.0222 78.5844 76.0249 75.6318 75.9004 76.572 76.7426 75.7499 75.5322 75.4159
  75.4477 75.5796 75.546 75.4172 14*0 6.26495 5.94876 5.76899 5.68061 5.58897 5.5143 4.95529 4.57647 4.4886 4.4968 32*0 5.46907 2*0
  5.38868 5.36029 4.97423 4.84853 4.74268 4.71609 4.70314 4.66787 4.59612 4.52737 4.46921 4.4109 4.66116 4.85582 5.09616 4.91339
  4.94197 4.99969 5.00886 4.84112 4.7405 4.44411 5.06587 5.2983 5.04356 5.00335 5.05965 5.1468 5.08113 5.00438 4.12709 3.94364
  3.90088 3.78879 3.40966 146*0 72.3031 72.3036 3*0 72.3871 72.4211 72.4406 72.5626 72.6102 72.8577 72.8487 72.9949 73.1278 73.3012
  73.4077 73.4988 73.796 73.867 73.9274 74.0497 74.2578 74.5103 74.544 74.5684 74.8724 74.5792 74.8299 75.1001 75.1584 75.0158
  74.9041 74.9646 75.0581 74.9819 74.5607 74.6205 74.5704 74.638 74.7096 74.7652 76.3071 77.1348 77.4727 77.554 77.6375 77.7953
  77.9636 77.9443 78.2286 78.3436 79.2366 80.3994 80.4401 79.9939 77.2365 74.9928 3*0 75.7748 75.6008 75.5935 75.9807 77.7086 0
  75.6329 75.6061 76.1395 75.8514 77.5744 76.4571 75.8976 75.8849 76.1371 76.0424 75.9211 75.6404 3*0 74.4227 11*0 5.80859 5.99603
  5.85456 5.708 5.60232 5.51425 5.25411 20*0 3.89306 3.8979 15*0 5.30261 5.31198 2*0 4.70269 4.68641 4.64511 4.59576 4.52601 4.46395
  4.41756 4.36581 4.32645 4.68583 4.72767 4.69356 4.64129 4.67036 4.84598 4.91245 4.80166 4.70764 4.3749 4.57551 4.79331 4.81473
  4.9217 5.01424 4.82981 4.77021 4.94079 4.14612 3.92063 154*0 72.4061 72.4282 72.4765 72.5943 72.629 72.7083 72.7991 72.9582
  73.1585 73.1302 0 73.471 2*0 74.5166 74.7422 2*0 75.1907 74.5453 74.7356 0 74.3538 0 74.5507 75.0456 74.8912 74.8674 74.7276
  74.4818 74.6578 74.6945 74.6671 75.7187 76.3878 76.6701 77.4153 77.5352 77.6692 77.9453 78.0019 78.159 78.3451 78.3592 78.4087
  78.8541 79.7626 80.5478 80.6067 80.5153 0 81.5894 77.6138 77.62 77.5959 76.6499 75.7311 75.69 75.5361 8*0 76.4461 76.3911 76.2867
  77.3632 76.0968 17*0 5.50119 5.82457 5.71114 5.53132 5.13274 17*0 4.01583 3.97023 3.89064 3.88662 3.88615 3.89066 15*0 5.38446
  5.28605 5.28163 0 4.64211 4.60333 4.53956 4.45801 4.40837 4.38248 4.32942 4.30113 4.33098 4.47759 4.61358 4.57662 4.63275 4.61392
  4.49354 4.43794 4.33954 4.19424 4.20742 4.16178 4.1538 4.32977 4.81201 4.81397 4.98638 161*0 72.6097 72.6572 72.731 72.8531 73.005
  73.0627 73.205 73.3963 73.4701 2*0 74.5631 0 74.4595 74.4394 74.7465 74.6306 74.9752 74.6997 2*0 74.0687 74.1953 74.3522 74.3889
  74.4533 74.5945 74.6381 75.0185 76.3449 77.0268 77.1779 77.3739 77.5173 77.7524 77.9651 78.0847 78.1549 78.392 78.5547 78.5679
  78.4237 79.1508 80.1037 79.238 80.6638 80.7469 79.8371 79.4165 79.4905 78.9893 77.849 77.614 76.5008 75.9004 15*0 75.8964 16*0
  5.35972 5.72295 6*0 5.41063 5.32991 9*0 4.06192 4.0152 4.00492 3.9943 3.9251 3.88029 3.87852 3.88229 14*0 5.34561 5.34632 5.25893
  5.15721 4.62168 4.57353 4.51513 4.43431 4.39098 4.35944 4.28601 4.23629 4.1885 3.99471 4.40205 4.36213 4.3339 4.43172 4.50966
  4.20812 4.1952 4.11427 4.08859 4.07993 3.99634 171*0 73.1157 73.2656 73.427 73.4921 73.6066 73.7428 74.1986 74.3852 74.2923
  74.4218 74.6401 75.0178 75.1526 75.1132 2*0 74.3025 74.386 74.4007 74.4577 74.6552 74.6199 74.6657 75.9148 76.3942 76.9461 77.3253
  77.4307 77.674 77.9393 78.1243 78.2759 78.4519 78.5754 78.592 78.3165 77.3951 75.1892 76.4573 76.4671 76.4733 79.512 79.7527
  79.8474 79.53 78.5522 78.148 77.9345 77.1125 40*0 5.66221 5.56033 5.47375 7*0 3.95835 3.96621 4.03978 3.99968 3.98983 3.86299
  3.96822 3.87677 3.87597 15*0 5.28642 5.2893 5.28434 5.27557 4.57744 4.5153 4.42158 4.36426 4.31568 4.22621 3*0 4.74389 4.71641
  4.66339 4.19225 4.31163 4.31621 4.17888 175*0 73.0747 73.1744 73.3328 73.4613 73.5037 73.5876 73.6621 74.0363 74.1739 74.2915
  74.3755 74.7217 75.0436 75.393 0 74.3392 74.3757 74.715 74.8636 75.381 75.6699 75.9809 75.9225 76.0579 76.5006 76.7467 76.8409
  76.9736 76.7982 77.338 77.978 78.1687 78.371 78.5047 78.6639 78.734 77.7777 78.0783 78.127 78.1753 78.1544 79.0231 80.151 80.2257
  80.2059 80.1964 79.9441 78.0276 77.9997 4*0 79.6539 79.6546 80.785 80.5997 80.5287 31*0 5.67075 5.73406 5.58983 6*0 4.08828
  4.05269 4.05014 4.06422 4.05181 3.99851 3.97809 3.9649 3.95006 3.90745 14*0 5.25134 5.26524 5.24192 5.23659 5.23391 5.22581
  4.47214 4.47772 4.32927 4.28073 4.21953 0 4.00905 3.99501 0 4.66285 4.63863 180*0 73.0981 73.2265 73.4031 73.4854 73.5325 73.6123
  73.6938 73.9853 74.1269 74.204 74.2568 74.4204 75.0936 74.7136 74.7489 75.0665 74.9651 75.1687 75.6037 75.7564 76.0863 76.4747
  76.8056 77.0542 76.768 76.8861 76.6478 75.5741 76.1313 78.2348 77.6308 78.2414 78.3329 78.5104 78.8081 79.2981 79.2147 78.7308
  78.8116 78.8402 79.6602 80.4182 81.0063 80.0034 80.3333 79.3027 78.1476 78.0858 78.0334 3*0 81.934 79.6248 80.0064 81.06 80.7415
  80.6123 31*0 5.68652 5.744 6*0 4.12246 4.09349 4.0734 4.06397 4.05923 4.13567 3.99699 3.9664 3.95973 3.95535 3.93882 14*0 5.08499
  5.18574 5.1446 5.1292 5.11322 4.74762 2*0 4.27897 4.22115 4.20759 4.02154 4.05957 4.06095 183*0 73.1576 73.3061 73.4373 73.4975
  73.5606 73.6398 73.9906 74.0706 74.1038 74.1221 74.295 74.4212 74.8154 75.2374 75.3115 74.9373 74.6578 74.9521 75.6914 75.8236
  76.1197 76.3261 76.735 76.7846 76.9202 77.02 76.3362 77.1919 75.2988 79.1497 78.0421 77.912 78.3135 78.8446 79.188 79.8519 79.7478
  79.8719 79.2925 79.6474 80.9347 80.9145 81.6616 80.7984 79.4737 78.4597 78.4518 5*0 82.0414 81.5477 81.5139 81.2267 81.0355
  80.8322 79.3834 29*0 5.95547 5.77789 6*0 4.1524 4.13095 4.09307 4.06935 4.06086 4.05419 4.04166 4.02741 3.99604 3.99694 4.02299 0
  10*0 4.55868 4.95117 5.04991 4.50432 4.86192 5.06393 4.94484 4.33423 7*0 4.07294 188*0 73.5089 73.5752 73.6515 73.7045 74.0628
  74.0741 74.1961 74.498 74.9002 75.1682 75.3391 75.0186 74.6411 74.7379 74.7924 74.9027 75.5098 75.8857 76.5464 76.4762 76.382
  76.1983 75.9653 76.1103 77.2772 78.5529 77.5936 78.477 78.6217 78.8818 78.9355 79.626 79.5884 79.8791 79.4035 79.7611 80.6509
  81.134 80.4144 79.7896 78.5042 78.5249 78.4916 6*0 80.8982 81.4117 81.6243 81.4808 81.2623 81.0367 80.8138 80.1774 42.369 36.7934
  12*0 7.13087 6.87612 6.77122 10*0 6.26054 6.06209 5.95773 4*0 4.07932 4.19616 4.16021 4.13417 4.09648 4.06447 4.05606 4.0488
  4.04015 4.02206 3.99595 13*0 4.82974 4.82722 4.8125 0 4.34141 4.33806 197*0 73.4917 73.503 73.5761 73.649 73.6876 74.1663 74.4828
  74.7685 74.9473 75.0148 75.2513 75.4274 74.5635 74.6851 74.7419 74.8413 74.8351 74.8094 74.964 74.7956 75.341 75.4801 75.7445
  76.1517 77.1926 77.8239 77.8658 78.7444 78.3197 78.2049 78.894 79.145 79.4506 79.7543 79.0977 79.1137 80.0383 81.2076 80.8275
  80.3941 80.4776 79.3868 78.6804 6*0 79.298 80.1509 81.4835 81.9243 81.7155 60.6543 47.0647 16.5716 12.6202 11.731 5*0 10.1282
  9.71616 4*0 7.70898 7.33966 7.48568 7.26188 6.8286 9*0 6.60888 6.36598 6.12043 5*0 4.32021 4.21508 4.16639 4.13661 4.10035 4.06408
  4.05502 4.04956 4.03927 4.02985 4.04992 18*0 5.02784 197*0 73.4992 73.5153 73.5928 73.6026 74.3271 74.7395 74.9325 74.9821 75.0781
  75.2868 75.0902 74.8315 74.5797 75.0922 75.2246 75.355 75.1036 75.2042 75.4735 75.7265 76.4043 76.7645 77.173 77.3765 77.7752
  78.1836 78.4782 78.25 78.236 78.3555 78.7302 79.3898 80.1888 80.003 79.7188 79.7322 79.8149 80.1766 80.7547 80.6771 80.8949
  80.6463 3*0 79.8857 79.868 2*0 56.9757 26.6109 12.7208 27.853 13.6458 12.8736 13.224 13.0992 12.659 11.5388 9*0 8.52138 8.45329
  8.32769 8.30179 8.13626 7.88679 7.58217 6.77819 7*0 6.80504 6.66836 6.50731 6.39879 5*0 4.37892 4.23505 4.17196 4.14235 4.12696
  4.07996 4.05644 4.0745 4.16557 18*0 4.33097 200*0 73.5658 73.3944 73.9086 74.7226 74.847 75.0524 75.0898 74.6408 74.4648 74.6192
  74.7078 74.9385 75.5685 75.7683 75.7853 76.0158 76.0679 75.9825 76.7327 77.2814 77.4284 77.528 77.5271 77.8565 77.4603 65.233
  54.8312 48.7842 61.7153 72.6967 78.7393 79.0514 78.6007 74.6543 62.2714 56.584 60.4729 60.0816 78.8464 4*0 11.7419 11.702 11.6549
  0 8.16245 10.3994 13.4263 13.4637 12.9246 12.8195 12.7009 12.5525 12.365 11.6931 11.6385 11.514 8*0 8.67338 9.18715 8.73393 8.5097
  8.19378 7.98911 7.64886 6.75555 7*0 6.8286 6.706 6.53652 6*0 4.41552 4.26501 4.20157 4.16013 4.1298 4.10145 4.05647 222*0 73.7188
  74.1624 74.549 74.7607 74.8002 74.5165 74.3807 74.3565 74.4502 74.5062 75.3254 75.4762 75.7491 76.0416 76.2405 76.4025 76.677
  77.015 68.5998 51.1337 40.592 24.5767 18.0728 10.0761 10.2564 10.1988 10.7234 11.3669 11.4911 11.0882 10.5802 10.7808 11.0508
  10.9307 11.021 11.1656 6*0 11.9517 11.9269 11.8833 0 8.16033 9.94354 14.1841 13.3174 13.136 12.8698 12.791 12.7174 11.8585 11.3433
  11.8637 5*0 9.85457 9.59266 9.43239 8.91508 9.20277 9.16822 8.85304 8.56715 8.29839 8.00348 7.36245 6.80497 5*0 5.96583 5.999
  5.92439 6.00357 9*0 4.40074 4.21781 4.28859 14*0 4.52524 4.62003 4.73445 4.88771 206*0 73.4369 74.0602 74.5005 74.6742 74.5357
  74.3253 74.201 74.0271 74.0455 75.808 75.5361 75.5264 75.8255 76.1649 76.3148 51.0488 35.5589 11.7794 9.08409 9.30381 9.571
  9.76282 9.91172 10.0195 10.2064 10.605 11.464 11.2993 11.41 11.1982 10.4781 11.0843 10.7432 11.1762 12.4864 12.5043 7*0 12.0258 0
  2*0 13.6621 13.8912 13.1963 13.1289 13.0131 12.5942 12.0799 12.0516 6*0 10.1641 10.007 9.81975 9.69584 9.65384 9.54485 9.26516
  8.96419 8.65325 8.32258 7.66554 7.34495 6.55259 6.52103 2*0 6.4928 6.31057 6.32393 6.01488 5.88983 26*0 4.28614 4.36062 4.42016
  4.46475 200*0 73.6859 3*0 74.4462 74.4485 74.5416 74.7343 3*0 74.1745 74.2518 74.0879 74.0418 74.3397 76.1071 75.8075 75.5294
  75.9641 75.6859 22.3003 8.34067 8.56085 8.85653 9.09432 9.39385 9.60124 9.77434 9.8149 9.57484 10.1535 10.2673 11.1386 11.4707
  11.5134 11.2481 10.5212 10.7007 10.8607 11.7395 12.8327 10*0 10.5409 10.4995 13.8391 13.9335 12.9549 12.5601 12.1641 11.8791
  11.909 2*0 9.2892 9.16995 8.86227 2*0 10.8068 10.0923 9.9055 10.1897 9.85785 9.4608 8.76633 8.37469 8.51855 8.31731 7.67651
  7.46665 6.99122 7.57448 0 6.52918 6.30776 6.24399 6.39429 6.03591 5.92447 230*0 73.6986 2*0 74.3666 74.4715 74.6255 74.756 74.9593
  75.1408 2*0 73.7261 74.0852 74.028 74.132 74.3433 76.145 75.8296 75.6642 51.2587 14.289 8.18593 8.23172 8.34787 8.7523 8.88671
  9.47061 9.62648 9.80343 9.72895 9.66982 9.81483 9.8469 10.2376 11.438 11.6588 11.2957 10.6956 10.8282 11.1769 12.9052 8*0 12.2682
  11.4013 10.7435 10.6614 10.5511 10.5019 3*0 12.3557 12.3856 11.8062 2*0 9.34939 9.23799 8.96149 9.03329 2*0 10.6598 9.94754
  10.3098 9.94634 9.04062 9.35958 9.07364 8.89975 8.96907 7.72829 7.71749 7.47854 7.34725 0 6.28648 6.44958 6.28604 6.34809 6.02325
  6.08079 6.00404 231*0 74.1063 74.377 74.4809 74.695 74.7653 75.0388 75.1956 75.4057 75.6922 0 73.8348 73.8928 74.2643 74.3626
  74.4201 64.8487 21.1667 7.37065 7.80711 7.91554 8.11135 8.42224 8.79367 8.66261 9.0369 9.59875 9.77954 9.5044 9.57168 9.67282
  9.79572 10.1289 10.9581 11.7171 11.7621 11.712 11.2088 4*0 9.42665 3*0 10.8445 11.6915 12.0906 11.4625 10.8102 10.7695 11.5475
  11.5583 4*0 10.0744 3*0 9.39089 9.26147 8.93031 9.22315 2*0 10.0668 9.76532 9.7294 9.3751 9.58718 9.38634 9.22387 9.17121 9.37217
  9.0271 8.6882 8.36717 7.28582 6.37464 6.13835 6.10149 6.52843 6.47841 6.09572 6.06689 6.0359 5.98076 229*0 74.0709 74.296 74.3993
  74.4969 74.7257 74.8018 75.0647 75.2237 75.4751 75.8556 3*0 74.2951 74.3847 42.5254 8.83913 6.97088 7.05716 7.65683 7.86329
  8.22489 8.36361 8.49778 8.93143 9.21609 9.73421 9.34724 9.32864 9.57909 9.74465 9.97129 10.2476 11.2363 11.7209 11.817 12.014 2*0
  3*0 9.4573 3*0 11.3063 11.6499 12.4346 11.4753 10.8665 10.8707 12.1964 12.2577 9*0 10.632 10.7007 10.4259 11.1223 10.5687 10.1361
  9.95871 9.55266 9.93133 9.63353 9.51018 9.46297 9.47795 9.40216 9.0734 8.51955 8.03748 7.13047 7.06298 6.14441 6.08786 6.06341
  6.03823 0 6.11198 6.03944 5.98433 5.89368 228*0 27.0233 59.0159 74.4812 74.5918 74.7554 74.8345 75.0754 75.2586 75.5555 76.1195 0
  3*0 17.6302 6.67204 7.21652 7.12032 7.10005 7.68823 7.97191 8.48323 8.64954 8.69796 8.93809 9.2651 9.57671 9.55643 9.52141 10.0836
  10.5591 10.7853 10.9399 11.651 11.7686 12.35 3*0 15.3115 15.4111 10.8521 10.8787 10.9148 10.9283 0 12.4375 12.4409 2*0 10.8394
  11.9919 12.481 13.9083 13.8452 4*0 13.1443 12.1477 11.4834 10.7415 10.6686 10.4981 10.3105 10.5641 10.4185 10.2992 9.81652 9.70941
  9.89485 9.88431 9.71073 9.45388 9.25342 8.79597 8.56943 8.18729 7.91346 7.34464 7.24179 7.06442 6.96782 6.88261 233*0 5.80767
  5.92556 6.0499 14.9415 39.5997 58.0653 72.9737 75.2355 75.5489 6*0 6.10093 6.69574 7.07978 7.11056 7.15053 7.70631 8.22801 8.51618
  8.5577 8.7247 8.95826 9.20599 9.48167 9.81509 10.7564 11.1537 11.3698 11.3942 11.4462 11.6478 11.7348 4*0 15.3295 15.4124 10.8487
  10.883 8*0 14.429 12.0382 12.1678 12.1614 13.8016 2*0 12.3673 12.2755 11.9544 11.4428 11.205 10.8796 10.5061 10.2669 10.1702
  9.6228 10.013 9.95091 9.95037 10.4163 10.3247 9.85327 9.42115 9.07469 8.79078 8.57368 8.40217 8.1326 7.54791 7.30597 7.16055
  7.25813 6.83929 15*0 4.52628 216*0 5.64518 5.79195 5.92943 6.0527 6.17342 6.33829 6.58456 6.83834 10*0 7.09036 7.85111 7.87984
  8.02367 8.47549 8.68231 8.90307 8.99399 8.99954 9.2197 9.78344 10.0463 10.3712 11.1282 11.1549 10.7379 10.5193 10.4229 17*0
  14.4611 14.4208 11.9475 11.2093 11.0929 11.9114 12.9372 12.7036 12.9292 12.302 11.8188 11.6909 11.8918 11.0758 10.606 10.225
  9.5013 9.42119 9.99084 10.4111 10.7985 10.2603 9.708 9.43546 9.00459 8.71906 8.65255 8.24327 7.9264 7.56914 7.43197 7.29472
  6.78115 14*0 4.69349 4.63716 4.56292 216*0 5.67501 5.79334 5.93324 6.05287 6.1722 6.40073 12*0 9.56638 9.03086 8.74851 8.4727
  8.74872 8.97308 9.12543 9.36352 9.53288 9.80846 10.0023 10.1268 10.4609 10.3844 10.5928 10.6178 10.4005 9.83091 8.99931 16*0
  14.4794 14.4201 12.3482 11.1877 10.482 10.5486 12.592 13.1976 13.0985 12.3258 11.4451 11.3438 11.1937 10.8426 10.5091 10.3226
  9.70689 9.76015 10.0667 10.3473 10.5936 9.54901 9.53328 9.00923 8.81705 8.64824 8.18401 8.04176 7.95014 7.62623 7.20845 6.86646 0
  14*0 4.77305 219*0 5.79882 5.93465 6.05258 6.18694 13*0 10.0198 9.16669 8.9267 9.1793 9.04546 9.02881 9.23393 9.5515 9.58752
  9.64686 9.9036 10.0869 10.1897 10.2481 10.5382 10.5486 10.1957 9.29576 9.20242 12*0 8.68726 8.70394 5*0 9.27726 10.3912 11.8316
  12.5408 13.1842 13.0976 12.5662 11.5532 11.1859 11.028 10.7751 10.8214 10.4954 10.3402 10.0406 10.7175 10.0308 9.48411 9.27692
  8.97452 8.8324 8.51732 8.28707 7.94329 7.63307 7.47522 7.27383 7.0409 7.13997 253*0 9.28155 9.26668 9.52356 9.41751 8.94019
  9.33814 9.55027 9.78325 9.71129 9.90311 10.1279 10.1469 10.2621 10.4989 10.345 9.93235 8.87908 9.19885 5*0 8.10898 8.26023 8.36229
  10*0 8.41476 10.6187 11.8977 12.0734 13.3519 13.1613 13.0059 12.7785 11.858 11.7442 11.3012 11.2725 10.6085 10.3236 9.99924
  10.4417 9.83806 9.5774 9.10909 8.88681 8.81615 8.67532 2*0 8.29151 7.64116 7.36734 6.95824 6.763 254*0 10.7415 10.3703 10.0666
  9.43537 8.85984 9.30187 9.56427 9.84063 9.86768 9.94249 9.80735 9.85614 10.0273 10.2549 9.80518 10.2435 10.2425 6*0 8.09923
  8.20179 8.33095 4*0 12.6465 12.6466 12.6463 0 12.522 12.4405 10.2175 11.1338 12.0471 13.0242 13.278 13.1297 12.9416 12.6124
  11.9921 11.1568 10.9608 10.8872 10.7475 10.2587 10.3004 10.0085 9.42547 9.3957 8.83366 8.30453 8.04409 7.26012 2*0 8.24946 7.40554
  7.07702 6.90652 6.16277 6*0 6.48375 6.60463 247*0 10.922 10.8054 10.2188 9.4725 9.19602 9.37502 9.62275 9.47093 9.35906 9.49058
  9.58747 9.73301 9.55236 9.79632 10.2598 10.6494 6*0 8.09985 4*0 12.4911 12.5619 12.5979 14.0676 12.587 12.5415 12.4609 12.4137
  10.8334 10.6189 13.0567 13.4049 13.2069 13.0769 11.8207 11.3766 11.3262 11.1614 11.0138 11.0522 10.7553 9.8388 9.59064 9.153
  8.78737 9.37501 9.50955 7.85964 7.62599 7.41251 7.07617 2*0 7.02124 7.13667 6.31897 6*0 6.67627 6.40871 230*0 5.9368 6.01263 2*0
  15*0 11.1121 9.55359 9.8789 10.0432 10.0519 9.42859 9.0955 9.45842 9.40703 9.59088 9.51033 9.51645 10.0365 10.1519 8.72576 10*0
  12.4201 12.4384 12.4803 14.6422 14.5339 14.5311 13.3962 12.4039 12.3199 12.2359 12.181 13.4556 13.2892 13.1324 11.9718 9.43928
  11.3008 11.1699 10.996 10.6664 10.4987 10.7101 9.71443 8.4995 8.18737 8.07401 8.74835 7.95304 7.85314 7.58397 7.40539 260*0
  7.97023 8.12394 8.3151 7.71706 8.71064 8.27133 9.70385 9.92511 9.70788 9.37754 9.26429 9.30058 9.39019 9.20595 9.82605 9.84012
  8.634 7.95629 10*0 14.7809 14.4475 14.3986 14.3284 14.3418 14.3184 13.3805 12.1275 11.8165 11.8139 12.0197 12.6258 12.6724 12.1938
  10.4427 10.1386 11.2755 11.2186 10.0346 8.92756 10.3555 9.58609 9.44974 8.36984 8.09682 8.06384 7.93601 7.92543 7.77553 7.41553
  7.16903 259*0 7.1287 7.15272 7.31777 7.47962 7.67145 7.67271 8.01006 8.02726 9.43457 9.28925 9.14159 8.97219 9.09095 9.00827
  9.18786 9.1572 7.60772 7.84978 7.75601 7.82233 8*0 14.9994 14.7919 14.2426 14.2617 14.2527 14.2661 13.7025 11.3842 11.6923 11.6796
  11.6605 11.3683 11.652 11.5219 13.1528 13.6659 11.2374 11.6783 11.4936 10.5721 5*0 8.09928 8.04043 7.87893 7.79332 2*0 6.62135
  6.55825 258*0 7.10514 7.13764 7.32793 7.14997 7.04308 7.04442 7.6845 8.37833 8.81666 8.70313 8.76777 8.85249 8.84658 9.12918
  9.57843 7.20675 7.41257 7.66729 7.73743 8*0 14.8221 14.8828 14.8961 14.4306 14.1937 14.2253 14.1713 12.4577 11.8344 11.2751
  11.8797 13.4238 13.6293 12.1085 12.853 14.3041 15.2282 12.8478 8*0 8.09175 8.00767 7.83905 3*0 6.62461 6.5576 6.38401 6.16117
  6.15848 6.11327 254*0 7.13216 7.1108 7.00279 6.72058 6.87604 6.99764 7.24781 7.6143 7.8109 8.18421 8.57072 8.60339 8.36389 8.22971
  8.87709 7.20224 7.30961 7.55663 8*0 14.5496 14.6343 14.7269 14.8164 14.312 14.0386 14.1656 13.7336 13.5165 11.9472 11.9167 14.0377
  13.8874 13.8458 11.6058 9.23511 8.05492 11*0 7.97231 3*0 6.68699 6.60463 6.45276 6.29296 6.13961 245*0 6.38615 6*0 6.63066 7.16008
  6.89088 0 7.67854 6.89436 6.54473 6.21345 6.43642 6.56235 6.99488 7.11891 7.24495 7.35612 7.92735 7.8401 6.93504 7.09266 9*0
  14.0341 14.1661 14.3445 14.456 14.5044 14.5793 14.7687 14.3519 14.0069 13.4858 13.1432 12.7144 0 15.5285 14.9039 13.8011 13.6829
  12.8902 15*0 6.86661 6.82392 6.65985 6.58362 6.56378 246*0 5.94419 6.08727 6.35863 4*0 7.48416 7.43767 7.6673 7.97904 7.9284
  6.05092 6.07997 6.15225 6.19839 6.3462 6.54218 6.57386 6.62703 6.55492 6.82298 7.01134 6.9495 7.01638 7.02403 7*0 14.1405 14.3012
  13.9831 14.0842 14.1438 14.3262 14.4541 14.8605 15.4855 15.5155 15.0598 15.5163 15.4835 15.4704 15.4723 15.4391 15.4202 15.3739 0
  12*0 9.44114 7.8692 7.21603 6.59129 6.52744 6.46138 6.65995 248*0 5.95165 6.01379 6.30799 2*0 6.75945 6.87627 7.16583 7.40541
  7.56647 7.8366 7.37817 6.02475 6.0713 6.12184 6.61803 7.13057 6.51142 6.57273 6.42231 6.50808 6.6351 6.67883 6.82619 6.88588 2*0
  2*0 7.55944 7.50769 7.56353 11.2774 12.9353 14.0484 14.2172 14.0472 14.0862 14.1492 14.24 14.3576 14.9991 14.8363 14.8364 14.8404
  15.4084 15.3975 15.3862 10*0 13.8606 13.5798 13.4702 13.2818 0 10.0578 8.16111 8.03604 7.59752 6.54766 252*0 5.96153 3*0 6.62307
  6.78166 7.0749 7.22742 7.23673 6.86796 5.87054 5.98766 6.06251 6.46867 7.1299 8.01983 8.56619 7.76892 6.89296 6.47849 6.5776
  6.57578 6.76236 6.85996 6.9076 7.07598 7.23478 7.17798 7.3219 7.35873 7.45076 8.63209 7.18386 2*0 13.9982 13.6294 13.6577 13.3012
  12.7195 15.3448 14.724 14.5949 13*0 14.017 13.6179 13.5011 11.4249 11.4918 9.45076 8.00276 8.51751 255*0 5.14098 5.23434 5.29504 0
  7.02052 6.7648 7.52417 0 6.59624 6.3516 6.21815 6.49121 6.68379 6.90813 6.50999 7.98888 7.11963 6.37489 6.42949 6.46237 6.53767
  6.6472 6.69598 6.87233 6.88133 6.96361 7.11206 7.13624 7.24305 7.31172 7.3892 7.15806 7.06436 4*0 12.6494 13.8372 14.3801 279*0
  5.13675 5.18607 5.26993 5*0 5.66741 6.08516 6.33597 6.44757 6.62362 6.48886 6.10246 6.05054 6.11793 6.28732 6.40639 6.63021
  6.50646 6.62245 6.66701 6.74676 6.8949 6.88077 6.93917 7.04578 7.13375 7.26168 7.30512 6.88648 6.90465 294*0 5.58598 5.96911
  6.2949 6.37018 6.559 6.44737 6.07819 6.07507 6.05857 6.64957 7.09962 7.07047 6.81313 6.62179 6.63658 6.61991 6.64645 6.78234
  6.89239 7.01179 7.12022 7.14729 6.77679 6.85792 292*0 6.09436 5.84421 5.64554 5.69466 5.8818 6.22146 6.32376 6.53166 6.51079
  6.07097 6.10083 6.94404 7.14071 7.06611 7.04007 6.80138 6.42352 6.45905 6.52864 6.56353 6.64819 7.23196 6.99874 7.1309 7.22386 2*0
  291*0 5.36961 5.90383 5.67544 5.72488 5.81252 6.14726 6.2452 6.32675 6.31606 6.34785 6.04547 6.08098 6.88585 7.09759 7.00487
  6.67843 6.19056 6.0825 6.11622 6.16964 6.19775 6.22237 298*0 5.73019 5.62406 5.69345 5.77674 6.16288 6.19888 6.14449 6.17838
  5.89843 6*0 6.03533 6.07287 302*0 5.66589 5.61918 5.6748 5.74046 5.89655 6.02144 6.04132 5.96075 5.76341 311*0 6.05843 2*0
  5.77334 5.86696 5.95978 5.69863 5.73046 308*0 5.1452 5.18511 5.27858 5.35489 4*0 5.6502 5.68924 310*0 5.15268 5.23657 5.31801
  5.37737 24471*0 7.91411 5669*0 14.4755 22469*0 /
